시군구코드,시도,시군구,신재생_발전량_MWh,신재생_점수,신재생_출처,신재생_추정,신재생_배분_신뢰도,신재생_배분_근거,신재생_방법의존,신재생_발전량_대체배분_MWh,신재생_점수_대체배분,신재생_발전량_대형발전소반대귀속_MWh,신재생_배분_비율,신재생_배분_대체비율,신재생_기준연도
11110,서울,종로구,7041.0,0.17743751730845594,KEA 시군구 직접,False,,,False,,0.17743751730845594,,,,2024
11140,서울,중구,3463.0,0.08893734781845157,KEA 시군구 직접,False,,,False,,0.08893734781845157,,,,2024
11170,서울,용산구,3476.0,0.08940461250580885,KEA 시군구 직접,False,,,False,,0.08940461250580885,,,,2024
11200,서울,성동구,12202.0,0.2460191266576047,KEA 시군구 직접,False,,,False,,0.2460191266576047,,,,2024
11215,서울,광진구,13049.0,0.2543900721238405,KEA 시군구 직접,False,,,False,,0.2543900721238405,,,,2024
11230,서울,동대문구,14511.0,0.26763609826695917,KEA 시군구 직접,False,,,False,,0.26763609826695917,,,,2024
11260,서울,중랑구,12125.0,0.24522952316176372,KEA 시군구 직접,False,,,False,,0.24522952316176372,,,,2024
11290,서울,성북구,9575.0,0.21577904776751136,KEA 시군구 직접,False,,,False,,0.21577904776751136,,,,2024
11305,서울,강북구,8012.0,0.19355075831374832,KEA 시군구 직접,False,,,False,,0.19355075831374832,,,,2024
11320,서울,도봉구,8791.0,0.20512390475389522,KEA 시군구 직접,False,,,False,,0.20512390475389522,,,,2024
11350,서울,노원구,30208.0,0.3590921149066796,KEA 시군구 직접,False,,,False,,0.3590921149066796,,,,2024
11380,서울,은평구,13529.0,0.25889590026598586,KEA 시군구 직접,False,,,False,,0.25889590026598586,,,,2024
11410,서울,서대문구,9104.0,0.20948755093407237,KEA 시군구 직접,False,,,False,,0.20948755093407237,,,,2024
11440,서울,마포구,14199.0,0.2649249742193781,KEA 시군구 직접,False,,,False,,0.2649249742193781,,,,2024
11470,서울,양천구,10532.0,0.22766108214918876,KEA 시군구 직접,False,,,False,,0.22766108214918876,,,,2024
11500,서울,강서구,60225.0,0.4451593288086163,KEA 시군구 직접,False,,,False,,0.4451593288086163,,,,2024
11530,서울,구로구,13588.0,0.25943867568503937,KEA 시군구 직접,False,,,False,,0.25943867568503937,,,,2024
11545,서울,금천구,9486.0,0.214614270034115,KEA 시군구 직접,False,,,False,,0.214614270034115,,,,2024
11560,서울,영등포구,12664.0,0.2506545802212878,KEA 시군구 직접,False,,,False,,0.2506545802212878,,,,2024
11590,서울,동작구,6385.0,0.16523977342498783,KEA 시군구 직접,False,,,False,,0.16523977342498783,,,,2024
11620,서울,관악구,14783.0,0.2699525017123805,KEA 시군구 직접,False,,,False,,0.2699525017123805,,,,2024
11650,서울,서초구,10571.0,0.22812210334240546,KEA 시군구 직접,False,,,False,,0.22812210334240546,,,,2024
11680,서울,강남구,48221.0,0.41743067793473193,KEA 시군구 직접,False,,,False,,0.41743067793473193,,,,2024
11710,서울,송파구,22899.0,0.32453833240076907,KEA 시군구 직접,False,,,False,,0.32453833240076907,,,,2024
11740,서울,강동구,25356.0,0.33725173155289967,KEA 시군구 직접,False,,,False,,0.33725173155289967,,,,2024
12110,전남광주,목포시,106212.0,0.5159304963023646,KEA 시군구 직접,False,,,False,,0.5159304963023646,,,,2024
12130,전남광주,여수시,284664.0,0.6389090202913007,KEA 시군구 직접,False,,,False,,0.6389090202913007,,,,2024
12150,전남광주,순천시,484040.0,0.7051288929538003,KEA 시군구 직접,False,,,False,,0.7051288929538003,,,,2024
12170,전남광주,나주시,601232.0,0.7321744750969194,KEA 시군구 직접,False,,,False,,0.7321744750969194,,,,2024
12190,전남광주,광양시,252907.0,0.6241536831590904,KEA 시군구 직접,False,,,False,,0.6241536831590904,,,,2024
12210,전남광주,동구,22608.0,0.32294303094622334,KEA 시군구 직접,False,,,False,,0.32294303094622334,,,,2024
12240,전남광주,서구,41482.0,0.3986531267813372,KEA 시군구 직접,False,,,False,,0.3986531267813372,,,,2024
12270,전남광주,남구,33865.0,0.3733465403468659,KEA 시군구 직접,False,,,False,,0.3733465403468659,,,,2024
12300,전남광주,북구,91805.0,0.49774706257630486,KEA 시군구 직접,False,,,False,,0.49774706257630486,,,,2024
12330,전남광주,광산구,309948.0,0.6495238675865815,KEA 시군구 직접,False,,,False,,0.6495238675865815,,,,2024
12710,전남광주,담양군,105498.0,0.5150891098227033,KEA 시군구 직접,False,,,False,,0.5150891098227033,,,,2024
12720,전남광주,곡성군,109309.0,0.5195157395140193,KEA 시군구 직접,False,,,False,,0.5195157395140193,,,,2024
12730,전남광주,구례군,29280.0,0.35520004723118814,KEA 시군구 직접,False,,,False,,0.35520004723118814,,,,2024
12740,전남광주,고흥군,716200.0,0.7540015410476589,KEA 시군구 직접,False,,,False,,0.7540015410476589,,,,2024
12750,전남광주,보성군,288677.0,0.640655256072892,KEA 시군구 직접,False,,,False,,0.640655256072892,,,,2024
12760,전남광주,화순군,391296.0,0.6785960212107667,KEA 시군구 직접,False,,,False,,0.6785960212107667,,,,2024
12770,전남광주,장흥군,213992.0,0.6033115547139576,KEA 시군구 직접,False,,,False,,0.6033115547139576,,,,2024
12780,전남광주,강진군,288967.0,0.6407805059791796,KEA 시군구 직접,False,,,False,,0.6407805059791796,,,,2024
12790,전남광주,해남군,832269.0,0.7727372301685722,KEA 시군구 직접,False,,,False,,0.7727372301685722,,,,2024
12800,전남광주,영암군,745930.0,0.7590750605663483,KEA 시군구 직접,False,,,False,,0.7590750605663483,,,,2024
12810,전남광주,무안군,476575.0,0.7031901089314411,KEA 시군구 직접,False,,,False,,0.7031901089314411,,,,2024
12820,전남광주,함평군,164207.0,0.5702788202421242,KEA 시군구 직접,False,,,False,,0.5702788202421242,,,,2024
12830,전남광주,영광군,922540.0,0.7855824807045361,KEA 시군구 직접,False,,,False,,0.7855824807045361,,,,2024
12840,전남광주,장성군,194330.0,0.5912889121692866,KEA 시군구 직접,False,,,False,,0.5912889121692866,,,,2024
12850,전남광주,완도군,161222.0,0.5679903844042872,KEA 시군구 직접,False,,,False,,0.5679903844042872,,,,2024
12860,전남광주,진도군,164220.0,0.5702886953761843,KEA 시군구 직접,False,,,False,,0.5702886953761843,,,,2024
12870,전남광주,신안군,1297271.0,0.8281052620003371,KEA 시군구 직접,False,,,False,,0.8281052620003371,,,,2024
26110,부산,중구,1697.0,0.0,KEA 시군구 직접,False,,,False,,0.0,,,,2024
26140,부산,서구,4700.0,0.12702733865777627,KEA 시군구 직접,False,,,False,,0.12702733865777627,,,,2024
26170,부산,동구,4917.0,0.13265651231138983,KEA 시군구 직접,False,,,False,,0.13265651231138983,,,,2024
26200,부산,영도구,8044.0,0.19404792296815504,KEA 시군구 직접,False,,,False,,0.19404792296815504,,,,2024
26230,부산,부산진구,8151.0,0.19569607268018413,KEA 시군구 직접,False,,,False,,0.19569607268018413,,,,2024
26260,부산,동래구,7511.0,0.18549700937933308,KEA 시군구 직접,False,,,False,,0.18549700937933308,,,,2024
26290,부산,남구,18297.0,0.2965531702305789,KEA 시군구 직접,False,,,False,,0.2965531702305789,,,,2024
26320,부산,북구,8059.0,0.19428028855030408,KEA 시군구 직접,False,,,False,,0.19428028855030408,,,,2024
26350,부산,해운대구,13442.0,0.25809120276638653,KEA 시군구 직접,False,,,False,,0.25809120276638653,,,,2024
26380,부산,사하구,32460.0,0.36806096721229115,KEA 시군구 직접,False,,,False,,0.36806096721229115,,,,2024
26410,부산,금정구,19478.0,0.3043551554131511,KEA 시군구 직접,False,,,False,,0.3043551554131511,,,,2024
26440,부산,강서구,271191.0,0.6328608021553501,KEA 시군구 직접,False,,,False,,0.6328608021553501,,,,2024
26470,부산,연제구,5727.0,0.1516751691997744,KEA 시군구 직접,False,,,False,,0.1516751691997744,,,,2024
26500,부산,수영구,4334.0,0.11691658142543133,KEA 시군구 직접,False,,,False,,0.11691658142543133,,,,2024
26530,부산,사상구,11246.0,0.23584266119819833,KEA 시군구 직접,False,,,False,,0.23584266119819833,,,,2024
26710,부산,기장군,70253.0,0.46437116139889384,KEA 시군구 직접,False,,,False,,0.46437116139889384,,,,2024
27110,대구,중구,2667.0,0.05636796892441968,KEA 시군구 직접,False,,,False,,0.05636796892441968,,,,2024
27140,대구,동구,39741.0,0.3933048149707662,KEA 시군구 직접,False,,,False,,0.3933048149707662,,,,2024
27170,대구,서구,15783.0,0.2781169928217621,KEA 시군구 직접,False,,,False,,0.2781169928217621,,,,2024
27200,대구,남구,7028.0,0.1772070232905898,KEA 시군구 직접,False,,,False,,0.1772070232905898,,,,2024
27230,대구,북구,51177.0,0.4248521023089708,KEA 시군구 직접,False,,,False,,0.4248521023089708,,,,2024
27260,대구,수성구,16236.0,0.2816466573643675,KEA 시군구 직접,False,,,False,,0.2816466573643675,,,,2024
27290,대구,달서구,106784.0,0.5166004776203393,KEA 시군구 직접,False,,,False,,0.5166004776203393,,,,2024
27710,대구,달성군,183752.0,0.5843070742226922,KEA 시군구 직접,False,,,False,,0.5843070742226922,,,,2024
27720,대구,군위군,218711.0,0.6060324788185051,KEA 시군구 직접,False,,,False,,0.6060324788185051,,,,2024
28125,인천,제물포구,33617.46090892798,0.37243140969436966,인천 중·동구 값을 구에 배분,True,중간,2026 개편으로 중구·동구가 영종구·제물포구로 재편 -> 합계를 허가정보 설비용량으로 배분,False,22298.594594594597,0.32122414741771815,,0.5704449349916509,0.3783783783783784,2024
28155,인천,영종구,25314.53909107203,0.33704760129005384,인천 중·동구 값을 구에 배분,True,중간,2026 개편으로 중구·동구가 영종구·제물포구로 재편 -> 합계를 허가정보 설비용량으로 배분,False,36633.40540540541,0.3831482671189188,,0.4295550650083491,0.6216216216216216,2024
28177,인천,미추홀구,26735.0,0.34385756347245616,KEA 시군구 직접,False,,,False,,0.34385756347245616,,,,2024
28185,인천,연수구,24301.0,0.3319506927021175,KEA 시군구 직접,False,,,False,,0.3319506927021175,,,,2024
28200,인천,남동구,39790.0,0.39345852065059084,KEA 시군구 직접,False,,,False,,0.39345852065059084,,,,2024
28237,인천,부평구,11346.0,0.2369468691160499,KEA 시군구 직접,False,,,False,,0.2369468691160499,,,,2024
28245,인천,계양구,10171.0,0.22331080299747033,KEA 시군구 직접,False,,,False,,0.22331080299747033,,,,2024
28275,인천,서해구,63754.417291668135,0.4522633609032788,인천 서구 값을 구에 배분,True,낮음,2026 개편으로 서구가 서해구·검단구로 재편 -> 허가정보 설비용량 + 바이오(수도권매립지 매립가스)=검단구,False,59480.521172638444,0.44360773635683926,237866.41729166813,0.6633622309450632,0.6188925081433225,2024
28290,인천,검단구,206465.58270833187,0.5988452168082428,인천 서구 값을 구에 배분,True,낮음,2026 개편으로 서구가 서해구·검단구로 재편 -> 허가정보 설비용량 + 바이오(수도권매립지 매립가스)=검단구,False,210739.47882736157,0.6014010273049863,32353.58270833187,0.3366377690549368,0.3811074918566775,2024
28710,인천,강화군,67178.0,0.4587881601264552,KEA 시군구 직접,False,,,False,,0.4587881601264552,,,,2024
28720,인천,옹진군,59224.0,0.4430686101287526,KEA 시군구 직접,False,,,False,,0.4430686101287526,,,,2024
30110,대전,동구,20542.0,0.3109893214167191,KEA 시군구 직접,False,,,False,,0.3109893214167191,,,,2024
30140,대전,중구,13544.0,0.2590341180684335,KEA 시군구 직접,False,,,False,,0.2590341180684335,,,,2024
30170,대전,서구,25182.0,0.33639280333193244,KEA 시군구 직접,False,,,False,,0.33639280333193244,,,,2024
30200,대전,유성구,54815.0,0.4334184004482778,KEA 시군구 직접,False,,,False,,0.4334184004482778,,,,2024
30230,대전,대덕구,50686.0,0.4236495582098487,KEA 시군구 직접,False,,,False,,0.4236495582098487,,,,2024
31110,울산,중구,7733.0,0.18913003868973485,KEA 시군구 직접,False,,,False,,0.18913003868973485,,,,2024
31140,울산,남구,41582.0,0.3989534701569868,KEA 시군구 직접,False,,,False,,0.3989534701569868,,,,2024
31170,울산,동구,8104.0,0.19497479946003887,KEA 시군구 직접,False,,,False,,0.19497479946003887,,,,2024
31200,울산,북구,45951.0,0.4114158928009733,KEA 시군구 직접,False,,,False,,0.4114158928009733,,,,2024
31710,울산,울주군,381180.0,0.6753287237554909,KEA 시군구 직접,False,,,False,,0.6753287237554909,,,,2024
36110,세종,세종특별자치시,159557.0,0.5666954414213302,KEA 시군구 직접,False,,,False,,0.5666954414213302,,,,2024
41111,경기,수원시 장안구,6649.708467828357,0.17030618796527755,수원시 값을 구에 배분,True,중간,허가정보 설비용량(시 태양광 추정용량의 약 50% 커버),True,20407.886569082937,0.310172285671232,,0.11877236622480856,0.36451116453967775,2024
41113,경기,수원시 권선구,29469.3292370533,0.3560040224024217,수원시 값을 구에 배분,True,중간,허가정보 설비용량(시 태양광 추정용량의 약 50% 커버),False,16431.460075489325,0.283139322650257,,0.5263602128539357,0.2934870608442911,2024
41115,경기,수원시 팔달구,7036.979368138588,0.1773662757438544,수원시 값을 구에 배분,True,중간,허가정보 설비용량(시 태양광 추정용량의 약 50% 커버),False,15860.580149576981,0.27872860984727993,,0.12568952378478196,0.28329040937319344,2024
41117,경기,수원시 영통구,12830.98292697976,0.2522884996276696,수원시 값을 구에 배분,True,중간,허가정보 설비용량(시 태양광 추정용량의 약 50% 커버),False,3287.073205850753,0.0824355374579333,,0.2291778971364738,0.058711365242837675,2024
41131,경기,성남시 수정구,9787.902765051962,0.21852204030402952,성남시 값을 구에 배분,True,낮음,"성남시 자체 허가 31건(약 17% 커버), PPA는 마스킹",False,,0.21852204030402952,,0.3181919562124756,,2024
41133,경기,성남시 중원구,7378.453038723988,0.18327633278856822,성남시 값을 구에 배분,True,낮음,"성남시 자체 허가 31건(약 17% 커버), PPA는 마스킹",False,,0.18327633278856822,,0.2398638873483953,,2024
41135,경기,성남시 분당구,13594.644196224048,0.25949965182820556,성남시 값을 구에 배분,True,낮음,"성남시 자체 허가 31건(약 17% 커버), PPA는 마스킹",False,,0.25949965182820556,,0.44194415643912904,,2024
41150,경기,의정부시,25022.0,0.3355977303844967,KEA 시군구 직접,False,,,False,,0.3355977303844967,,,,2024
41171,경기,안양시 만안구,8333.5,0.19845787943506737,안양시 값을 구에 배분,True,매우 낮음,허가 4건·PPA 마스킹으로 비율 근거 없음 -> 균등(시 값이 작아 영향 제한),False,,0.19845787943506737,,0.5,,2024
41173,경기,안양시 동안구,8333.5,0.19845787943506737,안양시 값을 구에 배분,True,매우 낮음,허가 4건·PPA 마스킹으로 비율 근거 없음 -> 균등(시 값이 작아 영향 제한),False,,0.19845787943506737,,0.5,,2024
41192,경기,부천시 원미구,6570.666666666666,0.16881478956631568,부천시 값을 구에 배분,True,매우 낮음,"PPA 전부 마스킹, 허가 소수 -> 균등(시 값이 작아 영향 제한)",False,,0.16881478956631568,,0.3333333333333333,,2024
41194,경기,부천시 소사구,6570.666666666666,0.16881478956631568,부천시 값을 구에 배분,True,매우 낮음,"PPA 전부 마스킹, 허가 소수 -> 균등(시 값이 작아 영향 제한)",False,,0.16881478956631568,,0.3333333333333333,,2024
41196,경기,부천시 오정구,6570.666666666666,0.16881478956631568,부천시 값을 구에 배분,True,매우 낮음,"PPA 전부 마스킹, 허가 소수 -> 균등(시 값이 작아 영향 제한)",False,,0.16881478956631568,,0.3333333333333333,,2024
41210,경기,광명시,11372.0,0.23723236927611904,KEA 시군구 직접,False,,,False,,0.23723236927611904,,,,2024
41220,경기,평택시,444787.0,0.6945792689999031,KEA 시군구 직접,False,,,False,,0.6945792689999031,,,,2024
41250,경기,동두천시,20275.0,0.30935741128066574,KEA 시군구 직접,False,,,False,,0.30935741128066574,,,,2024
41271,경기,안산시 상록구,5946.807601907797,0.15637246855634654,안산시 값을 구에 배분,True,중간,허가정보 설비용량(약 95% 커버) + 해양(시화호 조력)=단원구,False,3436.170578172877,0.08796743681762892,424406.80760190776,0.06736683774463662,0.03892574996514162,2024
41273,경기,안산시 단원구,503553.19239809224,0.7100588942040721,안산시 값을 구에 배분,True,중간,허가정보 설비용량(약 95% 커버) + 해양(시화호 조력)=단원구,False,506063.8294218271,0.7106792894274495,85093.1923980922,0.9326331622553634,0.9610742500348584,2024
41281,경기,고양시 덕양구,15275.822694949456,0.2740429404787075,고양시 값을 구에 배분,True,중간,고양시 자체 허가현황 설비용량(약 70% 커버),False,9862.881066225498,0.21947386018458043,,0.19314969015463102,0.12470768088996431,2024
41285,경기,고양시 일산동구,38065.706464418414,0.38793238223752224,고양시 값을 구에 배분,True,중간,고양시 자체 허가현황 설비용량(약 70% 커버),False,50187.19284750702,0.42241590532250367,,0.48130824479590356,0.6345740548187718,2024
41287,경기,고양시 일산서구,25746.47084063211,0.3391579791476626,고양시 값을 구에 배분,True,중간,고양시 자체 허가현황 설비용량(약 70% 커버),False,19037.92608626747,0.3015046440693664,,0.3255420650494653,0.24071826429126383,2024
41290,경기,과천시,3193.0,0.07881457808699344,KEA 시군구 직접,False,,,False,,0.07881457808699344,,,,2024
41310,경기,구리시,8080.0,0.19460487489698922,KEA 시군구 직접,False,,,False,,0.19460487489698922,,,,2024
41360,경기,남양주시,493198.0,0.7074669400959184,KEA 시군구 직접,False,,,False,,0.7074669400959184,,,,2024
41370,경기,오산시,25344.0,0.3371926846247583,KEA 시군구 직접,False,,,False,,0.3371926846247583,,,,2024
41390,경기,시흥시,74571.0,0.4718117275883563,KEA 시군구 직접,False,,,False,,0.4718117275883563,,,,2024
41410,경기,군포시,11683.0,0.24059767926686715,KEA 시군구 직접,False,,,False,,0.24059767926686715,,,,2024
41430,경기,의왕시,9229.0,0.21118844385236663,KEA 시군구 직접,False,,,False,,0.21118844385236663,,,,2024
41450,경기,하남시,16366.0,0.2826414118699791,KEA 시군구 직접,False,,,False,,0.2826414118699791,,,,2024
41461,경기,용인시 처인구,92683.06832513648,0.49893446995707985,용인시 값을 구에 배분,True,낮음,"허가정보+PPA 합산(허가 약 11% 커버, 수지구 PPA 마스킹)",False,91656.06625036486,0.4975445342764641,,0.8523835076897428,0.8429384208284885,2024
41463,경기,용인시 기흥구,15720.952331930144,0.2776256613769133,용인시 값을 구에 배분,True,낮음,"허가정보+PPA 합산(허가 약 11% 커버, 수지구 PPA 마스킹)",False,17077.93374963514,0.28795273846815,,0.14458175301129494,0.15706157917151156,2024
41465,경기,용인시 수지구,329.9793429333556,0.0,용인시 값을 구에 배분,True,낮음,"허가정보+PPA 합산(허가 약 11% 커버, 수지구 PPA 마스킹)",False,0.0,0.0,,0.0030347392989621973,0.0,2024
41480,경기,파주시,160009.0,0.5670483129227514,KEA 시군구 직접,False,,,False,,0.5670483129227514,,,,2024
41500,경기,이천시,229313.0,0.6119373008409693,KEA 시군구 직접,False,,,False,,0.6119373008409693,,,,2024
41550,경기,안성시,255821.0,0.625582735362444,KEA 시군구 직접,False,,,False,,0.625582735362444,,,,2024
41570,경기,김포시,129806.0,0.5409539289596754,KEA 시군구 직접,False,,,False,,0.5409539289596754,,,,2024
41591,경기,화성시 만세구,336541.7789069926,0.6597922807260396,화성시 값을 구에 배분,True,중간,"허가정보 설비용량(읍면동->신설구 연결), 대체=화성시 발전소 건수",False,310493.82726204465,0.6497433471121314,,0.8520843190551839,0.7861339600470035,2024
41593,경기,화성시 효행구,45536.7062009,0.41028614809676095,화성시 값을 구에 배분,True,중간,"허가정보 설비용량(읍면동->신설구 연결), 대체=화성시 발전소 건수",False,76115.07873090483,0.4743682340300837,,0.11529360016229369,0.1927144535840188,2024
41595,경기,화성시 병점구,8399.442894450181,0.19944095559515065,화성시 값을 구에 배분,True,중간,"허가정보 설비용량(읍면동->신설구 연결), 대체=화성시 발전소 건수",False,4641.163337250293,0.1254562489755295,,0.021266404433960096,0.011750881316098707,2024
41597,경기,화성시 동탄구,4485.071997657171,0.12118971252314191,화성시 값을 구에 배분,True,중간,"허가정보 설비용량(읍면동->신설구 연결), 대체=화성시 발전소 건수",False,3712.9306698002356,0.097627693307339,,0.011355676348562193,0.009400705052878966,2024
41610,경기,광주시,78756.0,0.47862287352755856,KEA 시군구 직접,False,,,False,,0.47862287352755856,,,,2024
41630,경기,양주시,75197.0,0.4728545087530143,KEA 시군구 직접,False,,,False,,0.4728545087530143,,,,2024
41650,경기,포천시,438625.0,0.6928390431901182,KEA 시군구 직접,False,,,False,,0.6928390431901182,,,,2024
41670,경기,여주시,318665.0,0.6529836699520787,KEA 시군구 직접,False,,,False,,0.6529836699520787,,,,2024
41800,경기,연천군,266492.0,0.6306804345219541,KEA 시군구 직접,False,,,False,,0.6306804345219541,,,,2024
41820,경기,가평군,371269.0,0.6720424365546287,KEA 시군구 직접,False,,,False,,0.6720424365546287,,,,2024
41830,경기,양평군,81013.0,0.48214742325663534,KEA 시군구 직접,False,,,False,,0.48214742325663534,,,,2024
43111,충북,청주시 상당구,298324.50710638677,0.6447559245948685,청주시 값을 구에 배분,True,중간,충북 허가현황 설비용량 + 수력(대청댐)=상당구,False,234670.81633492795,0.6148183028897829,,0.26681990979895076,0.12634713925512472,2024
43112,충북,청주시 서원구,40269.18288212728,0.3949517469298105,청주시 값을 구에 배분,True,중간,충북 허가현황 설비용량 + 수력(대청댐)=상당구,False,54018.12318926909,0.43159168449196567,,0.08886717515404166,0.11920872665841849,2024
43113,충북,청주시 흥덕구,88657.55142045047,0.49339543296234745,청주시 값을 구에 배분,True,중간,충북 허가현황 설비용량 + 수력(대청댐)=상당구,False,75733.32931522596,0.47374103629957537,,0.19565199954197385,0.1671304595614722,2024
43114,충북,청주시 청원구,203305.7585910355,0.5969213767549114,청주시 값을 구에 배분,True,중간,충북 허가현황 설비용량 + 수력(대청댐)=상당구,False,266134.731160577,0.6305130898997703,,0.44866091550503373,0.5873136745249846,2024
43130,충북,충주시,1089903.0,0.8063785291896367,KEA 시군구 직접,False,,,False,,0.8063785291896367,,,,2024
43150,충북,제천시,161147.0,0.567932341858805,KEA 시군구 직접,False,,,False,,0.567932341858805,,,,2024
43720,충북,보은군,195167.0,0.5918250308312994,KEA 시군구 직접,False,,,False,,0.5918250308312994,,,,2024
43730,충북,옥천군,208644.0,0.6001544631119694,KEA 시군구 직접,False,,,False,,0.6001544631119694,,,,2024
43740,충북,영동군,145937.0,0.5555652991168835,KEA 시군구 직접,False,,,False,,0.5555652991168835,,,,2024
43745,충북,증평군,51492.0,0.42561753193921353,KEA 시군구 직접,False,,,False,,0.42561753193921353,,,,2024
43750,충북,진천군,186829.0,0.5863786132977439,KEA 시군구 직접,False,,,False,,0.5863786132977439,,,,2024
43760,충북,괴산군,185611.0,0.5855627238204288,KEA 시군구 직접,False,,,False,,0.5855627238204288,,,,2024
43770,충북,음성군,258625.0,0.6269425570782772,KEA 시군구 직접,False,,,False,,0.6269425570782772,,,,2024
43800,충북,단양군,127268.0,0.5384908102679005,KEA 시군구 직접,False,,,False,,0.5384908102679005,,,,2024
44131,충남,천안시 동남구,179047.6589708817,0.581071919763755,천안시 값을 구에 배분,True,높음,허가정보 설비용량,False,164432.90030161658,0.5704503087776568,,0.6218876001906211,0.5711260473815309,2024
44133,충남,천안시 서북구,108862.34102911827,0.5190049803929325,천안시 값을 구에 배분,True,높음,허가정보 설비용량,False,123477.09969838346,0.5347187321190006,,0.3781123998093789,0.42887395261846917,2024
44150,충남,공주시,276599.0,0.6353238693100082,KEA 시군구 직접,False,,,False,,0.6353238693100082,,,,2024
44180,충남,보령시,369944.0,0.6715964587073513,KEA 시군구 직접,False,,,False,,0.6715964587073513,,,,2024
44200,충남,아산시,317462.0,0.6525118654335224,KEA 시군구 직접,False,,,False,,0.6525118654335224,,,,2024
44210,충남,서산시,1484523.0,0.8449242385776355,KEA 시군구 직접,False,,,False,,0.8449242385776355,,,,2024
44230,충남,논산시,472184.0,0.7020354576035759,KEA 시군구 직접,False,,,False,,0.7020354576035759,,,,2024
44250,충남,계룡시,7265.0,0.1813436385361647,KEA 시군구 직접,False,,,False,,0.1813436385361647,,,,2024
44270,충남,당진시,2053214.0,0.8853795056461462,KEA 시군구 직접,False,,,False,,0.8853795056461462,,,,2024
44710,충남,금산군,289414.0,0.6409733176133929,KEA 시군구 직접,False,,,False,,0.6409733176133929,,,,2024
44760,충남,부여군,317262.0,0.6524332541536471,KEA 시군구 직접,False,,,False,,0.6524332541536471,,,,2024
44770,충남,서천군,263130.0,0.6290967195180729,KEA 시군구 직접,False,,,False,,0.6290967195180729,,,,2024
44790,충남,청양군,92037.0,0.4980618953244814,KEA 시군구 직접,False,,,False,,0.4980618953244814,,,,2024
44800,충남,홍성군,245433.0,0.6204117216693045,KEA 시군구 직접,False,,,False,,0.6204117216693045,,,,2024
44810,충남,예산군,221859.0,0.607815129984973,KEA 시군구 직접,False,,,False,,0.607815129984973,,,,2024
44825,충남,태안군,908421.0,0.7836586177855885,KEA 시군구 직접,False,,,False,,0.7836586177855885,,,,2024
47111,경북,포항시 남구,81450.78455350036,0.4828196885932724,포항시 값을 구에 배분,True,높음,허가정보 설비용량 + 풍력기 위치,False,105784.30224925213,0.5154271738336016,,0.4044437457139442,0.5301528829550031,2024
47113,경북,포항시 북구,155763.21544649964,0.5636936521770406,포항시 값을 구에 배분,True,높음,허가정보 설비용량 + 풍력기 위치,False,131429.69775074787,0.5425045871573968,,0.5955562542860559,0.4698471170449969,2024
47130,경북,경주시,411526.0,0.6848839646640549,KEA 시군구 직접,False,,,False,,0.6848839646640549,,,,2024
47150,경북,김천시,392451.0,0.6789636812629207,KEA 시군구 직접,False,,,False,,0.6789636812629207,,,,2024
47170,경북,안동시,601322.0,0.7321931465598303,KEA 시군구 직접,False,,,False,,0.7321931465598303,,,,2024
47190,경북,구미시,339237.0,0.6607873011838955,KEA 시군구 직접,False,,,False,,0.6607873011838955,,,,2024
47210,경북,영주시,310018.0,0.6495520364882452,KEA 시군구 직접,False,,,False,,0.6495520364882452,,,,2024
47230,경북,영천시,303234.0,0.6467920668046286,KEA 시군구 직접,False,,,False,,0.6467920668046286,,,,2024
47250,경북,상주시,615776.0,0.7351560899333915,KEA 시군구 직접,False,,,False,,0.7351560899333915,,,,2024
47280,경북,문경시,196473.0,0.5926569797710185,KEA 시군구 직접,False,,,False,,0.5926569797710185,,,,2024
47290,경북,경산시,239370.0,0.617291508492791,KEA 시군구 직접,False,,,False,,0.617291508492791,,,,2024
47730,경북,의성군,430521.0,0.6905127768920922,KEA 시군구 직접,False,,,False,,0.6905127768920922,,,,2024
47750,경북,청송군,97460.0,0.5052034444325644,KEA 시군구 직접,False,,,False,,0.5052034444325644,,,,2024
47760,경북,영양군,756906.0,0.760897196606598,KEA 시군구 직접,False,,,False,,0.760897196606598,,,,2024
47770,경북,영덕군,335490.0,0.6594018222505663,KEA 시군구 직접,False,,,False,,0.6594018222505663,,,,2024
47820,경북,청도군,68841.0,0.46183850589943115,KEA 시군구 직접,False,,,False,,0.46183850589943115,,,,2024
47830,경북,고령군,86735.0,0.49066066548694326,KEA 시군구 직접,False,,,False,,0.49066066548694326,,,,2024
47840,경북,성주군,125878.0,0.5371209199067879,KEA 시군구 직접,False,,,False,,0.5371209199067879,,,,2024
47850,경북,칠곡군,201283.0,0.5956740711906776,KEA 시군구 직접,False,,,False,,0.5956740711906776,,,,2024
47900,경북,예천군,270147.0,0.6323796614904242,KEA 시군구 직접,False,,,False,,0.6323796614904242,,,,2024
47920,경북,봉화군,276567.0,0.6353094370589353,KEA 시군구 직접,False,,,False,,0.6353094370589353,,,,2024
47930,경북,울진군,127343.0,0.5385642991849361,KEA 시군구 직접,False,,,False,,0.5385642991849361,,,,2024
47940,경북,울릉군,2763.0,0.06077755514535025,KEA 시군구 직접,False,,,False,,0.06077755514535025,,,,2024
48121,경남,창원시 의창구,73210.2729889066,0.4695145258079381,창원시 값을 구에 배분,True,높음,허가정보 설비용량,False,104944.08250094297,0.5144324347730631,,0.2635567719146462,0.3777983947646789,2024
48123,경남,창원시 성산구,102362.7932844376,0.511325856062492,창원시 값을 구에 배분,True,높음,허가정보 설비용량,False,69835.91479999425,0.46362838646910093,,0.3685057610193666,0.2514090921527055,2024
48125,경남,창원시 마산합포구,38268.446949562545,0.38859498367858264,창원시 값을 구에 배분,True,높음,허가정보 설비용량,False,38240.85237017985,0.38850500505078384,,0.13776629880538616,0.13766695839908072,2024
48127,경남,창원시 마산회원구,47247.5086938221,0.41488666661841866,창원시 값을 구에 배분,True,높음,허가정보 설비용량,False,52270.30305249247,0.4274888605198911,,0.17009089522504336,0.18817294045062052,2024
48129,경남,창원시 진해구,16688.97808327112,0.28507902549299735,창원시 값을 구에 배분,True,높음,허가정보 설비용량,False,12486.847276390485,0.24889742953460717,,0.0600802730355576,0.04495261423291436,2024
48170,경남,진주시,232016.0,0.6133990724485878,KEA 시군구 직접,False,,,False,,0.6133990724485878,,,,2024
48220,경남,통영시,52212.0,0.4273496469938377,KEA 시군구 직접,False,,,False,,0.4273496469938377,,,,2024
48240,경남,사천시,168959.0,0.5738374577233194,KEA 시군구 직접,False,,,False,,0.5738374577233194,,,,2024
48250,경남,김해시,231415.0,0.613075531760074,KEA 시군구 직접,False,,,False,,0.613075531760074,,,,2024
48270,경남,밀양시,158478.0,0.5658490200733296,KEA 시군구 직접,False,,,False,,0.5658490200733296,,,,2024
48310,경남,거제시,54642.0,0.4330240919528259,KEA 시군구 직접,False,,,False,,0.4330240919528259,,,,2024
48330,경남,양산시,186379.0,0.5860777975292528,KEA 시군구 직접,False,,,False,,0.5860777975292528,,,,2024
48720,경남,의령군,152209.0,0.5608143329337778,KEA 시군구 직접,False,,,False,,0.5608143329337778,,,,2024
48730,경남,함안군,219706.0,0.606598686301648,KEA 시군구 직접,False,,,False,,0.606598686301648,,,,2024
48740,경남,창녕군,154294.0,0.5625114677396149,KEA 시군구 직접,False,,,False,,0.5625114677396149,,,,2024
48820,경남,고성군,211295.0,0.6017294188911311,KEA 시군구 직접,False,,,False,,0.6017294188911311,,,,2024
48840,경남,남해군,123904.0,0.5351492567581466,KEA 시군구 직접,False,,,False,,0.5351492567581466,,,,2024
48850,경남,하동군,463622.0,0.6997527949459421,KEA 시군구 직접,False,,,False,,0.6997527949459421,,,,2024
48860,경남,산청군,136769.0,0.5474719185186507,KEA 시군구 직접,False,,,False,,0.5474719185186507,,,,2024
48870,경남,함양군,110641.0,0.5210265944375818,KEA 시군구 직접,False,,,False,,0.5210265944375818,,,,2024
48880,경남,거창군,220253.0,0.6069088668184064,KEA 시군구 직접,False,,,False,,0.6069088668184064,,,,2024
48890,경남,합천군,510653.0,0.7118053906471989,KEA 시군구 직접,False,,,False,,0.7118053906471989,,,,2024
50110,제주,제주시,1197147.0,0.8180858286968313,KEA 시군구 직접,False,,,False,,0.8180858286968313,,,,2024
50130,제주,서귀포시,1287184.0,0.8271315375825714,KEA 시군구 직접,False,,,False,,0.8271315375825714,,,,2024
51110,강원,춘천시,908144.0,0.7836205752463251,KEA 시군구 직접,False,,,False,,0.7836205752463251,,,,2024
51130,강원,원주시,247440.0,0.621427629080056,KEA 시군구 직접,False,,,False,,0.621427629080056,,,,2024
51150,강원,강릉시,1765978.0,0.866580748077534,KEA 시군구 직접,False,,,False,,0.866580748077534,,,,2024
51170,강원,동해시,244812.0,0.6200956991482782,KEA 시군구 직접,False,,,False,,0.6200956991482782,,,,2024
51190,강원,태백시,390474.0,0.6783337002396105,KEA 시군구 직접,False,,,False,,0.6783337002396105,,,,2024
51210,강원,속초시,21318.0,0.31561454408581463,KEA 시군구 직접,False,,,False,,0.31561454408581463,,,,2024
51230,강원,삼척시,332664.0,0.6583466143842529,KEA 시군구 직접,False,,,False,,0.6583466143842529,,,,2024
51720,강원,홍천군,217215.0,0.6051763094635227,KEA 시군구 직접,False,,,False,,0.6051763094635227,,,,2024
51730,강원,횡성군,186483.0,0.5861473838768054,KEA 시군구 직접,False,,,False,,0.5861473838768054,,,,2024
51750,강원,영월군,218404.0,0.6058572595369022,KEA 시군구 직접,False,,,False,,0.6058572595369022,,,,2024
51760,강원,평창군,499075.0,0.7089445842670117,KEA 시군구 직접,False,,,False,,0.7089445842670117,,,,2024
51770,강원,정선군,170700.0,0.5751162442038537,KEA 시군구 직접,False,,,False,,0.5751162442038537,,,,2024
51780,강원,철원군,250026.0,0.6227245348678268,KEA 시군구 직접,False,,,False,,0.6227245348678268,,,,2024
51790,강원,화천군,372866.0,0.6725778556172387,KEA 시군구 직접,False,,,False,,0.6725778556172387,,,,2024
51800,강원,양구군,129700.0,0.5408520237740649,KEA 시군구 직접,False,,,False,,0.5408520237740649,,,,2024
51810,강원,인제군,152053.0,0.5606864197786178,KEA 시군구 직접,False,,,False,,0.5606864197786178,,,,2024
51820,강원,고성군,167034.0,0.5724080905080927,KEA 시군구 직접,False,,,False,,0.5724080905080927,,,,2024
51830,강원,양양군,111256.0,0.5217180464234545,KEA 시군구 직접,False,,,False,,0.5217180464234545,,,,2024
52111,전북,전주시 완산구,30797.41691602502,0.3615025454260244,전주시 값을 구에 배분,True,중간,허가정보 설비용량 + 바이오(전주페이퍼)=덕진구,False,56253.74911607809,0.4366502475526413,360223.41691602505,0.21196474012199332,0.3871692013908124,2024
52113,전북,전주시 덕진구,443923.58308397495,0.6943368869210499,전주시 값을 구에 배분,True,중간,허가정보 설비용량 + 바이오(전주페이퍼)=덕진구,False,418467.2508839219,0.6869704407194168,114497.58308397498,0.7880352598780066,0.6128307986091875,2024
52130,전북,군산시,5146261.0,1.0,KEA 시군구 직접,False,,,False,,1.0,,,,2024
52140,전북,익산시,952039.0,0.7895087499732029,KEA 시군구 직접,False,,,False,,0.7895087499732029,,,,2024
52180,전북,정읍시,791184.0,0.7664221782944322,KEA 시군구 직접,False,,,False,,0.7664221782944322,,,,2024
52190,전북,남원시,689964.0,0.7493461884804727,KEA 시군구 직접,False,,,False,,0.7493461884804727,,,,2024
52210,전북,김제시,774476.0,0.7637597121870816,KEA 시군구 직접,False,,,False,,0.7637597121870816,,,,2024
52710,전북,완주군,535130.0,0.7176457053273982,KEA 시군구 직접,False,,,False,,0.7176457053273982,,,,2024
52720,전북,진안군,235576.0,0.6152985344290216,KEA 시군구 직접,False,,,False,,0.6152985344290216,,,,2024
52730,전북,무주군,93905.0,0.5005682957694093,KEA 시군구 직접,False,,,False,,0.5005682957694093,,,,2024
52740,전북,장수군,280814.0,0.6372104194443171,KEA 시군구 직접,False,,,False,,0.6372104194443171,,,,2024
52750,전북,임실군,297018.0,0.6442084231519934,KEA 시군구 직접,False,,,False,,0.6442084231519934,,,,2024
52770,전북,순창군,138011.0,0.5485995765535797,KEA 시군구 직접,False,,,False,,0.5485995765535797,,,,2024
52790,전북,고창군,508191.0,0.7112025236710465,KEA 시군구 직접,False,,,False,,0.7112025236710465,,,,2024
52800,전북,부안군,328048.0,0.6566036018808679,KEA 시군구 직접,False,,,False,,0.6566036018808679,,,,2024
