시군구코드,시도,시군구,지진_위험점수_1978_2025,홍수_위험점수_100년빈도,산사태_위험점수_2016_2025,산불_위험점수_2011_2025,연안_Flag,재해_홍수점수_사용,재해_홍수_처리,재해_홍수대체,재해_후보제외,재해_위험지수,재해_안전도,재해_위험지수_홍수0,재해_위험지수_홍수25분위,재해_위험지수_홍수중앙값,최종_재해위험지수_상태
11110,서울특별시,종로구,0.0,0.044762,0.162627,0.317189,연안 평가 비대상,0.044762,원자료,False,False,0.09495819298245615,0.9050418070175439,,,,연안평가비대상_산정완료
11140,서울특별시,중구,0.0,0.01736,0.0,0.070168,연안 평가 비대상,0.01736,원자료,False,False,0.015025684210526318,0.9849743157894737,,,,연안평가비대상_산정완료
11170,서울특별시,용산구,0.0,0.037672,0.0,0.070168,연안 평가 비대상,0.037672,원자료,False,False,0.021083649122807017,0.978916350877193,,,,연안평가비대상_산정완료
11200,서울특별시,성동구,0.0,0.406562,0.0,0.0,연안 평가 비대상,0.406562,원자료,False,False,0.12125533333333335,0.8787446666666666,,,,연안평가비대상_산정완료
11215,서울특별시,광진구,0.0,0.248027,0.0,0.230966,연안 평가 비대상,0.248027,원자료,False,False,0.1063892456140351,0.8936107543859649,,,,연안평가비대상_산정완료
11230,서울특별시,동대문구,0.0,0.372809,0.0,0.0,연안 평가 비대상,0.372809,원자료,False,False,0.11118864912280703,0.888811350877193,,,,연안평가비대상_산정완료
11260,서울특별시,중랑구,0.0,0.295474,0.0,0.166063,연안 평가 비대상,0.295474,원자료,False,False,0.11143091228070177,0.8885690877192982,,,,연안평가비대상_산정완료
11290,서울특별시,성북구,0.0,0.174631,0.0,0.111389,연안 평가 비대상,0.174631,원자료,False,False,0.06771647368421053,0.9322835263157895,,,,연안평가비대상_산정완료
11305,서울특별시,강북구,0.0,0.161351,0.152345,0.2131,연안 평가 비대상,0.161351,원자료,False,False,0.11277635087719301,0.8872236491228069,,,,연안평가비대상_산정완료
11320,서울특별시,도봉구,0.0,0.119101,0.0,0.277572,연안 평가 비대상,0.119101,원자료,False,False,0.07447882456140352,0.9255211754385965,,,,연안평가비대상_산정완료
11350,서울특별시,노원구,0.0,0.241096,0.159325,0.402088,연안 평가 비대상,0.241096,원자료,False,False,0.16467650877192988,0.8353234912280701,,,,연안평가비대상_산정완료
11380,서울특별시,은평구,0.0,0.067304,0.0,0.318426,연안 평가 비대상,0.067304,원자료,False,False,0.06476449122807018,0.9352355087719298,,,,연안평가비대상_산정완료
11410,서울특별시,서대문구,0.0,0.013376,0.0,0.111389,연안 평가 비대상,0.013376,원자료,False,False,0.019622877192982457,0.9803771228070175,,,,연안평가비대상_산정완료
11440,서울특별시,마포구,0.0,0.286731,0.0,0.0,연안 평가 비대상,0.286731,원자료,False,False,0.08551626315789476,0.9144837368421053,,,,연안평가비대상_산정완료
11470,서울특별시,양천구,0.0,0.427402,0.0,0.122261,연안 평가 비대상,0.427402,원자료,False,False,0.1446302105263158,0.8553697894736842,,,,연안평가비대상_산정완료
11500,서울특별시,강서구,0.0,0.563216,0.0,0.181797,연안 평가 비대상,0.563216,원자료,False,False,0.19349207017543865,0.8065079298245613,,,,연안평가비대상_산정완료
11530,서울특별시,구로구,0.0,0.292944,0.181617,0.239757,연안 평가 비대상,0.292944,원자료,False,False,0.16244078947368423,0.8375592105263158,,,,연안평가비대상_산정완료
11545,서울특별시,금천구,0.0,0.128769,0.159325,0.140756,연안 평가 비대상,0.128769,원자료,False,False,0.09449729824561405,0.905502701754386,,,,연안평가비대상_산정완료
11560,서울특별시,영등포구,0.277918,0.333945,0.0,0.0,연안 평가 비대상,0.333945,원자료,False,False,0.1922369649122807,0.8077630350877193,,,,연안평가비대상_산정완료
11590,서울특별시,동작구,0.0,0.028171,0.297037,0.0,연안 평가 비대상,0.028171,원자료,False,False,0.07614715789473685,0.9238528421052632,,,,연안평가비대상_산정완료
11620,서울특별시,관악구,0.0,0.087373,0.0,0.344471,연안 평가 비대상,0.087373,원자료,False,False,0.07440542105263159,0.9255945789473684,,,,연안평가비대상_산정완료
11650,서울특별시,서초구,0.0,0.120199,0.397953,0.255473,연안 평가 비대상,0.120199,원자료,False,False,0.16246589473684211,0.8375341052631579,,,,연안평가비대상_산정완료
11680,서울특별시,강남구,0.0,0.209795,0.212246,0.258507,연안 평가 비대상,0.209795,원자료,False,False,0.1472591052631579,0.8527408947368421,,,,연안평가비대상_산정완료
11710,서울특별시,송파구,0.260771,0.399537,0.0,0.070168,연안 평가 비대상,0.399537,원자료,False,False,0.2159319649122807,0.7840680350877193,,,,연안평가비대상_산정완료
11740,서울특별시,강동구,0.0,0.16559,0.0,0.167994,연안 평가 비대상,0.16559,원자료,False,False,0.07296459649122808,0.9270354035087719,,,,연안평가비대상_산정완료
12110,전남광주통합특별시,목포시,0.0,,0.0,0.184364,CO Yellow,0.0,하천없음_0,True,False,0.031050778947368424,0.9689492210526316,0.031050778947368424,0.10116432631578949,0.1677189684210527,홍수지도미확보_검토보류
12130,전남광주통합특별시,여수시,0.320643,0.327187,0.159325,0.42814,CO Yellow,0.327187,원자료,False,False,0.3610682315789474,0.6389317684210526,,,,CO_Yellow_점수조정
12150,전남광주통합특별시,순천시,0.269344,0.410648,0.534989,0.660187,No Flag,0.410648,원자료,False,False,0.4269281578947369,0.5730718421052631,,,,NoFlag_산정완료
12170,전남광주통합특별시,나주시,0.286492,0.827199,0.362688,0.493031,연안 평가 비대상,0.827199,원자료,False,False,0.49412145614035097,0.505878543859649,,,,연안평가비대상_산정완료
12190,전남광주통합특별시,광양시,0.336292,0.49055,0.627507,0.452407,No Flag,0.49055,원자료,False,False,0.4650130701754387,0.5349869298245613,,,,NoFlag_산정완료
12210,전남광주통합특별시,동구,0.375876,0.044248,0.350034,0.294163,연안 평가 비대상,0.044248,원자료,False,False,0.25960712280701753,0.7403928771929824,,,,연안평가비대상_산정완료
12240,전남광주통합특별시,서구,0.0,0.252046,0.315147,0.13095,연안 평가 비대상,0.252046,원자료,False,False,0.16542619298245617,0.8345738070175438,,,,연안평가비대상_산정완료
12270,전남광주통합특별시,남구,0.0,0.381867,0.282005,0.232771,연안 평가 비대상,0.381867,원자료,False,False,0.210876701754386,0.789123298245614,,,,연안평가비대상_산정완료
12300,전남광주통합특별시,북구,0.312069,0.30847,0.478796,0.31715,연안 평가 비대상,0.30847,원자료,False,False,0.34973419298245617,0.6502658070175438,,,,연안평가비대상_산정완료
12330,전남광주통합특별시,광산구,0.286492,0.511131,0.151435,0.402554,연안 평가 비대상,0.511131,원자료,False,False,0.33897652631578956,0.6610234736842104,,,,연안평가비대상_산정완료
12710,전남광주통합특별시,담양군,0.260771,0.54803,0.661164,0.364875,연안 평가 비대상,0.54803,원자료,False,False,0.4523735263157895,0.5476264736842105,,,,연안평가비대상_산정완료
12720,전남광주통합특별시,곡성군,0.235061,0.528752,0.547426,0.471694,연안 평가 비대상,0.528752,원자료,False,False,0.42710584210526326,0.5728941578947367,,,,연안평가비대상_산정완료
12730,전남광주통합특별시,구례군,0.432782,0.496233,0.657875,0.519628,연안 평가 비대상,0.496233,원자료,False,False,0.515231894736842,0.48476810526315794,,,,연안평가비대상_산정완료
12740,전남광주통합특별시,고흥군,0.481743,0.599249,0.275421,0.466658,No Flag,0.599249,원자료,False,False,0.4676155614035089,0.5323844385964911,,,,NoFlag_산정완료
12750,전남광주통합특별시,보성군,0.471383,0.6698,0.384611,0.488442,CO Yellow,0.6698,원자료,False,False,0.6157969684210526,0.3842030315789474,,,,CO_Yellow_점수조정
12760,전남광주통합특별시,화순군,0.295066,0.507024,0.510011,0.553368,연안 평가 비대상,0.507024,원자료,False,False,0.44355700000000003,0.556443,,,,연안평가비대상_산정완료
12770,전남광주통합특별시,장흥군,0.370592,0.568231,0.296419,0.374186,No Flag,0.568231,원자료,False,False,0.4131247368421053,0.5868752631578946,,,,NoFlag_산정완료
12780,전남광주통합특별시,강진군,0.0,0.631195,0.374668,0.35308,No Flag,0.631195,원자료,False,False,0.32325682456140353,0.6767431754385964,,,,NoFlag_산정완료
12790,전남광주통합특별시,해남군,0.435167,0.738203,0.207379,0.43568,No Flag,0.738203,원자료,False,False,0.47366650877192995,0.52633349122807,,,,NoFlag_산정완료
12800,전남광주통합특별시,영암군,0.339651,0.737371,0.167368,0.31266,CO Yellow,0.737371,원자료,False,False,0.4982261052631579,0.5017738947368421,,,,CO_Yellow_점수조정
12810,전남광주통합특별시,무안군,0.0,0.630491,0.385272,0.379782,No Flag,0.630491,원자료,False,False,0.3292129649122808,0.6707870350877192,,,,NoFlag_산정완료
12820,전남광주통합특별시,함평군,0.348342,0.676688,0.530405,0.611828,No Flag,0.676688,원자료,False,False,0.5247733859649123,0.4752266140350877,,,,NoFlag_산정완료
12830,전남광주통합특별시,영광군,0.351498,0.747956,0.297792,0.354113,No Flag,0.747956,원자료,False,False,0.45785814035087724,0.5421418596491228,,,,NoFlag_산정완료
12840,전남광주통합특별시,장성군,0.235061,0.338346,0.497642,0.444664,연안 평가 비대상,0.338346,원자료,False,False,0.3551701578947369,0.6448298421052632,,,,연안평가비대상_산정완료
12850,전남광주통합특별시,완도군,0.0,0.338895,0.0,0.410631,No Flag,0.338895,원자료,False,False,0.15870636842105268,0.8412936315789473,,,,NoFlag_산정완료
12860,전남광주통합특별시,진도군,0.260771,0.534921,0.203293,0.416418,No Flag,0.534921,원자료,False,False,0.3512712105263158,0.6487287894736842,,,,NoFlag_산정완료
12870,전남광주통합특별시,신안군,0.0,,0.0,0.411334,No Flag,0.1959055,하천있음_지도없음_25분위대체,True,False,0.11615904385964915,0.8838409561403509,0.05773108771929825,0.11615904385964915,0.1716212456140351,홍수지도미확보_검토보류
26110,부산광역시,중구,0.0,,0.0,0.0,CO Red,,미확보_후보제외,False,True,,,,,,CO_Red_후보제외
26140,부산광역시,서구,0.0,,0.181617,0.198457,CO Red,,미확보_후보제외,False,True,,,,,,CO_Red_후보제외
26170,부산광역시,동구,0.0,0.010737,0.209844,0.167232,CO Yellow,0.010737,원자료,False,False,0.0894390947368421,0.9105609052631579,,,,CO_Yellow_점수조정
26200,부산광역시,영도구,0.0,,0.0,0.29142,CO Red,,미확보_후보제외,False,True,,,,,,CO_Red_후보제외
26230,부산광역시,부산진구,0.0,0.022787,0.158481,0.235052,연안 평가 비대상,0.022787,원자료,False,False,0.07593066666666667,0.9240693333333333,,,,연안평가비대상_산정완료
26260,부산광역시,동래구,0.0,0.046079,0.242326,0.218903,연안 평가 비대상,0.046079,원자료,False,False,0.0997334210526316,0.9002665789473684,,,,연안평가비대상_산정완료
26290,부산광역시,남구,0.0,0.004067,0.269662,0.167994,CO Yellow,0.004067,원자료,False,False,0.10355151578947369,0.8964484842105263,,,,CO_Yellow_점수조정
26320,부산광역시,북구,0.0,0.070881,0.181617,0.248254,연안 평가 비대상,0.070881,원자료,False,False,0.0974040350877193,0.9025959649122807,,,,연안평가비대상_산정완료
26350,부산광역시,해운대구,0.0,0.073344,0.209844,0.456538,CO Yellow,0.073344,원자료,False,False,0.1605710315789474,0.8394289684210526,,,,CO_Yellow_점수조정
26380,부산광역시,사하구,0.0,0.239638,0.0,0.381095,CO Red,0.239638,원자료,False,True,,,,,,CO_Red_후보제외
26410,부산광역시,금정구,0.354093,0.094623,0.170399,0.474457,연안 평가 비대상,0.094623,원자료,False,False,0.25170528070175435,0.7482947192982456,,,,연안평가비대상_산정완료
26440,부산광역시,강서구,0.0,0.712836,0.0,0.448475,CO Red,0.712836,원자료,False,True,,,,,,CO_Red_후보제외
26470,부산광역시,연제구,0.0,0.070011,0.16099,0.182384,연안 평가 비대상,0.070011,원자료,False,False,0.0831952456140351,0.9168047543859649,,,,연안평가비대상_산정완료
26500,부산광역시,수영구,0.0,0.0,0.29442,0.141591,CO Yellow,0.0,원자료,False,False,0.10442501052631581,0.8955749894736842,,,,CO_Yellow_점수조정
26530,부산광역시,사상구,0.0,0.387276,0.0,0.28335,연안 평가 비대상,0.387276,원자료,False,False,0.15527178947368425,0.8447282105263157,,,,연안평가비대상_산정완료
26710,부산광역시,기장군,0.0,0.109633,0.174767,0.586519,CO Red,0.109633,원자료,False,True,,,,,,CO_Red_후보제외
27110,대구광역시,중구,0.0,0.003485,0.0,0.0,연안 평가 비대상,0.003485,원자료,False,False,0.0010393859649122808,0.9989606140350877,,,,연안평가비대상_산정완료
27140,대구광역시,동구,0.403082,0.404891,0.0,0.453287,연안 평가 비대상,0.404891,원자료,False,False,0.31873685964912285,0.6812631403508771,,,,연안평가비대상_산정완료
27170,대구광역시,서구,0.0,0.257192,0.0,0.0,연안 평가 비대상,0.257192,원자료,False,False,0.07670638596491229,0.9232936140350877,,,,연안평가비대상_산정완료
27200,대구광역시,남구,0.0,0.001157,0.0,0.306352,연안 평가 비대상,0.001157,원자료,False,False,0.043341842105263165,0.9566581578947368,,,,연안평가비대상_산정완료
27230,대구광역시,북구,0.346516,0.337975,0.0,0.573564,연안 평가 비대상,0.337975,원자료,False,False,0.29680510526315795,0.703194894736842,,,,연안평가비대상_산정완료
27260,대구광역시,수성구,0.322618,0.192439,0.0,0.330687,연안 평가 비대상,0.192439,원자료,False,False,0.2113456315789474,0.7886543684210526,,,,연안평가비대상_산정완료
27290,대구광역시,달서구,0.0,0.389655,0.0,0.292324,연안 평가 비대상,0.389655,원자료,False,False,0.15724082456140354,0.8427591754385965,,,,연안평가비대상_산정완료
27710,대구광역시,달성군,0.423905,0.669514,0.0,0.584445,연안 평가 비대상,0.669514,원자료,False,False,0.4230086491228071,0.5769913508771929,,,,연안평가비대상_산정완료
27720,대구광역시,군위군,0.4289,0.561491,0.424807,0.617626,연안 평가 비대상,0.561491,원자료,False,False,0.4939990526315791,0.5060009473684208,,,,연안평가비대상_산정완료
28125,인천광역시,제물포구,0.0,,0.0,0.0,CO Red,0.0,하천없음_0,True,True,,,,,,CO_Red_후보제외
28155,인천광역시,영종구,0.0,,0.0,0.343452,No Flag,0.0,하천없음_0,True,False,0.048203789473684214,0.9517962105263158,0.048203789473684214,0.10663174561403511,0.1620939473684211,홍수지도미확보_검토보류
28177,인천광역시,미추홀구,0.0,,0.152345,0.0,연안 평가 비대상,0.0,하천없음_0,True,False,0.034745350877192986,0.965254649122807,0.034745350877192986,0.09317330701754388,0.14863550877192985,홍수지도미확보_검토보류
28185,인천광역시,연수구,0.0,0.027562,0.0,0.30487,No Flag,0.027562,원자료,False,False,0.051009017543859655,0.9489909824561403,,,,NoFlag_산정완료
28200,인천광역시,남동구,0.0,0.236459,0.0,0.400399,CO Red,0.236459,원자료,False,True,,,,,,CO_Red_후보제외
28237,인천광역시,부평구,0.0,0.121973,0.0,0.296988,연안 평가 비대상,0.121973,원자료,False,False,0.07806043859649124,0.9219395614035087,,,,연안평가비대상_산정완료
28245,인천광역시,계양구,0.0,0.288223,0.0,0.343573,연안 평가 비대상,0.288223,원자료,False,False,0.13418201754385967,0.8658179824561403,,,,연안평가비대상_산정완료
28275,인천광역시,서해구,0.0,0.283172,0.0,0.346981,No Flag,0.283172,원자료,False,False,0.1331538947368421,0.8668461052631579,,,,NoFlag_산정완료
28290,인천광역시,검단구,0.0,0.199372,0.0,0.392116,No Flag,0.199372,원자료,False,False,0.114495649122807,0.885504350877193,,,,NoFlag_산정완료
28710,인천광역시,강화군,0.386848,0.569411,0.0,0.566785,No Flag,0.569411,원자료,False,False,0.3783224385964913,0.6216775614035087,,,,NoFlag_산정완료
28720,인천광역시,옹진군,0.444514,,0.0,0.479365,No Flag,0.0,하천없음_0,True,False,0.2154506315789474,0.7845493684210526,0.2154506315789474,0.2738785877192983,0.3293407894736843,홍수지도미확보_검토보류
30110,대전광역시,동구,0.2522,0.187639,0.34505,0.497752,연안 평가 비대상,0.187639,원자료,False,False,0.28858471929824564,0.7114152807017544,,,,연안평가비대상_산정완료
30140,대전광역시,중구,0.372523,0.04992,0.356706,0.32768,연안 평가 비대상,0.04992,원자료,False,False,0.2664069298245614,0.7335930701754386,,,,연안평가비대상_산정완료
30170,대전광역시,서구,0.37787,0.20346,0.48641,0.213679,연안 평가 비대상,0.20346,원자료,False,False,0.32756336842105266,0.6724366315789474,,,,연안평가비대상_산정완료
30200,대전광역시,유성구,0.492571,0.237657,0.269662,0.393161,연안 평가 비대상,0.237657,원자료,False,False,0.35175284210526325,0.6482471578947367,,,,연안평가비대상_산정완료
30230,대전광역시,대덕구,0.0,0.048331,0.158481,0.256466,연안 평가 비대상,0.048331,원자료,False,False,0.08655452631578948,0.9134454736842105,,,,연안평가비대상_산정완료
31110,울산광역시,중구,0.0,0.152124,0.175475,0.25864,연안 평가 비대상,0.152124,원자료,False,False,0.12169128070175439,0.8783087192982456,,,,연안평가비대상_산정완료
31140,울산광역시,남구,0.0,0.237798,0.206375,0.251532,No Flag,0.237798,원자료,False,False,0.1532929298245614,0.8467070701754386,,,,NoFlag_산정완료
31170,울산광역시,동구,0.0,0.008627,0.0,0.33321,No Flag,0.008627,원자료,False,False,0.04933928070175439,0.9506607192982456,,,,NoFlag_산정완료
31200,울산광역시,북구,0.260771,0.271525,0.434509,0.502737,CO Yellow,0.271525,원자료,False,False,0.4050755157894737,0.5949244842105263,,,,CO_Yellow_점수조정
31710,울산광역시,울주군,0.0,0.546023,0.610113,0.812275,CO Yellow,0.546023,원자료,False,False,0.49920126315789476,0.5007987368421052,,,,CO_Yellow_점수조정
36110,세종특별자치시,세종특별자치시,0.235061,0.610401,0.488135,0.517557,연안 평가 비대상,0.610401,원자료,False,False,0.44437170175438606,0.555628298245614,,,,연안평가비대상_산정완료
41111,경기도,수원시 장안구,0.0,0.029588,0.199018,0.338351,연안 평가 비대상,0.029588,원자료,False,False,0.1017024210526316,0.8982975789473684,,,,연안평가비대상_산정완료
41113,경기도,수원시 권선구,0.2522,0.220057,0.0,0.07144,연안 평가 비대상,0.220057,원자료,False,False,0.15972436842105264,0.8402756315789474,,,,연안평가비대상_산정완료
41115,경기도,수원시 팔달구,0.0,0.021034,0.0,0.0,연안 평가 비대상,0.021034,원자료,False,False,0.006273298245614036,0.9937267017543859,,,,연안평가비대상_산정완료
41117,경기도,수원시 영통구,0.0,0.174742,0.0,0.070168,연안 평가 비대상,0.174742,원자료,False,False,0.0619641754385965,0.9380358245614036,,,,연안평가비대상_산정완료
41131,경기도,성남시 수정구,0.0,0.072514,0.259747,0.149167,연안 평가 비대상,0.072514,원자료,False,False,0.1018032456140351,0.8981967543859649,,,,연안평가비대상_산정완료
41133,경기도,성남시 중원구,0.0,0.009393,0.0,0.204413,연안 평가 비대상,0.009393,원자료,False,False,0.03149096491228071,0.9685090350877192,,,,연안평가비대상_산정완료
41135,경기도,성남시 분당구,0.0,0.036299,0.0,0.31765,연안 평가 비대상,0.036299,원자료,False,False,0.05540847368421053,0.9445915263157895,,,,연안평가비대상_산정완료
41150,경기도,의정부시,0.0,0.0961,0.0,0.338976,연안 평가 비대상,0.0961,원자료,False,False,0.07623698245614036,0.9237630175438596,,,,연안평가비대상_산정완료
41171,경기도,안양시 만안구,0.0,0.165906,0.216416,0.382715,연안 평가 비대상,0.165906,원자료,False,False,0.1525531578947369,0.8474468421052631,,,,연안평가비대상_산정완료
41173,경기도,안양시 동안구,0.0,0.199745,0.0,0.14703,연안 평가 비대상,0.199745,원자료,False,False,0.08020885964912282,0.9197911403508772,,,,연안평가비대상_산정완료
41192,경기도,부천시 원미구,0.0,0.048152,0.0,0.0,연안 평가 비대상,0.048152,원자료,False,False,0.014361122807017545,0.9856388771929825,,,,연안평가비대상_산정완료
41194,경기도,부천시 소사구,0.0,0.04887,0.0,0.0,연안 평가 비대상,0.04887,원자료,False,False,0.014575263157894739,0.9854247368421053,,,,연안평가비대상_산정완료
41196,경기도,부천시 오정구,0.0,0.228752,0.0,0.073877,연안 평가 비대상,0.228752,원자료,False,False,0.07859298245614037,0.9214070175438597,,,,연안평가비대상_산정완료
41210,경기도,광명시,0.0,0.261152,0.0,0.223516,연안 평가 비대상,0.261152,원자료,False,False,0.1092581052631579,0.8907418947368421,,,,연안평가비대상_산정완료
41220,경기도,평택시,0.336292,0.888837,0.155901,0.427971,No Flag,0.888837,원자료,False,False,0.47281154385964913,0.5271884561403508,,,,NoFlag_산정완료
41250,경기도,동두천시,0.0,0.249947,0.0,0.419522,연안 평가 비대상,0.249947,원자료,False,False,0.13342587719298246,0.8665741228070175,,,,연안평가비대상_산정완료
41271,경기도,안산시 상록구,0.0,0.220598,0.0,0.36573,연안 평가 비대상,0.220598,원자료,False,False,0.11712291228070176,0.8828770877192982,,,,연안평가비대상_산정완료
41273,경기도,안산시 단원구,0.0,0.040089,0.0,0.287791,No Flag,0.040089,원자료,False,False,0.052348087719298254,0.9476519122807018,,,,NoFlag_산정완료
41281,경기도,고양시 덕양구,0.0,0.601536,0.174767,0.489289,연안 평가 비대상,0.601536,원자료,False,False,0.28793675438596494,0.712063245614035,,,,연안평가비대상_산정완료
41285,경기도,고양시 일산동구,0.0,0.385716,0.0,0.294737,연안 평가 비대상,0.385716,원자료,False,False,0.156404701754386,0.843595298245614,,,,연안평가비대상_산정완료
41287,경기도,고양시 일산서구,0.0,0.483853,0.0,0.0,연안 평가 비대상,0.483853,원자료,False,False,0.1443070350877193,0.8556929649122806,,,,연안평가비대상_산정완료
41290,경기도,과천시,0.0,0.076235,0.237042,0.364414,연안 평가 비대상,0.076235,원자료,False,False,0.12794478947368423,0.8720552105263157,,,,연안평가비대상_산정완료
41310,경기도,구리시,0.0,0.302579,0.0,0.34484,연안 평가 비대상,0.302579,원자료,False,False,0.1386414561403509,0.8613585438596492,,,,연안평가비대상_산정완료
41360,경기도,남양주시,0.0,0.228881,0.25386,0.682993,연안 평가 비대상,0.228881,원자료,False,False,0.22201931578947373,0.7779806842105262,,,,연안평가비대상_산정완료
41370,경기도,오산시,0.0,0.146002,0.178255,0.253294,연안 평가 비대상,0.146002,원자료,False,False,0.11974914035087722,0.8802508596491228,,,,연안평가비대상_산정완료
41390,경기도,시흥시,0.320791,0.326155,0.0,0.454225,CO Yellow,0.326155,원자료,False,False,0.32154661052631583,0.6784533894736842,,,,CO_Yellow_점수조정
41410,경기도,군포시,0.0,0.099587,0.296912,0.356242,연안 평가 비대상,0.099587,원자료,False,False,0.14741703508771933,0.8525829649122807,,,,연안평가비대상_산정완료
41430,경기도,의왕시,0.0,0.055641,0.253593,0.314668,연안 평가 비대상,0.055641,원자료,False,False,0.11859561403508774,0.8814043859649122,,,,연안평가비대상_산정완료
41450,경기도,하남시,0.0,0.052387,0.434952,0.441894,연안 평가 비대상,0.052387,원자료,False,False,0.17684398245614041,0.8231560175438596,,,,연안평가비대상_산정완료
41461,경기도,용인시 처인구,0.269344,0.332007,0.495305,0.471595,연안 평가 비대상,0.332007,원자료,False,False,0.36795403508771934,0.6320459649122807,,,,연안평가비대상_산정완료
41463,경기도,용인시 기흥구,0.0,0.100702,0.19396,0.256482,연안 평가 비대상,0.100702,원자료,False,False,0.1102678947368421,0.8897321052631579,,,,연안평가비대상_산정완료
41465,경기도,용인시 수지구,0.0,0.087604,0.287609,0.204266,연안 평가 비대상,0.087604,원자료,False,False,0.12039145614035089,0.8796085438596492,,,,연안평가비대상_산정완료
41480,경기도,파주시,0.353208,0.708648,0.652882,0.623955,연안 평가 비대상,0.708648,원자료,False,False,0.565562701754386,0.43443729824561395,,,,연안평가비대상_산정완료
41500,경기도,이천시,0.299444,0.672831,0.564817,0.395656,연안 평가 비대상,0.672831,원자료,False,False,0.48483214035087724,0.5151678596491227,,,,연안평가비대상_산정완료
41550,경기도,안성시,0.0,0.642892,0.643183,0.526439,연안 평가 비대상,0.642892,원자료,False,False,0.41231675438596493,0.5876832456140351,,,,연안평가비대상_산정완료
41570,경기도,김포시,0.0,0.72555,0.408814,0.378879,No Flag,0.72555,원자료,False,False,0.3628063859649123,0.6371936140350877,,,,NoFlag_산정완료
41591,경기도,화성시 만세구,0.295066,0.359087,0.15414,0.584311,No Flag,0.359087,원자료,False,False,0.32261475438596493,0.677385245614035,,,,NoFlag_산정완료
41593,경기도,화성시 효행구,0.0,0.404341,0.163434,0.440333,연안 평가 비대상,0.404341,원자료,False,False,0.21966847368421055,0.7803315263157895,,,,연안평가비대상_산정완료
41595,경기도,화성시 병점구,0.0,0.279546,0.0,0.0,연안 평가 비대상,0.279546,원자료,False,False,0.08337336842105265,0.9166266315789473,,,,연안평가비대상_산정완료
41597,경기도,화성시 동탄구,0.0,0.085162,0.0,0.22589,연안 평가 비대상,0.085162,원자료,False,False,0.057103052631578964,0.942896947368421,,,,연안평가비대상_산정완료
41610,경기도,광주시,0.2522,0.386149,0.467125,0.613403,연안 평가 비대상,0.386149,원자료,False,False,0.3918628421052632,0.6081371578947368,,,,연안평가비대상_산정완료
41630,경기도,양주시,0.0,0.298493,0.48376,0.514032,연안 평가 비대상,0.298493,원자료,False,False,0.2715002982456141,0.7284997017543859,,,,연안평가비대상_산정완료
41650,경기도,포천시,0.0,0.528925,0.281426,0.663536,연안 평가 비대상,0.528925,원자료,False,False,0.31506229824561405,0.684937701754386,,,,연안평가비대상_산정완료
41670,경기도,여주시,0.302647,0.694499,0.488073,0.592938,연안 평가 비대상,0.694499,원자료,False,False,0.5025478771929826,0.49745212280701745,,,,연안평가비대상_산정완료
41800,경기도,연천군,0.526205,0.469944,0.652882,0.529778,연안 평가 비대상,0.469944,원자료,False,False,0.5388181228070176,0.4611818771929824,,,,연안평가비대상_산정완료
41820,경기도,가평군,0.0,0.284466,0.89164,0.635032,연안 평가 비대상,0.284466,원자료,False,False,0.3773245263157895,0.6226754736842105,,,,연안평가비대상_산정완료
41830,경기도,양평군,0.0,0.497326,0.739102,0.658599,연안 평가 비대상,0.497326,원자료,False,False,0.40932736842105266,0.5906726315789473,,,,연안평가비대상_산정완료
43111,충청북도,청주시 상당구,0.348225,0.27523,0.618966,0.450687,연안 평가 비대상,0.27523,원자료,False,False,0.4025831403508772,0.5974168596491227,,,,연안평가비대상_산정완료
43112,충청북도,청주시 서원구,0.2522,0.159378,0.316867,0.274707,연안 평가 비대상,0.159378,원자료,False,False,0.24242373684210528,0.7575762631578947,,,,연안평가비대상_산정완료
43113,충청북도,청주시 흥덕구,0.0,0.591696,0.450106,0.272501,연안 평가 비대상,0.591696,원자료,False,False,0.31737224561403515,0.6826277543859649,,,,연안평가비대상_산정완료
43114,충청북도,청주시 청원구,0.0,0.539464,0.542147,0.365492,연안 평가 비대상,0.539464,원자료,False,False,0.33583745614035093,0.664162543859649,,,,연안평가비대상_산정완료
43130,충청북도,충주시,0.415387,0.609641,0.785641,0.538298,연안 평가 비대상,0.609641,원자료,False,False,0.5750169649122808,0.4249830350877192,,,,연안평가비대상_산정완료
43150,충청북도,제천시,0.346186,0.202249,0.796069,0.526187,연안 평가 비대상,0.202249,원자료,False,False,0.43112561403508776,0.5688743859649122,,,,연안평가비대상_산정완료
43720,충청북도,보은군,0.453962,0.443234,0.644663,0.454599,연안 평가 비대상,0.443234,원자료,False,False,0.4943450350877194,0.5056549649122806,,,,연안평가비대상_산정완료
43730,충청북도,옥천군,0.530326,0.366822,0.513219,0.581896,연안 평가 비대상,0.366822,원자료,False,False,0.4848979473684211,0.5151020526315788,,,,연안평가비대상_산정완료
43740,충청북도,영동군,0.458946,0.490749,0.477126,0.557163,연안 평가 비대상,0.490749,원자료,False,False,0.48636226315789477,0.5136377368421052,,,,연안평가비대상_산정완료
43745,충청북도,증평군,0.2522,0.31419,0.472835,0.222936,연안 평가 비대상,0.31419,원자료,False,False,0.31690128070175444,0.6830987192982456,,,,연안평가비대상_산정완료
43750,충청북도,진천군,0.320791,0.329275,0.65884,0.384724,연안 평가 비대상,0.329275,원자료,False,False,0.4093932631578947,0.5906067368421053,,,,연안평가비대상_산정완료
43760,충청북도,괴산군,0.570603,0.506564,0.720858,0.429786,연안 평가 비대상,0.506564,원자료,False,False,0.5660085438596493,0.43399145614035073,,,,연안평가비대상_산정완료
43770,충청북도,음성군,0.0,0.421038,0.739347,0.392895,연안 평가 비대상,0.421038,원자료,False,False,0.34933889473684215,0.6506611052631579,,,,연안평가비대상_산정완료
43800,충청북도,단양군,0.235061,0.262037,0.602595,0.482645,연안 평가 비대상,0.262037,원자료,False,False,0.36167864912280706,0.638321350877193,,,,연안평가비대상_산정완료
44131,충청남도,천안시 동남구,0.373045,0.354265,0.732248,0.498415,연안 평가 비대상,0.354265,원자료,False,False,0.46696322807017543,0.5330367719298246,,,,연안평가비대상_산정완료
44133,충청남도,천안시 서북구,0.295066,0.512362,0.35031,0.246596,연안 평가 비대상,0.512362,원자료,False,False,0.36567028070175445,0.6343297192982456,,,,연안평가비대상_산정완료
44150,충청남도,공주시,0.565387,0.621671,0.620822,0.597192,연안 평가 비대상,0.621671,원자료,False,False,0.5992803859649123,0.4007196140350877,,,,연안평가비대상_산정완료
44180,충청남도,보령시,0.401026,0.472297,0.612539,0.57614,CO Yellow,0.472297,원자료,False,False,0.5941193684210527,0.40588063157894727,,,,CO_Yellow_점수조정
44200,충청남도,아산시,0.319794,0.816273,0.640847,0.38251,No Flag,0.816273,원자료,False,False,0.5498915438596492,0.4501084561403508,,,,NoFlag_산정완료
44210,충청남도,서산시,0.44505,0.777013,0.386964,0.608792,No Flag,0.777013,원자료,False,False,0.553790157894737,0.44620984210526304,,,,NoFlag_산정완료
44230,충청남도,논산시,0.541302,0.911361,0.706874,0.484787,연안 평가 비대상,0.911361,원자료,False,False,0.6815005789473685,0.3184994210526315,,,,연안평가비대상_산정완료
44250,충청남도,계룡시,0.0,0.160886,0.191025,0.128435,연안 평가 비대상,0.160886,원자료,False,False,0.10957661403508774,0.8904233859649122,,,,연안평가비대상_산정완료
44270,충청남도,당진시,0.514453,0.87864,0.460377,0.584376,No Flag,0.87864,원자료,False,False,0.620550807017544,0.37944919298245605,,,,NoFlag_산정완료
44710,충청남도,금산군,0.466567,0.412991,0.678122,0.66278,연안 평가 비대상,0.412991,원자료,False,False,0.5263762456140352,0.4736237543859648,,,,연안평가비대상_산정완료
44760,충청남도,부여군,0.344634,0.883055,0.806205,0.557227,연안 평가 비대상,0.883055,원자료,False,False,0.6403238947368421,0.35967610526315785,,,,연안평가비대상_산정완료
44770,충청남도,서천군,0.235061,0.772301,0.683782,0.441815,CO Yellow,0.772301,원자료,False,False,0.6319781473684213,0.3680218526315787,,,,CO_Yellow_점수조정
44790,충청남도,청양군,0.306565,0.594436,0.747468,0.477507,연안 평가 비대상,0.594436,원자료,False,False,0.5169699473684212,0.48303005263157883,,,,연안평가비대상_산정완료
44800,충청남도,홍성군,0.620569,0.583181,0.565993,0.655134,CO Yellow,0.583181,원자료,False,False,0.7221867157894738,0.2778132842105262,,,,CO_Yellow_점수조정
44810,충청남도,예산군,0.370166,0.799025,0.853227,0.402679,연안 평가 비대상,0.799025,원자료,False,False,0.612806350877193,0.38719364912280696,,,,연안평가비대상_산정완료
44825,충청남도,태안군,0.448368,0.610205,0.0,0.42067,CO Yellow,0.610205,원자료,False,False,0.4685860421052632,0.5314139578947368,,,,CO_Yellow_점수조정
47111,경상북도,포항시 남구,0.392313,0.498164,0.616707,0.447219,CO Yellow,0.498164,원자료,False,False,0.5793195368421052,0.42068046315789476,,,,CO_Yellow_점수조정
47113,경상북도,포항시 북구,0.898708,0.344159,0.658925,0.594042,No Flag,0.344159,원자료,False,False,0.635868701754386,0.36413129824561397,,,,NoFlag_산정완료
47130,경상북도,경주시,1.0,0.719004,0.738131,0.652648,CO Yellow,0.719004,원자료,False,False,0.9692622105263158,0.03073778947368422,,,,CO_Yellow_점수조정
47150,경상북도,김천시,0.605667,0.712997,0.774141,0.503242,연안 평가 비대상,0.712997,원자료,False,False,0.6617261578947369,0.3382738421052631,,,,연안평가비대상_산정완료
47170,경상북도,안동시,0.6279,0.644778,0.176875,0.810716,연안 평가 비대상,0.644778,원자료,False,False,0.5557268245614035,0.44427317543859646,,,,연안평가비대상_산정완료
47190,경상북도,구미시,0.492193,0.699657,0.20277,0.496703,연안 평가 비대상,0.699657,원자료,False,False,0.4886924561403509,0.511307543859649,,,,연안평가비대상_산정완료
47210,경상북도,영주시,0.408962,0.603515,0.74322,0.648493,연안 평가 비대상,0.603515,원자료,False,False,0.5768392456140351,0.4231607543859649,,,,연안평가비대상_산정완료
47230,경상북도,영천시,0.336943,0.586646,0.376764,0.597042,연안 평가 비대상,0.586646,원자료,False,False,0.4570029298245615,0.5429970701754385,,,,연안평가비대상_산정완료
47250,경상북도,상주시,0.761117,0.593441,0.408834,0.67945,연안 평가 비대상,0.593441,원자료,False,False,0.6193010877192984,0.38069891228070163,,,,연안평가비대상_산정완료
47280,경상북도,문경시,0.561227,0.400435,0.517346,0.563243,연안 평가 비대상,0.400435,원자료,False,False,0.5035464912280703,0.49645350877192973,,,,연안평가비대상_산정완료
47290,경상북도,경산시,0.295066,0.576688,0.283153,0.470589,연안 평가 비대상,0.576688,원자료,False,False,0.4009763333333334,0.5990236666666666,,,,연안평가비대상_산정완료
47730,경상북도,의성군,0.48114,0.483405,0.0,0.878405,연안 평가 비대상,0.483405,원자료,False,False,0.4278383333333334,0.5721616666666667,,,,연안평가비대상_산정완료
47750,경상북도,청송군,0.378932,0.508996,0.45911,0.547185,연안 평가 비대상,0.508996,원자료,False,False,0.45962368421052635,0.5403763157894736,,,,연안평가비대상_산정완료
47760,경상북도,영양군,0.404424,0.45165,0.661609,0.561578,연안 평가 비대상,0.45165,원자료,False,False,0.4992218771929825,0.5007781228070175,,,,연안평가비대상_산정완료
47770,경상북도,영덕군,0.412558,0.634814,0.762044,0.671168,No Flag,0.634814,원자료,False,False,0.594848350877193,0.405151649122807,,,,NoFlag_산정완료
47820,경상북도,청도군,0.42578,0.456185,0.481695,0.496543,연안 평가 비대상,0.456185,원자료,False,False,0.457532350877193,0.542467649122807,,,,연안평가비대상_산정완료
47830,경상북도,고령군,0.527381,0.654376,0.481163,0.593432,연안 평가 비대상,0.654376,원자료,False,False,0.5639860701754387,0.43601392982456133,,,,연안평가비대상_산정완료
47840,경상북도,성주군,0.476397,0.561764,0.685157,0.57603,연안 평가 비대상,0.561764,원자료,False,False,0.5634528421052633,0.43654715789473675,,,,연안평가비대상_산정완료
47850,경상북도,칠곡군,0.465561,0.453701,0.548167,0.454391,연안 평가 비대상,0.453701,원자료,False,False,0.479296052631579,0.520703947368421,,,,연안평가비대상_산정완료
47900,경상북도,예천군,0.531859,0.586007,0.62005,0.633478,연안 평가 비대상,0.586007,원자료,False,False,0.5823844561403508,0.41761554385964916,,,,연안평가비대상_산정완료
47920,경상북도,봉화군,0.449249,0.516037,0.778127,0.669652,연안 평가 비대상,0.516037,원자료,False,False,0.5751092456140352,0.4248907543859648,,,,연안평가비대상_산정완료
47930,경상북도,울진군,0.476699,0.507376,0.800554,0.83105,CO Yellow,0.507376,원자료,False,False,0.7313321052631581,0.26866789473684194,,,,CO_Yellow_점수조정
47940,경상북도,울릉군,0.0,0.012459,0.328644,0.121928,No Flag,0.012459,원자료,False,False,0.09578243859649123,0.9042175614035087,,,,NoFlag_산정완료
48121,경상남도,창원시 의창구,0.316591,0.762477,0.478317,0.342421,No Flag,0.762477,원자료,False,False,0.49008468421052626,0.5099153157894738,,,,NoFlag_산정완료
48123,경상남도,창원시 성산구,0.0,0.244501,0.19396,0.207228,No Flag,0.244501,원자료,False,False,0.14624247368421056,0.8537575263157895,,,,NoFlag_산정완료
48125,경상남도,창원시 마산합포구,0.409503,0.397737,0.245674,0.45555,CO Yellow,0.397737,원자료,False,False,0.45011048421052635,0.5498895157894736,,,,CO_Yellow_점수조정
48127,경상남도,창원시 마산회원구,0.308017,0.083774,0.283722,0.288855,No Flag,0.083774,원자료,False,False,0.23290714035087723,0.7670928596491228,,,,NoFlag_산정완료
48129,경상남도,창원시 진해구,0.260771,0.185377,0.362094,0.227385,CO Yellow,0.185377,원자료,False,False,0.3080496842105263,0.6919503157894737,,,,CO_Yellow_점수조정
48170,경상남도,진주시,0.447573,0.742228,0.413271,0.476775,연안 평가 비대상,0.742228,원자료,False,False,0.5317278245614036,0.46827217543859645,,,,연안평가비대상_산정완료
48220,경상남도,통영시,0.303641,0.229767,0.575297,0.334061,CO Yellow,0.229767,원자료,False,False,0.4174014105263158,0.5825985894736843,,,,CO_Yellow_점수조정
48240,경상남도,사천시,0.316591,0.388569,0.399184,0.471109,No Flag,0.388569,원자료,False,False,0.37858185964912283,0.6214181403508772,,,,NoFlag_산정완료
48250,경상남도,김해시,0.0,0.791435,0.675659,0.583814,연안 평가 비대상,0.791435,원자료,False,False,0.4720784912280703,0.5279215087719298,,,,연안평가비대상_산정완료
48270,경상남도,밀양시,0.529712,0.890379,0.578259,0.637319,연안 평가 비대상,0.890379,원자료,False,False,0.6634542105263159,0.3365457894736841,,,,연안평가비대상_산정완료
48310,경상남도,거제시,0.0,0.395946,0.194535,0.470958,CO Yellow,0.395946,원자료,False,False,0.2742673894736843,0.7257326105263158,,,,CO_Yellow_점수조정
48330,경상남도,양산시,0.0,0.567205,0.546801,0.55479,연안 평가 비대상,0.567205,원자료,False,False,0.3717406666666667,0.6282593333333333,,,,연안평가비대상_산정완료
48720,경상남도,의령군,0.4297,0.647853,0.422688,0.429736,연안 평가 비대상,0.647853,원자료,False,False,0.4931690000000001,0.5068309999999999,,,,연안평가비대상_산정완료
48730,경상남도,함안군,0.363948,0.850338,0.515585,0.390272,연안 평가 비대상,0.850338,원자료,False,False,0.5472901578947369,0.4527098421052631,,,,연안평가비대상_산정완료
48740,경상남도,창녕군,0.474452,0.825638,0.417879,0.478917,연안 평가 비대상,0.825638,원자료,False,False,0.5669157368421054,0.4330842631578946,,,,연안평가비대상_산정완료
48820,경상남도,고성군,0.335172,0.578351,0.458102,0.446335,No Flag,0.578351,원자료,False,False,0.4513375614035088,0.5486624385964912,,,,NoFlag_산정완료
48840,경상남도,남해군,0.277918,0.397784,0.416564,0.334701,No Flag,0.397784,원자료,False,False,0.35325807017543864,0.6467419298245614,,,,NoFlag_산정완료
48850,경상남도,하동군,0.413456,0.655889,0.712283,0.603945,No Flag,0.655889,원자료,False,False,0.580649403508772,0.41935059649122797,,,,NoFlag_산정완료
48860,경상남도,산청군,0.444739,0.489192,0.951545,0.758603,연안 평가 비대상,0.489192,원자료,False,False,0.6176353333333334,0.3823646666666666,,,,연안평가비대상_산정완료
48870,경상남도,함양군,0.2522,0.352116,0.870145,0.60153,연안 평가 비대상,0.352116,원자료,False,False,0.4719631052631579,0.5280368947368421,,,,연안평가비대상_산정완료
48880,경상남도,거창군,0.551669,0.312649,0.870366,0.545839,연안 평가 비대상,0.312649,원자료,False,False,0.5522493684210527,0.44775063157894734,,,,연안평가비대상_산정완료
48890,경상남도,합천군,0.452022,0.657458,0.85233,0.705751,연안 평가 비대상,0.657458,원자료,False,False,0.6402017894736843,0.35979821052631566,,,,연안평가비대상_산정완료
50110,제주특별자치도,제주시,0.391761,0.434029,0.167368,0.230259,CO Red,0.434029,원자료,False,True,,,,,,CO_Red_후보제외
50130,제주특별자치도,서귀포시,0.286492,0.368665,0.0,0.12057,CO Red,0.368665,원자료,False,True,,,,,,CO_Red_후보제외
51110,강원특별자치도,춘천시,0.0,0.449238,0.695396,0.676803,연안 평가 비대상,0.449238,원자료,False,False,0.38757224561403514,0.6124277543859649,,,,연안평가비대상_산정완료
51130,강원특별자치도,원주시,0.277918,0.532312,0.604722,0.570353,연안 평가 비대상,0.532312,원자료,False,False,0.4693676491228071,0.5306323508771928,,,,연안평가비대상_산정완료
51150,강원특별자치도,강릉시,0.0,0.649651,0.66986,0.826383,CO Yellow,0.649651,원자료,False,False,0.5550170736842106,0.4449829263157894,,,,CO_Yellow_점수조정
51170,강원특별자치도,동해시,0.434209,0.163076,0.320632,0.337244,CO Yellow,0.163076,원자료,False,False,0.37659854736842113,0.6234014526315789,,,,CO_Yellow_점수조정
51190,강원특별자치도,태백시,0.404304,0.258268,0.279805,0.291529,연안 평가 비대상,0.258268,원자료,False,False,0.3165268245614036,0.6834731754385964,,,,연안평가비대상_산정완료
51210,강원특별자치도,속초시,0.0,0.106271,0.330713,0.198674,CO Yellow,0.106271,원자료,False,False,0.16200564210526316,0.8379943578947369,,,,CO_Yellow_점수조정
51230,강원특별자치도,삼척시,0.461346,0.427154,0.663629,0.729383,No Flag,0.427154,원자료,False,False,0.5349023333333335,0.4650976666666665,,,,NoFlag_산정완료
51720,강원특별자치도,홍천군,0.0,0.443931,0.812678,0.702411,연안 평가 비대상,0.443931,원자료,False,False,0.4163320877192983,0.5836679122807017,,,,연안평가비대상_산정완료
51730,강원특별자치도,횡성군,0.0,0.344447,0.713098,0.573365,연안 평가 비대상,0.344447,원자료,False,False,0.34583847368421056,0.6541615263157894,,,,연안평가비대상_산정완료
51750,강원특별자치도,영월군,0.339651,0.388351,0.632353,0.633074,연안 평가 비대상,0.388351,원자료,False,False,0.4621143333333334,0.5378856666666666,,,,연안평가비대상_산정완료
51760,강원특별자치도,평창군,0.55914,0.373639,0.518114,0.579975,연안 평가 비대상,0.373639,원자료,False,False,0.4973825438596492,0.5026174561403508,,,,연안평가비대상_산정완료
51770,강원특별자치도,정선군,0.678878,0.371374,0.292971,0.583601,연안 평가 비대상,0.371374,원자료,False,False,0.48578019298245617,0.5142198070175439,,,,연안평가비대상_산정완료
51780,강원특별자치도,철원군,0.295066,0.421632,0.515701,0.534328,연안 평가 비대상,0.421632,원자료,False,False,0.4167146491228071,0.5832853508771929,,,,연안평가비대상_산정완료
51790,강원특별자치도,화천군,0.0,0.122833,0.47588,0.606653,연안 평가 비대상,0.122833,원자료,False,False,0.23031271929824565,0.7696872807017543,,,,연안평가비대상_산정완료
51800,강원특별자치도,양구군,0.320791,0.271488,0.64355,0.66162,연안 평가 비대상,0.271488,원자료,False,False,0.4275339473684211,0.5724660526315789,,,,연안평가비대상_산정완료
51810,강원특별자치도,인제군,0.243629,0.375561,0.538616,0.667807,연안 평가 비대상,0.375561,원자료,False,False,0.4097886315789474,0.5902113684210526,,,,연안평가비대상_산정완료
51820,강원특별자치도,고성군,0.0,0.504105,0.708337,0.690587,CO Yellow,0.504105,원자료,False,False,0.4905865684210527,0.5094134315789474,,,,CO_Yellow_점수조정
51830,강원특별자치도,양양군,0.0,0.512517,0.712136,0.640375,CO Yellow,0.512517,원자료,False,False,0.4861801473684211,0.5138198526315789,,,,CO_Yellow_점수조정
52111,전북특별자치도,전주시 완산구,0.303641,0.002136,0.252984,0.294737,연안 평가 비대상,0.002136,원자료,False,False,0.2009154210526316,0.7990845789473684,,,,연안평가비대상_산정완료
52113,전북특별자치도,전주시 덕진구,0.0,0.595851,0.165814,0.137258,연안 평가 비대상,0.595851,원자료,False,False,0.23479145614035093,0.7652085438596491,,,,연안평가비대상_산정완료
52130,전북특별자치도,군산시,0.428719,0.803266,0.564266,0.339066,CO Yellow,0.803266,원자료,False,False,0.6705088210526317,0.32949117894736835,,,,CO_Yellow_점수조정
52140,전북특별자치도,익산시,0.520857,0.979454,0.575457,0.38335,연안 평가 비대상,0.979454,원자료,False,False,0.6507849473684213,0.3492150526315787,,,,연안평가비대상_산정완료
52180,전북특별자치도,정읍시,0.516682,0.910005,0.277259,0.343833,연안 평가 비대상,0.910005,원자료,False,False,0.5551241052631579,0.4448758947368421,,,,연안평가비대상_산정완료
52190,전북특별자치도,남원시,0.448999,0.623871,0.729412,0.57309,연안 평가 비대상,0.623871,원자료,False,False,0.5825239298245614,0.41747607017543864,,,,연안평가비대상_산정완료
52210,전북특별자치도,김제시,0.384069,0.950899,0.304843,0.348671,CO Yellow,0.950899,원자료,False,False,0.6361036,0.3638964,,,,CO_Yellow_점수조정
52710,전북특별자치도,완주군,0.45619,0.701302,0.630419,0.555738,연안 평가 비대상,0.701302,원자료,False,False,0.5830016666666668,0.41699833333333325,,,,연안평가비대상_산정완료
52720,전북특별자치도,진안군,0.432877,0.271837,0.550605,0.454612,연안 평가 비대상,0.271837,원자료,False,False,0.4147482982456141,0.5852517017543859,,,,연안평가비대상_산정완료
52730,전북특별자치도,무주군,0.536826,0.245317,0.659971,0.512634,연안 평가 비대상,0.245317,원자료,False,False,0.47457505263157895,0.525424947368421,,,,연안평가비대상_산정완료
52740,전북특별자치도,장수군,0.486296,0.378108,0.755524,0.433965,연안 평가 비대상,0.378108,원자료,False,False,0.5080875789473684,0.49191242105263155,,,,연안평가비대상_산정완료
52750,전북특별자치도,임실군,0.0,0.310904,0.515427,0.434656,연안 평가 비대상,0.310904,원자료,False,False,0.2712836315789474,0.7287163684210526,,,,연안평가비대상_산정완료
52770,전북특별자치도,순창군,0.243629,0.45525,0.409137,0.453331,연안 평가 비대상,0.45525,원자료,False,False,0.3739233333333334,0.6260766666666666,,,,연안평가비대상_산정완료
52790,전북특별자치도,고창군,0.0,0.773303,0.215506,0.441926,No Flag,0.773303,원자료,False,False,0.3418094210526316,0.6581905789473683,,,,NoFlag_산정완료
52800,전북특별자치도,부안군,0.602724,0.840643,0.300764,0.35403,No Flag,0.840643,원자료,False,False,0.569909807017544,0.430090192982456,,,,NoFlag_산정완료
