시군구코드,시도명,시군구명,등급,전체순위,등급내순위,수용점수,부분점수,보강항목,강점,해석주의,점수_전력,점수_신재생,점수_수자원,점수_재해,점수_냉각,용량MW_2029,수자원_H,신재생_발전량_MWh,재해_안전도,냉각_WSE가능비율,전력_0.5GW수용,후보제외,제외사유,수도권,비수도권순위,민감도_순위_Fuzzy-AHP,민감도_등급_Fuzzy-AHP,민감도_순위_동일가중,민감도_등급_동일가중,민감도_순위_신재생대체배분,민감도_등급_신재생대체배분,민감도_등급_D400,민감도_등급_D33840
12870,전남광주통합특별시,신안군,A,1.0,1.0,0.8192670895246693,False,냉각,"전력, 신재생, 재해",홍수 대체,1.0,0.8178371098703251,0.6735011189982479,0.8811021027655643,0.2064276885043263,895.0,13550.0,1297271.0,0.8838409561403509,0.4909,True,False,,False,1.0,1.0,A,2.0,A,1.0,A,A,용수선결
41273,경기도,안산시 단원구,A,2.0,2.0,0.7883269100173904,False,,"전력, 신재생, 재해, 냉각",신재생 배분추정(중간),0.793296,0.6927392285895125,0.838981391839417,0.9470073412309524,0.6582200247218787,710.0,140346.0,503553.1923980922,0.9476519122807018,0.564,True,False,,True,,2.0,A,1.0,A,2.0,A,A,A
47290,경상북도,경산시,A,3.0,3.0,0.6889592528743944,False,,전력,,0.77095,0.5944303723232177,0.8256270472595066,0.5869370797475375,0.42830655129789896,690.0,116217.0,239370.0,0.5990236666666666,0.5268,True,False,,False,2.0,3.0,A,4.0,A,3.0,A,A,A
52130,전북특별자치도,군산시,A,4.0,4.0,0.667632420068872,False,"재해, 냉각","전력, 신재생",,0.648045,1.0,0.8445908990941684,0.3085585072930054,0.27379480840543896,580.0,151920.0,5146261.0,0.3294911789473683,0.5018,False,False,,False,3.0,10.0,A,10.0,A,4.0,A,A,A
27140,대구광역시,동구,A,5.0,5.0,0.65973627082162,False,,"전력, 수자원",,0.77095,0.35706380766059387,0.9208236541152514,0.6718756616503802,0.3226205191594564,690.0,445974.0,39741.0,0.6812631403508771,0.5097,True,False,,False,4.0,4.0,A,15.0,A,5.0,A,A,A
41271,경기도,안산시 상록구,A,6.0,6.0,0.6589366404412439,False,신재생,"전력, 재해, 냉각",신재생 배분추정(중간),0.793296,0.10597828002716134,0.838981391839417,0.8801066000810565,0.5760197775030901,710.0,140346.0,5946.807601907797,0.8828770877192982,0.5507,True,False,,True,,5.0,A,5.0,A,8.0,A,A,A
41370,경기도,오산시,A,7.0,7.0,0.6526675964340997,False,,"전력, 재해",,0.670391,0.29759981269419833,0.896366598282874,0.8773941789280382,0.5673671199011127,600.0,315692.0,25344.0,0.8802508596491228,0.5493,False,False,,True,,12.0,A,3.0,A,6.0,A,A,A
47230,경상북도,영천시,A,8.0,8.0,0.6510257831651697,False,,"전력, 신재생",,0.782123,0.6256931499105914,0.6069542072897471,0.5290716844377257,0.3739184177997529,700.0,5292.0,303234.0,0.5429970701754385,0.518,True,False,,False,5.0,7.0,A,23.0,A,7.0,A,A,용수선결
52770,전북특별자치도,순창군,A,9.0,9.0,0.640413173721107,False,,전력,,0.77095,0.5216351198550345,0.6276757678854501,0.6148779620669094,0.368974042027194,690.0,7092.0,138011.0,0.6260766666666666,0.5172,True,False,,False,6.0,9.0,A,25.0,A,9.0,A,A,용수선결
43130,충청북도,충주시,A,10.0,10.0,0.6394984133942501,False,재해,"전력, 신재생",,0.625698,0.794812528152878,0.7836174325678256,0.4071844162449121,0.45797280593325074,560.0,64200.0,1089903.0,0.4249830350877192,0.5316,False,False,,False,7.0,16.0,A,11.0,A,10.0,A,A,A
44210,충청남도,서산시,용수선결,11.0,,0.6387407695977108,False,"용수(H<4,080), 재해","전력, 신재생",,0.916201,0.8356607699660169,0.0,0.429107889312343,0.4134734239802224,820.0,0.0,1484523.0,0.446209842105263,0.5244,True,False,,False,8.0,6.0,용수선결,87.0,용수선결,11.0,용수선결,용수선결,용수선결
44760,충청남도,부여군,A,12.0,11.0,0.6372459904038454,False,"재해, 냉각","전력, 신재생",,0.782123,0.6316713142408001,0.7190199762123761,0.3397341060808805,0.283683559950556,700.0,25776.0,317262.0,0.3596761052631578,0.5034,True,False,,False,9.0,8.0,A,52.0,B,12.0,A,A,용수선결
27710,대구광역시,달성군,A,13.0,12.0,0.6329943394275153,False,냉각,"전력, 수자원",,0.675978,0.559475609042766,0.9208236541152514,0.5641816610251434,0.19839307787391824,605.0,445974.0,183752.0,0.5769913508771929,0.4896,False,False,,False,10.0,14.0,A,22.0,A,13.0,A,A,A
12720,전남광주통합특별시,곡성군,A,14.0,13.0,0.6268864529971361,False,,전력,,0.77095,0.49081395643351555,0.6276757678854501,0.5599499977359496,0.3640296662546352,690.0,7092.0,109309.0,0.5728941578947367,0.5164,True,False,,False,11.0,11.0,A,37.0,A,14.0,A,A,용수선결
43150,충청북도,제천시,A,15.0,14.0,0.6236058708671236,False,,"전력, 냉각",,0.659218,0.5421227301401468,0.6912356543830552,0.5557982964665177,0.6081582200247216,590.0,17408.0,161147.0,0.5688743859649122,0.5559,False,False,,False,12.0,19.0,A,13.0,A,15.0,A,A,용수선결
12810,전남광주통합특별시,무안군,A,16.0,15.0,0.6203841686217517,False,냉각,"전력, 신재생",,0.631285,0.6854601356312099,0.6694374186295493,0.6610557295052115,0.3065512978986403,565.0,12794.0,476575.0,0.6707870350877192,0.5071,False,False,,False,13.0,21.0,A,19.0,A,16.0,A,A,용수선결
12110,전남광주통합특별시,목포시,A,17.0,16.0,0.6202708571183732,False,냉각,"전력, 재해",홍수 대체,0.631285,0.4870145483023946,0.8025787488911786,0.9690036299278,0.061186650185413895,565.0,83920.0,106212.0,0.9689492210526316,0.4674,False,False,,False,14.0,20.0,A,20.0,A,17.0,A,A,A
41597,경기도,화성시 동탄구,A,18.0,17.0,0.6171357714648917,False,신재생,"전력, 수자원, 재해",신재생 배분추정(중간),0.670391,0.06869387797787709,0.9106221127931937,0.9420963178676737,0.5438813349814586,600.0,386120.0,4485.071997657171,0.942896947368421,0.5455,False,False,,True,,17.0,A,8.0,A,20.0,A,A,A
48740,경상남도,창녕군,A,19.0,18.0,0.6159761698516478,False,"재해, 냉각",전력,,0.675978,0.5363780394761267,0.8930994919014634,0.41555152747661145,0.314585908529048,605.0,301453.0,154294.0,0.4330842631578946,0.5084,False,False,,False,15.0,15.0,A,34.0,A,18.0,A,A,A
44180,충청남도,보령시,용수선결,20.0,,0.6134032832224229,False,"용수(H<4,080), 재해, 냉각","전력, 신재생",,0.765363,0.6519792350432144,0.5473350824566726,0.3874550698339501,0.29604449938195276,685.0,2279.0,369944.0,0.4058806315789472,0.5054,True,False,,False,16.0,13.0,용수선결,76.0,용수선결,19.0,용수선결,A,용수선결
44230,충청남도,논산시,A,21.0,19.0,0.6103190633168195,False,재해,"전력, 신재생",,0.675978,0.6842365110722289,0.7190199762123761,0.29720599874238746,0.41594561186650214,605.0,25776.0,472184.0,0.3184994210526315,0.5248,False,False,,False,17.0,18.0,A,44.0,B,21.0,A,A,용수선결
52180,전북특별자치도,정읍시,A,22.0,20.0,0.5863374437898583,False,"재해, 냉각","전력, 신재생",,0.581006,0.752469379998336,0.7400400411859295,0.4277301616502987,0.23176761433868967,520.0,34688.0,791184.0,0.4448758947368421,0.495,False,False,,False,18.0,22.0,A,58.0,B,22.0,A,A,A
44270,충청남도,당진시,A,23.0,21.0,0.5845514694973527,False,재해,"전력, 신재생",,0.480447,0.8785326371093976,0.7081155954177336,0.36015614862904627,0.5414091470951795,430.0,22096.0,2053214.0,0.379449192982456,0.5451,False,False,,False,19.0,25.0,A,18.0,A,23.0,A,A,용수선결
51780,강원특별자치도,철원군,용수선결,24.0,,0.5762654663775151,False,"용수(H<4,080)","전력, 냉각",,0.608939,0.600187941159497,0.4688164007559039,0.570682230770389,0.5772558714462297,545.0,751.0,250026.0,0.5832853508771929,0.5509,False,False,,False,20.0,23.0,용수선결,36.0,용수선결,24.0,용수선결,A,용수선결
12800,전남광주통합특별시,영암군,A,25.0,22.0,0.5738979052930434,False,"재해, 냉각","전력, 신재생",,0.558659,0.7446833813398236,0.6694374186295493,0.48649556002414335,0.25587144622991354,500.0,12794.0,745930.0,0.5017738947368421,0.4989,False,False,,False,21.0,24.0,A,65.0,B,25.0,A,A,용수선결
30230,대전광역시,대덕구,A,26.0,23.0,0.5734419608180975,False,,"전력, 수자원, 재해",,0.424581,0.38922119765984453,0.9264137686340548,0.9116782437042683,0.5302843016069222,380.0,482620.0,50686.0,0.9134454736842104,0.5433,False,False,,False,22.0,29.0,A,6.0,A,26.0,A,A,A
41820,경기도,가평군,A,27.0,24.0,0.5668254896053563,False,,"전력, 신재생, 냉각",,0.458101,0.6524518534289735,0.611084299755598,0.6113651415712793,0.7311495673671199,410.0,5610.0,371269.0,0.6226754736842105,0.5758,False,False,,True,,30.0,A,12.0,A,27.0,A,A,용수선결
12330,전남광주통합특별시,광산구,A,28.0,25.0,0.5648873031277671,False,,"전력, 신재생",,0.446927,0.6285881351293945,0.8666952597998854,0.6509717269844781,0.32076637824474635,400.0,207600.0,309948.0,0.6610234736842104,0.5094,False,False,,False,23.0,27.0,A,24.0,A,28.0,A,A,A
11320,서울특별시,도봉구,A,29.0,26.0,0.5611556032666797,False,신재생,"전력, 수자원, 재해, 냉각",,0.458101,0.1576418889256218,1.0,0.9241502712665768,0.5772558714462297,410.0,1364778.0,8791.0,0.9255211754385964,0.5509,False,False,,True,,26.0,A,9.0,A,29.0,A,A,A
36110,세종특별자치시,세종특별자치시,A,30.0,27.0,0.5356188995967625,False,,"전력, 수자원",,0.424581,0.540811943311445,0.9082026642009654,0.5421174707482244,0.36464771322620493,380.0,373146.0,159557.0,0.555628298245614,0.5165,False,False,,False,24.0,32.0,A,46.0,B,30.0,A,A,A
52113,전북특별자치도,전주시 덕진구,A,31.0,28.0,0.5311254948663039,False,냉각,"전력, 신재생",신재생 배분추정(중간),0.357542,0.6760780653762398,0.8445908990941684,0.7585761621749351,0.15636588380716934,320.0,151920.0,443923.58308397495,0.7652085438596491,0.4828,False,False,,False,25.0,42.0,A,43.0,B,32.0,A,A,A
27260,대구광역시,수성구,A,32.0,29.0,0.5297518359516713,False,"신재생, 냉각","전력, 수자원",,0.50838,0.23873573704695927,0.9208236541152514,0.7827914811765547,0.19839307787391824,455.0,445974.0,16236.0,0.7886543684210526,0.4896,False,False,,False,26.0,28.0,A,75.0,B,31.0,A,A,A
41390,경기도,시흥시,A,33.0,30.0,0.5268013139994866,False,,"전력, 냉각",,0.402235,0.44026033981741935,0.8058176916275985,0.6689736944524206,0.5729295426452413,360.0,87849.0,74571.0,0.6784533894736842,0.5502,False,False,,True,,40.0,A,28.0,A,33.0,A,A,A
51110,강원특별자치도,춘천시,A,34.0,31.0,0.5247393370406401,False,,"신재생, 냉각",,0.27933,0.7706951251887465,0.7746460370859131,0.6007810910425306,0.5698393077873917,250.0,56558.0,908144.0,0.6124277543859649,0.5497,False,False,,False,27.0,48.0,B,17.0,A,34.0,A,A,A
47190,경상북도,구미시,A,35.0,32.0,0.5245732065180166,False,,"전력, 신재생",,0.441341,0.6405243912402384,0.7159557465484836,0.49634210451882166,0.3671199011124847,395.0,24684.0,339237.0,0.511307543859649,0.5169,False,False,,False,28.0,35.0,A,71.0,B,35.0,A,A,용수선결
30200,대전광역시,유성구,A,36.0,33.0,0.5239306164380317,False,,"전력, 수자원",,0.424581,0.3995735828234705,0.9264137686340548,0.6377760911603989,0.36526576019777474,380.0,482620.0,54815.0,0.6482471578947367,0.5166,False,False,,False,29.0,33.0,A,53.0,B,36.0,A,A,A
12750,전남광주통합특별시,보성군,A,37.0,34.0,0.5213357948644921,False,재해,"전력, 신재생",,0.480447,0.6191897560773599,0.6963185509480561,0.36506600871073236,0.41656365883807195,430.0,18704.0,288677.0,0.3842030315789474,0.5249,False,False,,False,30.0,31.0,A,93.0,B,37.0,A,A,용수선결
30170,대전광역시,서구,A,38.0,35.0,0.5188363906583738,False,,"전력, 수자원",,0.424581,0.2967521503994857,0.9264137686340548,0.6627594659276362,0.48331273176761413,380.0,482620.0,25182.0,0.6724366315789474,0.5357,False,False,,False,31.0,38.0,A,42.0,B,38.0,A,A,A
31710,울산광역시,울주군,A,39.0,36.0,0.5170737544420846,False,"재해, 냉각","전력, 신재생",,0.413408,0.6559344473772908,0.8380773336328888,0.4854883973442317,0.18726823238566134,370.0,138565.0,381180.0,0.5007987368421052,0.4878,False,False,,False,32.0,39.0,A,91.0,B,39.0,A,A,A
47150,경상북도,김천시,A,40.0,37.0,0.5159881589090354,False,재해,"전력, 신재생",,0.469274,0.6597865394934164,0.5974194605508503,0.31762941838402753,0.5599505562422747,420.0,4625.0,392451.0,0.3382738421052631,0.5481,False,False,,False,33.0,36.0,A,85.0,B,40.0,A,A,용수선결
51130,강원특별자치도,원주시,A,41.0,38.0,0.5148143330365752,False,,전력,,0.407821,0.5988135645539334,0.7176053709941885,0.5163011537452203,0.46415327564894915,365.0,25266.0,247440.0,0.5306323508771928,0.5326,False,False,,False,34.0,43.0,A,67.0,B,41.0,A,A,용수선결
52210,전북특별자치도,김제시,A,42.0,39.0,0.5115322598525023,False,재해,"전력, 신재생",,0.357542,0.7496478711689718,0.8445908990941684,0.3440929113370507,0.3634116192830654,320.0,151920.0,774476.0,0.3638964,0.5163,False,False,,False,35.0,45.0,A,72.0,B,42.0,A,A,A
12770,전남광주통합특별시,장흥군,A,43.0,40.0,0.5070525865350572,False,냉각,전력,,0.480447,0.579615324382445,0.6694374186295493,0.5743899643515799,0.11248454882571075,430.0,12794.0,213992.0,0.5868752631578946,0.4757,False,False,,False,36.0,34.0,A,137.0,C,43.0,A,A,용수선결
12840,전남광주통합특별시,장성군,용수선결,44.0,,0.5038894187457131,False,"용수(H<4,080)",전력,,0.446927,0.5668745078896356,0.5662173661874365,0.634246618705521,0.34425216316440044,400.0,2976.0,194330.0,0.6448298421052632,0.5132,False,False,,False,37.0,44.0,용수선결,102.0,용수선결,44.0,용수선결,A,용수선결
12820,전남광주통합특별시,함평군,B,45.0,41.0,0.5035975393406175,False,재해,전력,,0.446927,0.5446093756821008,0.7266508599923263,0.4590769947638376,0.34857849196538954,400.0,28710.0,164207.0,0.4752266140350877,0.5139,False,False,,False,38.0,41.0,A,109.0,C,45.0,B,B,용수선결
12170,전남광주통합특별시,나주시,B,46.0,42.0,0.4987790738941527,False,재해,"전력, 신재생",,0.374302,0.7161758862744358,0.670240596611572,0.4907349241650025,0.3244746600741657,335.0,12940.0,601232.0,0.505878543859649,0.51,False,False,,False,39.0,46.0,B,95.0,B,46.0,B,B,용수선결
51730,강원특별자치도,횡성군,B,47.0,43.0,0.4962705516201283,False,,"전력, 냉각",,0.301676,0.5614258498077127,0.6888538852873395,0.6438845697781508,0.6823238566131025,270.0,16832.0,186483.0,0.6541615263157894,0.5679,False,False,,False,40.0,51.0,B,30.0,A,47.0,B,B,용수선결
11350,서울특별시,노원구,B,48.0,44.0,0.4957509911300086,False,,"수자원, 냉각",,0.251397,0.3208074079863586,1.0,0.8309922895268002,0.5939431396786156,225.0,1364778.0,30208.0,0.8353234912280701,0.5536,False,False,,True,,52.0,B,16.0,A,48.0,B,B,A
51230,강원특별자치도,삼척시,B,49.0,45.0,0.4919140010945909,False,재해,"전력, 신재생",,0.324022,0.637937909731275,0.7424612514948314,0.4486156142722039,0.5599505562422747,290.0,35895.0,332664.0,0.4650976666666665,0.5481,False,False,,False,41.0,49.0,B,66.0,B,49.0,B,B,A
47210,경상북도,영주시,B,50.0,46.0,0.48596220995808853,False,재해,"전력, 신재생",,0.379888,0.6286179867036692,0.6324045048682573,0.40530232809791994,0.5203955500618045,340.0,7582.0,310018.0,0.4231607543859649,0.5417,False,False,,False,42.0,47.0,B,98.0,B,51.0,B,B,용수선결
47111,경상북도,포항시 남구,용수선결,51.0,,0.48065518537228946,False,"용수(H<4,080), 재해, 냉각",전력,신재생 배분추정(높음),0.536313,0.45192586265090023,0.5786585054259037,0.4027406334495896,0.23609394313967844,480.0,3548.0,81450.78455350036,0.4206804631578947,0.4957,False,False,,False,43.0,37.0,용수선결,181.0,용수선결,50.0,용수선결,B,용수선결
27290,대구광역시,달서구,B,52.0,47.0,0.47756912751996455,False,냉각,수자원,,0.251397,0.48772455103217793,0.9208236541152514,0.8386720136790319,0.19839307787391824,225.0,445974.0,106784.0,0.8427591754385965,0.4896,False,False,,False,44.0,56.0,B,68.0,B,53.0,B,B,A
51720,강원특별자치도,홍천군,B,53.0,48.0,0.4763222673080934,False,,냉각,,0.26257,0.5815914704734585,0.7565714337083499,0.5710773478795959,0.5877626699629172,235.0,43813.0,217215.0,0.5836679122807017,0.5526,False,False,,False,45.0,59.0,B,51.0,B,54.0,B,B,A
51190,강원특별자치도,태백시,B,54.0,49.0,0.4729861530033013,False,,"신재생, 냉각",냉각 고지대,0.099441,0.6591189264805429,0.7358189849028582,0.6741582303232685,1.0,89.0,32680.0,390474.0,0.6834731754385964,0.6193,False,False,,False,46.0,76.0,B,7.0,A,55.0,B,B,용수선결
51770,강원특별자치도,정선군,B,55.0,50.0,0.47274719937023807,False,,냉각,,0.256983,0.5497357637257703,0.7358189849028582,0.4993499484613708,0.7694684796044499,230.0,32680.0,170700.0,0.5142198070175439,0.582,False,False,,False,47.0,62.0,B,39.0,A,56.0,B,B,용수선결
47730,경상북도,의성군,용수선결,56.0,,0.4656762464226309,False,"용수(H<4,080)","전력, 신재생",,0.318436,0.6720255216907539,0.5829535772010382,0.5591934660683534,0.3671199011124847,285.0,3770.0,430521.0,0.5721616666666667,0.5169,False,False,,False,48.0,55.0,용수선결,114.0,용수선결,57.0,용수선결,B,용수선결
52111,전북특별자치도,전주시 완산구,B,57.0,51.0,0.4629837081301324,False,,전력,신재생 배분추정(중간),0.296089,0.3233618258526081,0.8445908990941684,0.7935640123147671,0.37082818294190334,265.0,151920.0,30797.41691602502,0.7990845789473684,0.5175,False,False,,False,49.0,57.0,B,79.0,B,52.0,B,B,A
44810,충청남도,예산군,용수선결,58.0,,0.4584898549508559,False,"용수(H<4,080), 재해",전력,,0.385475,0.5843879212451035,0.5639215691102323,0.36815477863847523,0.4660074165636591,345.0,2881.0,221859.0,0.3871936491228069,0.5329,False,False,,False,50.0,50.0,용수선결,148.0,용수선결,58.0,용수선결,B,용수선결
51760,강원특별자치도,평창군,B,59.0,52.0,0.4583375133783974,False,재해,"신재생, 냉각",,0.167598,0.6915583552189994,0.6556257142471366,0.48736680720207565,0.8763906056860327,150.0,10526.0,499075.0,0.5026174561403508,0.5993,False,False,,False,51.0,72.0,B,29.0,A,59.0,B,B,용수선결
12150,전남광주통합특별시,순천시,B,60.0,53.0,0.4582483888893667,False,,신재생,,0.201117,0.6875147331422221,0.7894725430719071,0.5601335135610457,0.4147095179233619,180.0,69736.0,484040.0,0.5730718421052631,0.5246,False,False,,False,52.0,66.0,B,74.0,B,60.0,B,B,A
44825,충청남도,태안군,용수선결,61.0,,0.4532015489591964,False,"용수(H<4,080)","전력, 신재생",냉각 커버리지낮음,0.452514,0.7707354402035091,0.0,0.5171084131876922,0.5074165636588379,405.0,0.0,908421.0,0.5314139578947368,0.5396,False,False,,False,53.0,53.0,용수선결,174.0,용수선결,61.0,용수선결,용수선결,용수선결
11260,서울특별시,중랑구,B,62.0,54.0,0.4529663828304363,False,신재생,"수자원, 재해, 냉각",,0.189944,0.2001432211050254,1.0,0.8859854121226735,0.5828182941903582,170.0,1364778.0,12125.0,0.8885690877192982,0.5518,False,False,,True,,68.0,B,32.0,A,62.0,B,B,B
47170,경상북도,안동시,B,63.0,55.0,0.4528362313293586,False,재해,신재생,,0.273743,0.7161956730793513,0.6416502054145988,0.4271076610409801,0.4171817058096417,245.0,8640.0,601322.0,0.4442731754385964,0.525,False,False,,False,54.0,63.0,B,123.0,C,63.0,B,B,용수선결
47850,경상북도,칠곡군,B,64.0,56.0,0.4516536733900499,False,냉각,전력,,0.290503,0.5715216148942512,0.7726274942811107,0.5060468989839061,0.29233621755253414,260.0,54968.0,201283.0,0.520703947368421,0.5048,False,False,,False,55.0,60.0,B,135.0,C,64.0,B,B,B
11290,서울특별시,성북구,B,65.0,57.0,0.4500767193543324,False,신재생,"수자원, 재해, 냉각",,0.162011,0.16893351814413307,1.0,0.9311345632143074,0.6749072929542645,145.0,1364778.0,9575.0,0.9322835263157896,0.5667,False,False,,True,,71.0,B,21.0,A,65.0,B,B,B
11305,서울특별시,강북구,B,66.0,58.0,0.4494388915314144,False,신재생,"수자원, 재해, 냉각",,0.195531,0.14537741923932315,1.0,0.884595816089239,0.6328800988875153,175.0,1364778.0,8012.0,0.8872236491228069,0.5599,False,False,,True,,69.0,B,33.0,A,66.0,B,B,B
51150,강원특별자치도,강릉시,용수선결,67.0,,0.44475219459880805,False,"용수(H<4,080), 재해","전력, 신재생",,0.446927,0.8586109335750391,0.0,0.42784070601697977,0.3893695920889986,400.0,0.0,1765978.0,0.4449829263157894,0.5205,False,False,,False,56.0,54.0,용수선결,195.0,용수선결,67.0,용수선결,용수선결,용수선결
41173,경기도,안양시 동안구,B,68.0,59.0,0.444281198387264,False,신재생,"재해, 냉각",신재생 배분추정(매우 낮음); 냉각 커버리지낮음+기준완화,0.26257,0.15057766781050166,0.7803592380636096,0.9182321758216415,0.6069221260815821,235.0,61312.0,8333.5,0.9197911403508772,0.5557,False,False,,True,,65.0,B,64.0,B,68.0,B,B,B
28290,인천광역시,검단구,B,69.0,60.0,0.44361019660839274,False,전력(변전소 여유 0MW),"수자원, 재해, 냉각",신재생 배분추정(낮음),0.0,0.5748821892634263,0.960641928288265,0.8828200902934825,0.6322620519159455,0.0,782704.0,206465.58270833187,0.885504350877193,0.5598,False,False,,True,,92.0,B,14.0,A,69.0,B,B,B
41450,경기도,하남시,B,70.0,61.0,0.440209126260448,False,신재생,"수자원, 냉각",냉각 커버리지낮음,0.162011,0.2397899133284466,0.9583256826984164,0.8184254780702304,0.6538936959208902,145.0,757508.0,16366.0,0.8231560175438596,0.5633,False,False,,True,,74.0,B,35.0,A,70.0,B,B,B
47900,경상북도,예천군,용수선결,71.0,,0.4339126801304769,False,"용수(H<4,080), 재해",,,0.273743,0.6104198178917782,0.5829535772010382,0.3995751231760284,0.5679851668726824,245.0,3770.0,270147.0,0.4176155438596491,0.5494,False,False,,False,57.0,67.0,용수선결,133.0,용수선결,71.0,용수선결,B,용수선결
43770,충청북도,음성군,B,72.0,62.0,0.43149351364796207,False,,냉각,,0.111732,0.6046579274163673,0.7836174325678256,0.6402692645365943,0.5908529048207667,100.0,64200.0,258625.0,0.6506611052631579,0.5531,False,False,,False,58.0,81.0,B,60.0,B,72.0,B,B,B
12740,전남광주통합특별시,고흥군,B,73.0,63.0,0.43048482114855513,False,냉각,신재생,,0.223464,0.7393067945436903,0.7258125537390259,0.5181107451686532,0.09270704573547567,200.0,28372.0,716200.0,0.5323844385964911,0.4725,False,False,,False,59.0,70.0,B,166.0,C,73.0,B,B,용수선결
41360,경기도,남양주시,B,74.0,64.0,0.4302404839881009,False,전력(변전소 여유 0MW),신재생,,0.0,0.6899924438018031,0.87468536012557,0.7717674855220817,0.5599505562422747,0.0,232406.0,493198.0,0.7779806842105262,0.5481,False,False,,True,,103.0,B,27.0,A,74.0,B,B,B
47840,경상북도,성주군,용수선결,75.0,,0.42638721956860953,False,"용수(H<4,080), 재해",전력,,0.391061,0.5094707843208666,0.3936346882140968,0.419128074784728,0.4789864029666257,350.0,259.0,125878.0,0.4365471578947367,0.535,False,False,,False,60.0,61.0,용수선결,183.0,용수선결,75.0,용수선결,용수선결,용수선결
44150,충청남도,공주시,B,76.0,65.0,0.4260315698017504,False,재해,신재생,,0.206704,0.6135398983072639,0.7522872528632066,0.38212466714880644,0.5061804697156984,185.0,41240.0,276599.0,0.4007196140350877,0.5394,False,False,,False,61.0,73.0,B,126.0,C,76.0,B,B,B
12830,전남광주통합특별시,영광군,B,77.0,66.0,0.4259376315357554,False,냉각,신재생,,0.185475,0.7727742252972651,0.670240596611572,0.5281884058115447,0.22373300370828197,166.0,12940.0,922540.0,0.5421418596491228,0.4937,False,False,,False,62.0,75.0,B,146.0,C,77.0,B,B,용수선결
43800,충청북도,단양군,용수선결,78.0,,0.4213617437000449,False,"용수(H<4,080)",냉각,,0.212291,0.5109225052417334,0.5440301517356371,0.6275245181074294,0.6613102595797282,190.0,2175.0,127268.0,0.638321350877193,0.5645,False,False,,False,63.0,77.0,용수선결,104.0,용수선결,79.0,용수선결,B,용수선결
27720,대구광역시,군위군,B,79.0,67.0,0.42040912286776855,False,재해,수자원,,0.122905,0.5824987832042552,0.9208236541152514,0.49086134496986966,0.4400494437577253,110.0,445974.0,218711.0,0.5060009473684208,0.5287,False,False,,False,64.0,78.0,B,103.0,B,80.0,B,B,B
47130,경상북도,경주시,B,80.0,68.0,0.4200885078946419,False,재해,"전력, 신재생",,0.379888,0.6660604717108146,0.6124710150498058,0.0,0.3423980222496911,340.0,5721.0,411526.0,0.0307377894736842,0.5129,False,False,,False,65.0,58.0,B,212.0,C,81.0,B,B,용수선결
11200,서울특별시,성동구,B,81.0,69.0,0.419518597891328,False,신재생,"수자원, 재해",,0.122905,0.20097999165735703,1.0,0.8758385525327005,0.53831891223733,110.0,1364778.0,12202.0,0.8787446666666666,0.5446,False,False,,True,,80.0,B,56.0,B,82.0,B,B,B
11680,서울특별시,강남구,B,82.0,70.0,0.41332767957929656,False,전력,수자원,,0.044693,0.3826308318495315,1.0,0.8489813340596657,0.4870210135970334,40.0,1364778.0,48221.0,0.8527408947368421,0.5363,False,False,,True,,95.0,B,48.0,B,83.0,B,B,B
41593,경기도,화성시 효행구,B,83.0,71.0,0.41168387911120036,False,,수자원,신재생 배분추정(중간),0.089385,0.37505952269226667,0.9106221127931937,0.7741954825137125,0.5438813349814586,80.0,386120.0,45536.7062009,0.7803315263157895,0.5455,False,False,,True,,87.0,B,69.0,B,78.0,B,B,B
41591,경기도,화성시 만세구,B,84.0,72.0,0.4113880546938773,False,전력(변전소 여유 0MW),"신재생, 수자원",신재생 배분추정(중간),0.0,0.6394699331198185,0.9106221127931937,0.6678704939984001,0.5438813349814586,0.0,386120.0,336541.7789069926,0.677385245614035,0.5455,False,False,,True,,114.0,B,49.0,B,87.0,B,B,B
52750,전북특별자치도,임실군,B,85.0,73.0,0.4107704823584158,False,,신재생,,0.138547,0.6229551720044257,0.6276757678854501,0.7208863096813966,0.3807169344870211,124.0,7092.0,297018.0,0.7287163684210526,0.5191,False,False,,False,66.0,84.0,B,118.0,C,84.0,B,B,용수선결
51790,강원특별자치도,화천군,용수선결,86.0,,0.41036340727947046,False,"용수(H<4,080)","신재생, 냉각",,0.27933,0.6530192558114464,0.0,0.7632018916335791,0.7156983930778743,250.0,0.0,372866.0,0.7696872807017543,0.5733,False,False,,False,67.0,79.0,용수선결,140.0,용수선결,85.0,용수선결,용수선결,용수선결
11620,서울특별시,관악구,B,87.0,74.0,0.4093725445646564,False,"전력, 신재생","수자원, 재해, 냉각",,0.02905,0.22634302964950298,1.0,0.9242260838862651,0.7231149567367122,26.0,1364778.0,14783.0,0.9255945789473684,0.5745,False,False,,True,,106.0,B,26.0,A,86.0,B,B,B
11230,서울특별시,동대문구,B,88.0,75.0,0.40750931909295746,False,신재생,"수자원, 재해",,0.078212,0.22388825557535355,1.0,0.8862356263830165,0.5475896168108779,70.0,1364778.0,14511.0,0.888811350877193,0.5461,False,False,,True,,91.0,B,57.0,B,88.0,B,B,B
41650,경기도,포천시,B,89.0,76.0,0.4051306674261511,False,전력(변전소 여유 0MW),"신재생, 냉각",,0.0,0.6744907477761534,0.7803061088286158,0.6756708225475356,0.6199011124845487,0.0,61266.0,438625.0,0.684937701754386,0.5578,False,False,,True,,123.0,C,55.0,B,89.0,B,B,B
28275,인천광역시,서해구,B,90.0,77.0,0.4050987988095198,False,전력(변전소 여유 0MW),"수자원, 재해",신재생 배분추정(낮음),0.0,0.41954424917899996,0.960641928288265,0.863549479086308,0.5686032138442522,0.0,782704.0,63754.417291668135,0.8668461052631579,0.5495,False,False,,True,,118.0,B,38.0,A,90.0,B,B,B
41113,경기도,수원시 권선구,B,91.0,78.0,0.4031787345770083,False,,,신재생 배분추정(중간),0.100559,0.3175348479178561,0.8987072602914926,0.8361069596474106,0.45920889987639096,90.0,326305.0,29469.3292370533,0.8402756315789474,0.5318,False,False,,True,,89.0,B,83.0,B,106.0,B,B,B
51810,강원특별자치도,인제군,B,92.0,79.0,0.4020574663449959,False,,냉각,,0.119553,0.534443972063306,0.6603530155061236,0.5778355609420849,0.6847960444993823,107.0,11253.0,152053.0,0.5902113684210526,0.5683,False,False,,False,68.0,93.0,B,94.0,B,91.0,B,B,용수선결
11500,서울특별시,강서구,B,93.0,80.0,0.4004141860039685,False,전력,수자원,,0.010056,0.41201585690244164,1.0,0.801230998352362,0.5086526576019775,9.0,1364778.0,60225.0,0.8065079298245613,0.5398,False,False,,True,,116.0,B,59.0,B,92.0,B,B,B
52140,전북특별자치도,익산시,B,94.0,81.0,0.39925021776848546,False,"전력, 재해",신재생,,0.061453,0.776935030716504,0.8601093890346136,0.3289297205962501,0.4202719406674906,55.0,189157.0,952039.0,0.3492150526315787,0.5255,False,False,,False,69.0,99.0,B,128.0,C,93.0,B,B,B
11440,서울특별시,마포구,B,95.0,82.0,0.3984967067206664,False,"전력, 신재생","수자원, 재해",,0.050279,0.22101518221805044,1.0,0.9127505827687447,0.5451174289245981,45.0,1364778.0,14199.0,0.9144837368421052,0.5457,False,False,,True,,105.0,B,61.0,B,94.0,B,B,B
11740,서울특별시,강동구,B,96.0,83.0,0.39780592290440236,False,전력(변전소 여유 0MW),"수자원, 재해, 냉각",,0.0,0.29766238679744705,1.0,0.9257141964620622,0.585290482076638,0.0,1364778.0,25356.0,0.927035403508772,0.5522,False,False,,True,,120.0,C,40.0,A,95.0,B,B,B
41830,경기도,양평군,용수선결,97.0,,0.39728644673518065,False,"용수(H<4,080)",전력,,0.458101,0.4512134394663345,0.0,0.5783119628055751,0.45797280593325074,410.0,0.0,81013.0,0.5906726315789473,0.5316,False,False,,True,,64.0,용수선결,219.0,용수선결,96.0,용수선결,용수선결,용수선결
11380,서울특별시,은평구,B,98.0,84.0,0.3963452604523768,False,"전력(변전소 여유 0MW), 신재생","수자원, 재해, 냉각",,0.0,0.2146259608321251,1.0,0.9341834300466686,0.723733003708282,0.0,1364778.0,13529.0,0.9352355087719298,0.5746,False,False,,True,,125.0,C,31.0,A,97.0,B,B,B
11140,서울특별시,중구,B,99.0,85.0,0.3963227113924454,False,신재생,"수자원, 재해, 냉각",,0.078212,0.03451491452331088,1.0,0.9855546699676805,0.6749072929542645,70.0,1364778.0,3463.0,0.9849743157894736,0.5667,False,False,,True,,100.0,B,47.0,B,98.0,B,B,B
28177,인천광역시,미추홀구,B,100.0,86.0,0.3962069763609554,False,전력(변전소 여유 0MW),"수자원, 재해",홍수 대체,0.0,0.30466281885360247,0.960641928288265,0.9651878017567401,0.5686032138442522,0.0,782704.0,26735.0,0.965254649122807,0.5495,False,False,,True,,126.0,C,41.0,A,99.0,B,B,B
12130,전남광주통합특별시,여수시,B,101.0,87.0,0.3945211593046727,False,냉각,신재생,,0.185475,0.6173392086986313,0.6557600768714926,0.6281549696195966,0.0982694684796043,166.0,10546.0,284664.0,0.6389317684210526,0.4734,False,False,,False,70.0,83.0,B,184.0,C,100.0,B,B,용수선결
12300,전남광주통합특별시,북구,B,102.0,88.0,0.3933251475127075,False,,,,0.111732,0.46774492505175763,0.8666952597998854,0.639860992560778,0.328182941903585,100.0,207600.0,91805.0,0.6502658070175438,0.5106,False,False,,False,71.0,90.0,B,139.0,C,101.0,B,B,B
12270,전남광주통합특별시,남구,B,103.0,89.0,0.3926940860595989,False,냉각,,,0.134078,0.33591332318503897,0.8666952597998854,0.7832758013275217,0.29480840543881326,120.0,207600.0,33865.0,0.789123298245614,0.5052,False,False,,False,72.0,86.0,B,138.0,C,102.0,B,B,B
51170,강원특별자치도,동해시,B,104.0,90.0,0.3916184116371325,False,,,,0.100559,0.5974020716330545,0.6886053328425029,0.6121149472244327,0.4400494437577253,90.0,16773.0,244812.0,0.6234014526315789,0.5287,False,False,,False,73.0,102.0,B,131.0,C,103.0,B,B,용수선결
28185,인천광역시,연수구,B,105.0,91.0,0.39082562588920217,False,전력(변전소 여유 0MW),"수자원, 재해",,0.0,0.2920446897755053,0.960641928288265,0.9483903598310823,0.5605686032138445,0.0,782704.0,24301.0,0.9489909824561404,0.5482,False,False,,True,,130.0,C,50.0,B,104.0,B,B,B
51820,강원특별자치도,고성군,B,106.0,92.0,0.39081102648439686,False,재해,냉각,,0.131844,0.5468658381545982,0.5918336152049355,0.4943858272728688,0.7187886279357231,118.0,4274.0,167034.0,0.5094134315789474,0.5738,False,False,,False,74.0,98.0,B,122.0,C,105.0,B,B,용수선결
52790,전북특별자치도,고창군,B,107.0,93.0,0.38817310801022364,False,전력,신재생,,0.07486,0.6939511728954628,0.6625576074385495,0.6480458563429495,0.31953028430160685,67.0,11609.0,508191.0,0.6581905789473683,0.5092,False,False,,False,75.0,115.0,B,142.0,C,107.0,B,B,용수선결
11590,서울특별시,동작구,B,108.0,94.0,0.3876352622038968,False,"전력, 신재생","수자원, 재해, 냉각",,0.02905,0.11537527438155398,1.0,0.9224271830569089,0.7212608158220029,26.0,1364778.0,6385.0,0.9238528421052632,0.5742,False,False,,True,,119.0,C,45.0,B,108.0,B,B,B
12760,전남광주통합특별시,화순군,B,109.0,95.0,0.38706982042933546,False,,신재생,,0.111732,0.6593969172253645,0.6706387939011553,0.5429589111002994,0.3448702101359702,100.0,13013.0,391296.0,0.556443,0.5133,False,False,,False,76.0,101.0,B,158.0,C,109.0,B,B,용수선결
41220,경기도,평택시,B,110.0,96.0,0.38666400453831334,False,전력,"신재생, 수자원",,0.001117,0.676334926176712,0.9112930406464892,0.5127442300191121,0.4171817058096417,1.0,389797.0,444787.0,0.5271884561403508,0.525,False,False,,True,,127.0,C,111.0,C,110.0,B,B,B
41550,경기도,안성시,B,111.0,97.0,0.38659223577254886,False,전력(변전소 여유 0MW),수자원,,0.0,0.6032168765924745,0.9094710028798549,0.5752244648773306,0.48578491965389387,0.0,379892.0,255821.0,0.5876832456140351,0.5361,False,False,,True,,128.0,C,96.0,B,111.0,B,B,B
41133,경기도,성남시 중원구,B,112.0,98.0,0.3864419442741834,False,신재생,재해,신재생 배분추정(낮음),0.089385,0.13448924971261791,0.8746280739682069,0.9685489970129937,0.5611866501854142,80.0,232218.0,7378.453038723988,0.9685090350877192,0.5483,False,False,,True,,108.0,B,80.0,B,112.0,B,B,B
31200,울산광역시,북구,B,113.0,99.0,0.38468941211693686,False,,,,0.156425,0.3762567528275394,0.8380773336328888,0.5827033616899228,0.3529048207663779,140.0,138565.0,45951.0,0.5949244842105263,0.5146,False,False,,False,77.0,85.0,B,164.0,C,113.0,B,B,B
41131,경기도,성남시 수정구,B,114.0,100.0,0.38419922358616043,False,신재생,재해,신재생 배분추정(낮음),0.089385,0.1718403636582596,0.8746280739682069,0.8959290598269383,0.5611866501854142,80.0,232218.0,9787.902765051962,0.8981967543859649,0.5483,False,False,,True,,109.0,B,88.0,B,114.0,B,B,B
11170,서울특별시,용산구,C,115.0,101.0,0.38394307950544976,False,신재생,"수자원, 재해",,0.078212,0.03501009132101313,1.0,0.9792978820066811,0.5543881334981461,70.0,1364778.0,3476.0,0.978916350877193,0.5472,False,False,,True,,107.0,B,77.0,B,115.0,C,C,B
11410,서울특별시,서대문구,C,116.0,102.0,0.38114677707214734,False,"전력(변전소 여유 0MW), 신재생","수자원, 재해, 냉각",,0.0,0.16226619801695621,1.0,0.9808065966256392,0.6081582200247216,0.0,1364778.0,9104.0,0.9803771228070176,0.5559,False,False,,True,,134.0,C,54.0,B,117.0,C,C,B
31170,울산광역시,동구,C,117.0,103.0,0.38061736191897766,False,"신재생, 냉각",재해,,0.156425,0.14688652564880714,0.8380773336328888,0.9501148976128284,0.27379480840543896,140.0,138565.0,8104.0,0.9506607192982456,0.5018,False,False,,False,78.0,88.0,B,149.0,C,118.0,C,C,B
27230,대구광역시,북구,C,118.0,104.0,0.380333377695318,False,전력,수자원,,0.03352,0.39049557587033346,0.9208236541152514,0.6945272185333734,0.5197775030902347,30.0,445974.0,51177.0,0.703194894736842,0.5416,False,False,,False,79.0,122.0,C,101.0,B,119.0,C,C,B
52190,전북특별자치도,남원시,C,119.0,105.0,0.3793567833104618,False,"재해, 냉각",신재생,,0.138547,0.7343733539504542,0.6276757678854501,0.3994310719507604,0.26576019777503057,124.0,7092.0,689964.0,0.4174760701754386,0.5005,False,False,,False,80.0,97.0,B,185.0,C,120.0,C,C,용수선결
11215,서울특별시,광진구,C,120.0,106.0,0.3766427277211271,False,"전력, 신재생","수자원, 재해",,0.021229,0.2098509765228182,1.0,0.8911925468222202,0.4956736711990109,19.0,1364778.0,13049.0,0.8936107543859649,0.5377,False,False,,True,,129.0,C,82.0,B,121.0,C,C,B
12210,전남광주통합특별시,동구,C,121.0,107.0,0.37572121069714215,False,냉각,,,0.134078,0.28249895429890537,0.8666952597998854,0.7329460427053719,0.29295426452410395,120.0,207600.0,22608.0,0.7403928771929824,0.5049,False,False,,False,81.0,94.0,B,163.0,C,122.0,C,C,B
11110,서울특별시,종로구,C,122.0,108.0,0.3755250474342069,False,신재생,"수자원, 재해",,0.078212,0.1283016519119614,1.0,0.9029987678093748,0.3844252163164404,70.0,1364778.0,7041.0,0.905041807017544,0.5197,False,False,,True,,111.0,B,117.0,C,123.0,C,C,B
41285,경기도,고양시 일산동구,C,123.0,109.0,0.37416507054616766,False,전력(변전소 여유 0MW),냉각,신재생 배분추정(중간),0.0,0.35137045203433315,0.8204664339245322,0.8395355781249499,0.6538936959208902,0.0,108046.0,38065.706464418414,0.843595298245614,0.5633,False,False,,True,,148.0,C,70.0,B,116.0,C,C,B
11710,서울특별시,송파구,C,124.0,110.0,0.3737167282820847,False,전력,수자원,냉각 기준완화,0.012291,0.2841895512710402,1.0,0.7780546238984679,0.5080346106304077,11.0,1364778.0,22899.0,0.7840680350877193,0.5397,False,False,,True,,132.0,C,90.0,B,124.0,C,C,B
51830,강원특별자치도,양양군,용수선결,125.0,,0.37338598817460183,False,"용수(H<4,080)",냉각,,0.156425,0.49314781840185606,0.5213283838487178,0.49893686753018524,0.6526576019777507,140.0,1578.0,111256.0,0.5138198526315789,0.5631,False,False,,False,82.0,104.0,용수선결,160.0,용수선결,125.0,용수선결,C,용수선결
12790,전남광주통합특별시,해남군,C,126.0,111.0,0.37255156874062534,False,냉각,신재생,,0.101676,0.7591616622293048,0.6875594861730863,0.5118612050680446,0.05315203955500618,91.0,16527.0,832269.0,0.52633349122807,0.4661,False,False,,False,83.0,112.0,B,197.0,C,126.0,C,C,용수선결
11650,서울특별시,서초구,C,127.0,112.0,0.3714113198125304,False,"전력, 신재생",수자원,,0.02905,0.18201388757672332,1.0,0.8332754561481707,0.5407911001236098,26.0,1364778.0,10571.0,0.8375341052631579,0.545,False,False,,True,,131.0,C,89.0,B,127.0,C,C,C
28710,인천광역시,강화군,C,128.0,113.0,0.37029032860515576,False,전력(변전소 여유 0MW),수자원,,0.0,0.42645880804124975,0.960641928288265,0.6103344777040504,0.5346106304079113,0.0,782704.0,67178.0,0.6216775614035087,0.544,False,False,,True,,138.0,C,108.0,C,128.0,C,C,C
43111,충청북도,청주시 상당구,C,129.0,114.0,0.3697078315504673,False,전력(변전소 여유 0MW),신재생,신재생 배분추정(중간),0.0,0.6235353785095515,0.7469187255716219,0.585277537153846,0.5327564894932013,0.0,38228.0,298324.5071063868,0.5974168596491227,0.5437,False,False,,False,84.0,153.0,C,119.0,C,143.0,C,C,C
43750,충청북도,진천군,C,130.0,115.0,0.36841530373932135,False,전력,냉각,,0.002235,0.5616708917449549,0.7837121939255337,0.578243905396505,0.5797280593325095,2.0,64286.0,186829.0,0.5906067368421053,0.5513,False,False,,False,85.0,152.0,C,112.0,C,129.0,C,C,C
28237,인천광역시,부평구,C,131.0,116.0,0.36713625369152775,False,"전력(변전소 여유 0MW), 신재생","수자원, 재해",,0.0,0.19136580175834103,0.960641928288265,0.9204511082802982,0.5531520395550065,0.0,782704.0,11346.0,0.9219395614035087,0.547,False,False,,True,,145.0,C,81.0,B,131.0,C,C,C
41150,경기도,의정부시,C,132.0,117.0,0.3665512960323864,False,전력(변전소 여유 0MW),"재해, 냉각",,0.0,0.29590958367723325,0.7928433025511117,0.922334410443906,0.6211372064276889,0.0,73137.0,25022.0,0.9237630175438596,0.558,False,False,,True,,164.0,C,78.0,B,132.0,C,C,C
41630,경기도,양주시,C,133.0,118.0,0.365988346913616,False,전력(변전소 여유 0MW),냉각,냉각 커버리지낮음+기준완화,0.0,0.4413654116360068,0.7803061088286158,0.7206625319918293,0.6180469715698393,0.0,61266.0,75197.0,0.7284997017543859,0.5575,False,False,,True,,159.0,C,100.0,B,133.0,C,C,C
48170,경상남도,진주시,C,134.0,119.0,0.3658192382222243,False,"재해, 냉각",,,0.100559,0.5903054211600334,0.8130442466174345,0.4518943107575588,0.19159456118665008,90.0,97291.0,232016.0,0.4682721754385964,0.4885,False,False,,False,86.0,113.0,B,188.0,C,134.0,C,C,C
11545,서울특별시,금천구,C,135.0,120.0,0.36563976460152997,False,"전력(변전소 여유 0MW), 신재생","수자원, 재해",,0.0,0.16769916227761092,1.0,0.9034747891601943,0.5407911001236098,0.0,1364778.0,9486.0,0.905502701754386,0.545,False,False,,True,,143.0,C,84.0,B,135.0,C,C,C
41430,경기도,의왕시,C,136.0,121.0,0.36540686171984255,False,신재생,"재해, 냉각",냉각 커버리지낮음+기준완화,0.100559,0.16406869397118481,0.7149157762481708,0.8785855640994341,0.627935723114957,90.0,24324.0,9229.0,0.8814043859649122,0.5591,False,False,,True,,124.0,C,120.0,C,136.0,C,C,용수선결
52710,전북특별자치도,완주군,C,137.0,122.0,0.36484201036386676,False,"전력(변전소 여유 0MW), 재해",신재생,,0.0,0.7007792387560585,0.8445908990941684,0.3989376557350026,0.4134734239802224,0.0,151920.0,535130.0,0.4169983333333332,0.5244,False,False,,False,87.0,142.0,C,153.0,C,137.0,C,C,C
41192,경기도,부천시 원미구,C,138.0,123.0,0.36473937011313934,False,"전력(변전소 여유 0MW), 신재생","재해, 냉각",신재생 배분추정(매우 낮음),0.0,0.11916384452711477,0.853418521365482,0.9862410423466934,0.7651421508034615,0.0,172097.0,6570.666666666666,0.9856388771929824,0.5813,False,False,,True,,166.0,C,62.0,B,138.0,C,C,C
41194,경기도,부천시 소사구,C,139.0,124.0,0.36471067963844733,False,"전력(변전소 여유 0MW), 신재생","재해, 냉각",신재생 배분추정(매우 낮음),0.0,0.11916384452711477,0.853418521365482,0.9860198738868668,0.7651421508034615,0.0,172097.0,6570.666666666666,0.9854247368421052,0.5813,False,False,,True,,167.0,C,63.0,B,139.0,C,C,C
11530,서울특별시,구로구,C,140.0,125.0,0.3646483053526041,False,"전력(변전소 여유 0MW), 신재생",수자원,,0.0,0.21520115900384768,1.0,0.8333013853687189,0.5302843016069222,0.0,1364778.0,13588.0,0.8375592105263158,0.5433,False,False,,True,,141.0,C,92.0,B,141.0,C,C,C
27170,대구광역시,서구,C,141.0,126.0,0.3637327227529397,False,"전력, 신재생","수자원, 재해",,0.011173,0.23499522758313557,0.9208236541152514,0.9218496010623624,0.44870210135970345,10.0,445974.0,15783.0,0.9232936140350876,0.5301,False,False,,False,88.0,144.0,C,107.0,C,142.0,C,C,C
48730,경상남도,함안군,C,142.0,127.0,0.36342749439044414,False,"전력, 재해, 냉각",,,0.067039,0.5830988131571357,0.8356663096415747,0.4358212199993618,0.30902348578491934,60.0,133925.0,219706.0,0.4527098421052631,0.5075,False,False,,False,89.0,121.0,C,177.0,C,144.0,C,C,C
31140,울산광역시,남구,C,143.0,128.0,0.3632608033849268,False,"전력, 냉각",,,0.044693,0.36304988592012694,0.8380773336328888,0.8427494787384107,0.2911001236093946,40.0,138565.0,41582.0,0.8467070701754386,0.5046,False,False,,False,90.0,135.0,C,147.0,C,146.0,C,C,C
43760,충청북도,괴산군,C,144.0,129.0,0.36312161012796157,False,"전력, 재해",냉각,,0.03352,0.5608062650149943,0.7836174325678256,0.4164884946286377,0.6087762669962922,30.0,64200.0,185611.0,0.4339914561403507,0.556,False,False,,False,91.0,139.0,C,141.0,C,147.0,C,C,C
41463,경기도,용인시 기흥구,C,145.0,130.0,0.36260450560954566,False,"전력, 신재생",재해,신재생 배분추정(낮음),0.011173,0.23447454639738907,0.896366598282874,0.8871866000252481,0.5259579728059331,10.0,315692.0,15720.952331930144,0.8897321052631579,0.5426,False,False,,True,,150.0,C,105.0,B,140.0,C,C,C
41135,경기도,성남시 분당구,C,146.0,131.0,0.36204386382148945,False,"전력(변전소 여유 0MW), 신재생",재해,신재생 배분추정(낮음),0.0,0.21526577756400472,0.8746280739682069,0.9438465130752037,0.5673671199011127,0.0,232218.0,13594.644196224048,0.9445915263157896,0.5493,False,False,,True,,163.0,C,86.0,B,148.0,C,C,C
11470,서울특별시,양천구,C,147.0,132.0,0.360862188124612,False,"전력(변전소 여유 0MW), 신재생",수자원,,0.0,0.18152532722900896,1.0,0.8516965093996325,0.5333745364647711,0.0,1364778.0,10532.0,0.8553697894736842,0.5438,False,False,,True,,149.0,C,99.0,B,149.0,C,C,C
28245,인천광역시,계양구,C,148.0,133.0,0.35833542082711956,False,"전력(변전소 여유 0MW), 신재생","수자원, 재해",,0.0,0.17691518364713008,0.960641928288265,0.8624876131800964,0.5686032138442522,0.0,782704.0,10171.0,0.8658179824561403,0.5495,False,False,,True,,158.0,C,97.0,B,150.0,C,C,C
41287,경기도,고양시 일산서구,C,149.0,134.0,0.35735996322179603,False,전력(변전소 여유 0MW),,신재생 배분추정(중간),0.0,0.29968250431358323,0.8204664339245322,0.8520302914902816,0.566131025957973,0.0,108046.0,25746.47084063211,0.8556929649122806,0.5491,False,False,,True,,171.0,C,106.0,C,161.0,C,C,C
41410,경기도,군포시,C,150.0,135.0,0.3573318502161504,False,"전력, 신재생",냉각,,0.052514,0.19523469347734718,0.7808860567952409,0.8488182209615698,0.6180469715698393,47.0,61770.0,11683.0,0.8525829649122807,0.5575,False,False,,True,,140.0,C,116.0,C,151.0,C,C,C
51800,강원특별자치도,양구군,용수선결,151.0,,0.3572106125355298,False,"전력, 용수(H<4,080)",냉각,,0.071508,0.5134247661108067,0.46064320948534854,0.5595078420128062,0.8331273176761439,64.0,669.0,129700.0,0.5724660526315789,0.5923,False,False,,False,92.0,155.0,용수선결,132.0,용수선결,152.0,용수선결,C,용수선결
41196,경기도,부천시 오정구,C,152.0,136.0,0.356133600410535,False,"전력(변전소 여유 0MW), 신재생","재해, 냉각",신재생 배분추정(매우 낮음),0.0,0.11916384452711477,0.853418521365482,0.9199010862748881,0.7651421508034615,0.0,172097.0,6570.666666666666,0.9214070175438596,0.5813,False,False,,True,,175.0,C,73.0,B,154.0,C,C,C
11560,서울특별시,영등포구,C,153.0,137.0,0.35480021321537086,False,"전력(변전소 여유 0MW), 신재생",수자원,,0.0,0.20589234457780575,1.0,0.8025272963029154,0.488257107540173,0.0,1364778.0,12664.0,0.8077630350877193,0.5365,False,False,,True,,156.0,C,115.0,C,155.0,C,C,C
48123,경상남도,창원시 성산구,C,154.0,138.0,0.3547447165048737,False,"전력(변전소 여유 0MW), 냉각",수자원,신재생 배분추정(높음),0.0,0.4821348493432313,0.9264561453171991,0.8500313315944872,0.0,0.0,482909.0,102362.7932844376,0.8537575263157895,0.4575,False,False,,False,93.0,154.0,C,170.0,C,166.0,C,C,C
48820,경상남도,고성군,C,155.0,139.0,0.3537018307489603,False,"전력, 냉각",,,0.071508,0.5779386794925686,0.7440003502644627,0.5349229908491595,0.2218788627935723,64.0,36684.0,211295.0,0.5486624385964912,0.4934,False,False,,False,94.0,133.0,C,187.0,C,156.0,C,C,C
41461,경기도,용인시 처인구,C,156.0,140.0,0.35323272074929524,False,전력(변전소 여유 0MW),,신재생 배분추정(낮음); 냉각 커버리지낮음,0.0,0.46900326235027173,0.896366598282874,0.6210431733118705,0.3683559950556243,0.0,315692.0,92683.06832513648,0.6320459649122807,0.5171,False,False,,True,,161.0,C,154.0,C,157.0,C,C,C
41117,경기도,수원시 영통구,C,157.0,141.0,0.35317612004455473,False,"전력(변전소 여유 0MW), 신재생",재해,신재생 배분추정(중간),0.0,0.20762386634961272,0.8987072602914926,0.9370756524963326,0.45920889987639096,0.0,326305.0,12830.98292697976,0.9380358245614036,0.5318,False,False,,True,,169.0,C,113.0,C,206.0,C,C,C
44200,충청남도,아산시,C,158.0,142.0,0.35229177406872614,False,"전력(변전소 여유 0MW), 재해",신재생,,0.0,0.6317546213746049,0.7722426866870095,0.4331344562721271,0.49752781211372094,0.0,54670.0,317462.0,0.4501084561403508,0.538,False,False,,False,95.0,170.0,C,156.0,C,158.0,C,C,C
12240,전남광주통합특별시,서구,C,159.0,143.0,0.35151753661012514,False,"전력, 냉각",,,0.008939,0.36273160149806544,0.8666952597998854,0.8302180006012463,0.29295426452410395,8.0,207600.0,41482.0,0.8345738070175438,0.5049,False,False,,False,96.0,165.0,C,152.0,C,159.0,C,C,C
41595,경기도,화성시 병점구,C,160.0,144.0,0.3496921350445421,False,"전력(변전소 여유 0MW), 신재생","수자원, 재해",신재생 배분추정(중간),0.0,0.15161946813913477,0.9106221127931937,0.9149638075373435,0.5438813349814586,0.0,386120.0,8399.442894450181,0.9166266315789472,0.5455,False,False,,True,,174.0,C,110.0,C,183.0,C,C,C
43745,충청북도,증평군,C,161.0,145.0,0.3494528383362395,False,전력(변전소 여유 0MW),냉각,,0.0,0.391306728528399,0.7836174325678256,0.6737714844928132,0.6038318912237333,0.0,64200.0,51492.0,0.6830987192982456,0.5552,False,False,,False,97.0,182.0,C,127.0,C,162.0,C,C,C
43114,충청북도,청주시 청원구,C,162.0,146.0,0.34938666983836253,False,전력,,신재생 배분추정(중간),0.002235,0.5728434284011666,0.7469187255716219,0.6542138217748593,0.32138442521631616,2.0,38228.0,203305.7585910355,0.664162543859649,0.5095,False,False,,False,98.0,177.0,C,167.0,C,153.0,C,C,C
44133,충청남도,천안시 서북구,C,163.0,147.0,0.3477375194422441,False,전력,,신재생 배분추정(높음),0.002235,0.4902726870570358,0.7577030035891804,0.6234018807581646,0.4913473423980225,2.0,44519.0,108862.34102911828,0.6343297192982456,0.537,False,False,,False,99.0,181.0,C,150.0,C,160.0,C,C,C
30110,대전광역시,동구,C,164.0,148.0,0.3476818543797952,False,전력(변전소 여유 0MW),수자원,,0.0,0.2698311885429263,0.9264137686340548,0.7030173984345094,0.5457354758961679,0.0,482620.0,20542.0,0.7114152807017544,0.5458,False,False,,False,100.0,172.0,C,129.0,C,163.0,C,C,C
48240,경상남도,사천시,C,165.0,149.0,0.3469023659266265,False,전력(변전소 여유 0MW),,,0.0,0.5483805887863645,0.7441487770049952,0.6100665424250519,0.41779975278121145,0.0,36761.0,168959.0,0.6214181403508772,0.5251,False,False,,False,101.0,186.0,C,162.0,C,164.0,C,C,C
41115,경기도,수원시 팔달구,C,166.0,150.0,0.34677915951603894,False,"전력, 신재생",재해,신재생 배분추정(중간),0.003352,0.12822615472422783,0.8987072602914926,0.9945943101650465,0.45920889987639096,3.0,326305.0,7036.979368138588,0.993726701754386,0.5318,False,False,,True,,178.0,C,121.0,C,130.0,C,C,C
41210,경기도,광명시,C,167.0,151.0,0.346386089726212,False,"전력(변전소 여유 0MW), 신재생",재해,,0.0,0.19166835630361623,0.8887361939278271,0.8882295308961884,0.5030902348578495,0.0,283433.0,11372.0,0.8907418947368421,0.5389,False,False,,True,,180.0,C,124.0,C,165.0,C,C,C
48125,경상남도,창원시 마산합포구,C,168.0,152.0,0.34465369697354575,False,냉각,수자원,신재생 배분추정(높음),0.111732,0.35207263404939826,0.9264561453171991,0.5361903408453118,0.09270704573547567,100.0,482909.0,38268.44694956255,0.5498895157894736,0.4725,False,False,,False,102.0,117.0,B,210.0,C,167.0,C,C,C
44770,충청남도,서천군,C,169.0,153.0,0.34419489350884874,False,"전력(변전소 여유 0MW), 재해",,,0.0,0.6069407689995853,0.8445908990941684,0.3483537617600383,0.4542645241038321,0.0,151920.0,263130.0,0.3680218526315787,0.531,False,False,,False,103.0,173.0,C,173.0,C,168.0,C,C,C
12850,전남광주통합특별시,완도군,C,170.0,154.0,0.3431971879570134,False,"전력, 냉각",,,0.049162,0.5421842398638215,0.6694374186295493,0.8371583705150082,0.0018541409147093144,44.0,12794.0,161222.0,0.8412936315789473,0.4578,False,False,,False,104.0,160.0,C,200.0,C,169.0,C,C,용수선결
41570,경기도,김포시,C,171.0,155.0,0.34281920868535315,False,전력(변전소 여유 0MW),,냉각 기준완화,0.0,0.51353275861451,0.7581484028619115,0.6263597688229697,0.3992583436341163,0.0,44800.0,129806.0,0.6371936140350877,0.5221,False,False,,True,,187.0,C,168.0,C,170.0,C,C,C
30140,대전광역시,중구,C,172.0,156.0,0.3427641738444919,False,"전력(변전소 여유 0MW), 신재생","수자원, 냉각",,0.0,0.21477243509104796,0.9264137686340548,0.7259230653028055,0.5735475896168111,0.0,482620.0,13544.0,0.7335930701754386,0.5503,False,False,,False,105.0,179.0,C,130.0,C,172.0,C,C,C
12190,전남광주통합특별시,광양시,C,173.0,157.0,0.34272412559130694,False,"전력, 냉각",,,0.056983,0.6017024597898519,0.7247011105497118,0.5207986504338995,0.1755253399258343,51.0,27930.0,252907.0,0.5349869298245613,0.4859,False,False,,False,106.0,146.0,C,203.0,C,173.0,C,C,용수선결
41500,경기도,이천시,C,174.0,158.0,0.34177710345150425,False,전력(변전소 여유 0MW),,,0.0,0.5887563304557337,0.7877962335572491,0.5003291162805227,0.35784919653893676,0.0,68104.0,229313.0,0.5151678596491227,0.5154,False,False,,True,,185.0,C,176.0,C,174.0,C,C,C
52740,전북특별자치도,장수군,C,175.0,159.0,0.34173159653723356,False,"전력(변전소 여유 0MW), 재해","신재생, 냉각",,0.0,0.6155391417328592,0.6276757678854501,0.4763104317313067,0.6075401730531519,0.0,7092.0,280814.0,0.4919124210526315,0.5558,False,False,,False,107.0,197.0,C,159.0,C,175.0,C,C,용수선결
44800,충청남도,홍성군,용수선결,176.0,,0.3412463573431093,False,"용수(H<4,080), 재해",전력,,0.385475,0.5977369717960619,0.0,0.2551845385887955,0.3343634116192834,345.0,0.0,245433.0,0.2778132842105262,0.5116,False,False,,False,108.0,82.0,용수선결,233.0,용수선결,176.0,용수선결,용수선결,용수선결
26290,부산광역시,남구,C,177.0,160.0,0.34037936688067955,False,"전력(변전소 여유 0MW), 냉각","수자원, 재해",,0.0,0.25453269218976055,0.9025358311804159,0.894123411239558,0.2849196538936962,0.0,344439.0,18297.0,0.8964484842105263,0.5036,False,False,,False,109.0,184.0,C,155.0,C,177.0,C,C,C
48127,경상남도,창원시 마산회원구,C,178.0,161.0,0.340240877883453,False,"전력(변전소 여유 0MW), 냉각",수자원,신재생 배분추정(높음),0.0,0.37993485372189895,0.9264561453171991,0.7605223214077824,0.17305315203955488,0.0,482909.0,47247.5086938221,0.7670928596491228,0.4855,False,False,,False,110.0,176.0,C,175.0,C,171.0,C,C,C
44131,충청남도,천안시 동남구,C,179.0,162.0,0.3399278300030349,False,전력,,신재생 배분추정(높음),0.002235,0.5560472022566486,0.7577030035891804,0.5187844881509351,0.4202719406674906,2.0,44519.0,179047.6589708817,0.5330367719298246,0.5255,False,False,,False,111.0,188.0,C,172.0,C,179.0,C,C,C
41250,경기도,동두천시,C,180.0,163.0,0.33844722933633137,False,전력(변전소 여유 0MW),재해,,0.0,0.2681017960654441,0.7897663071084834,0.8632685701372098,0.47033374536464756,0.0,70026.0,20275.0,0.8665741228070175,0.5336,False,False,,True,,193.0,C,144.0,C,178.0,C,C,C
41310,경기도,구리시,C,181.0,164.0,0.33762179306422513,False,"전력(변전소 여유 0MW), 신재생",냉각,,0.0,0.14649450359903843,0.8491101029085713,0.8578818153375273,0.6100123609394317,0.0,161935.0,8080.0,0.8613585438596492,0.5562,False,False,,True,,191.0,C,125.0,C,180.0,C,C,C
48880,경상남도,거창군,용수선결,182.0,,0.3373495398761069,False,"용수(H<4,080), 재해",,,0.087151,0.5834275223430722,0.5249548978494225,0.43069924765940765,0.4851668726823241,78.0,1661.0,220253.0,0.4477506315789473,0.536,False,False,,False,112.0,157.0,용수선결,198.0,용수선결,181.0,용수선결,C,용수선결
41610,경기도,광주시,C,183.0,165.0,0.3371068036182586,False,전력(변전소 여유 0MW),냉각,,0.0,0.4474783503500193,0.6358125064410713,0.5963496767209651,0.7187886279357231,0.0,7956.0,78756.0,0.6081371578947368,0.5738,False,False,,True,,206.0,C,143.0,C,182.0,C,C,용수선결
43113,충청북도,청주시 흥덕구,C,184.0,166.0,0.3355028971571816,False,전력,,신재생 배분추정(중간),0.002235,0.4631333503376212,0.7469187255716219,0.6732850624623327,0.3702101359703336,2.0,38228.0,88657.55142045047,0.6826277543859649,0.5174,False,False,,False,113.0,192.0,C,171.0,C,189.0,C,C,C
41111,경기도,수원시 장안구,C,185.0,167.0,0.33488815200898997,False,"전력, 신재생",재해,신재생 배분추정(중간),0.008939,0.12074433178257804,0.8987072602914926,0.8960331934611037,0.45920889987639096,8.0,326305.0,6649.708467828357,0.8982975789473684,0.5318,False,False,,True,,189.0,C,145.0,C,145.0,C,C,C
44250,충청남도,계룡시,C,186.0,168.0,0.33380795520525325,False,"전력(변전소 여유 0MW), 신재생","재해, 냉각",,0.0,0.13244110574467674,0.8411832338859107,0.887900568632699,0.5716934487021017,0.0,144780.0,7265.0,0.8904233859649122,0.55,False,False,,False,114.0,198.0,C,134.0,C,184.0,C,C,C
48250,경상남도,김해시,C,187.0,169.0,0.3328309996314555,False,"전력(변전소 여유 0MW), 냉각",,,0.0,0.5899625537309306,0.8768433531335279,0.5135013415155396,0.09456118665018533,0.0,239600.0,231415.0,0.5279215087719298,0.4728,False,False,,False,115.0,183.0,C,204.0,C,185.0,C,C,C
26410,부산광역시,금정구,C,188.0,170.0,0.33276497249199816,False,전력(변전소 여유 0MW),수자원,,0.0,0.26280072986296166,0.9025358311804159,0.7411072241037165,0.3949320148331272,0.0,344439.0,19478.0,0.7482947192982456,0.5214,False,False,,False,116.0,190.0,C,165.0,C,186.0,C,C,C
48890,경상남도,합천군,용수선결,189.0,,0.33220978652202104,False,"용수(H<4,080), 재해, 냉각","전력, 신재생",,0.324022,0.6945900522004238,0.0,0.3398602188516811,0.20024721878862792,290.0,0.0,510653.0,0.3597982105263156,0.4899,False,False,,False,117.0,96.0,용수선결,234.0,용수선결,187.0,용수선결,용수선결,용수선결
26230,부산광역시,부산진구,C,190.0,171.0,0.3306582084631057,False,"전력(변전소 여유 0MW), 신재생","수자원, 재해",,0.0,0.1476508842084918,0.9025358311804159,0.9226507795499661,0.3584672435105066,0.0,344439.0,8151.0,0.9240693333333332,0.5155,False,False,,False,118.0,194.0,C,157.0,C,190.0,C,C,C
51750,강원특별자치도,영월군,용수선결,191.0,,0.3301960806109425,False,"용수(H<4,080)",냉각,,0.223464,0.5823130971785242,0.0,0.5237925241255451,0.5896168108776265,200.0,0.0,218404.0,0.5378856666666666,0.5529,False,False,,False,119.0,136.0,용수선결,221.0,용수선결,191.0,용수선결,용수선결,용수선결
41171,경기도,안양시 만안구,C,192.0,172.0,0.32972549406553864,False,"전력, 신재생",냉각,신재생 배분추정(매우 낮음),0.003352,0.15057766781050166,0.7803592380636096,0.8435135300611624,0.6415327564894935,3.0,61312.0,8333.5,0.8474468421052631,0.5613,False,False,,True,,205.0,C,136.0,C,192.0,C,C,C
48850,경상남도,하동군,C,193.0,173.0,0.3283414855523667,False,"전력(변전소 여유 0MW), 재해, 냉각",신재생,,0.0,0.6818174932957425,0.7440003502644627,0.4013671204183623,0.2410383189122373,0.0,36684.0,463622.0,0.4193505964912279,0.4965,False,False,,False,120.0,195.0,C,205.0,C,193.0,C,C,C
12710,전남광주통합특별시,담양군,용수선결,194.0,,0.32812168673544284,False,"용수(H<4,080), 냉각",,,0.111732,0.4861229015036925,0.5662173661874365,0.5338530254589612,0.2688504326328801,100.0,2976.0,105498.0,0.5476264736842105,0.501,False,False,,False,121.0,147.0,용수선결,215.0,용수선결,194.0,용수선결,C,용수선결
48310,경상남도,거제시,C,195.0,174.0,0.3264580579308514,False,"전력, 냉각",,,0.06257,0.3991557202642667,0.7497144156466337,0.7178046245371856,0.07911001236093933,56.0,39768.0,54642.0,0.7257326105263158,0.4703,False,False,,False,122.0,168.0,C,211.0,C,195.0,C,C,C
51210,강원특별자치도,속초시,C,196.0,175.0,0.32645678606324646,False,전력,냉각,,0.013408,0.2747326994251116,0.5907322093917212,0.8337508143197646,0.6520395550061803,12.0,4208.0,21318.0,0.8379943578947369,0.563,False,False,,False,123.0,214.0,C,151.0,C,196.0,C,C,용수선결
47113,경상북도,포항시 북구,용수선결,197.0,,0.3263971202902552,False,"용수(H<4,080), 재해",,신재생 배분추정(높음),0.09162,0.5376308418381642,0.5786585054259037,0.34433551896791326,0.46847960444993825,82.0,3548.0,155763.21544649964,0.3641312982456139,0.5333,False,False,,False,124.0,162.0,용수선결,209.0,용수선결,201.0,용수선결,C,용수선결
43730,충청북도,옥천군,C,198.0,176.0,0.32610014646047814,False,전력(변전소 여유 0MW),,,0.0,0.5762696435470991,0.6097470579798726,0.5002611494697075,0.5222496909765145,0.0,5505.0,208644.0,0.5151020526315788,0.542,False,False,,False,125.0,212.0,C,180.0,C,197.0,C,C,용수선결
47250,경상북도,상주시,C,199.0,177.0,0.3259599911858955,False,"전력(변전소 여유 0MW), 재해",신재생,,0.0,0.7193356082193062,0.6422538482320201,0.36144688384674956,0.3677379480840545,0.0,8714.0,615776.0,0.3806989122807016,0.517,False,False,,False,126.0,209.0,C,201.0,C,198.0,C,C,용수선결
41281,경기도,고양시 덕양구,C,200.0,178.0,0.324855967742056,False,"전력(변전소 여유 0MW), 신재생",,신재생 배분추정(중간),0.0,0.2306778112504037,0.8204664339245322,0.7036866296236978,0.566131025957973,0.0,108046.0,15275.822694949456,0.712063245614035,0.5491,False,False,,True,,207.0,C,161.0,C,211.0,C,C,C
43112,충청북도,청주시 서원구,C,201.0,179.0,0.32456364725751996,False,전력(변전소 여유 0MW),,신재생 배분추정(중간),0.0,0.35880911929140724,0.7469187255716219,0.7506933892138539,0.3702101359703336,0.0,38228.0,40269.18288212728,0.7575762631578947,0.5174,False,False,,False,127.0,210.0,C,179.0,C,188.0,C,C,C
48220,경상남도,통영시,C,202.0,180.0,0.3242160478911311,False,냉각,,,0.117318,0.3931423116768958,0.7440003502644627,0.5699729297850298,0.03955500618046949,105.0,36684.0,52212.0,0.5825985894736843,0.4639,False,False,,False,128.0,137.0,C,224.0,C,199.0,C,C,C
26260,부산광역시,동래구,C,203.0,181.0,0.32389683162333704,False,"전력(변전소 여유 0MW), 신재생","수자원, 재해",,0.0,0.13684257867733488,0.9025358311804159,0.8980668162492175,0.3430160692212609,0.0,344439.0,7511.0,0.9002665789473684,0.513,False,False,,False,129.0,200.0,C,169.0,C,200.0,C,C,C
26320,부산광역시,북구,C,204.0,182.0,0.32175073987793806,False,"전력, 신재생, 냉각","수자원, 재해",,0.005587,0.1461505280492522,0.9025358311804159,0.9004726529077032,0.27503090234857847,5.0,344439.0,8059.0,0.9025959649122808,0.502,False,False,,False,130.0,199.0,C,178.0,C,202.0,C,C,C
48870,경상남도,함양군,용수선결,205.0,,0.32097585478161716,False,"용수(H<4,080)",,,0.150838,0.49241506245133515,0.3706821098861116,0.5136205144600161,0.37206427688504357,135.0,187.0,110641.0,0.5280368947368421,0.5177,False,False,,False,131.0,151.0,용수선결,223.0,용수선결,203.0,용수선결,용수선결,용수선결
12860,전남광주통합특별시,진도군,C,206.0,183.0,0.3205106146527296,False,"전력, 냉각",,,0.031285,0.5446198407084404,0.6694374186295493,0.6382735299386735,0.10630407911001236,28.0,12794.0,164220.0,0.6487287894736842,0.4747,False,False,,False,132.0,196.0,C,213.0,C,204.0,C,C,용수선결
27200,대구광역시,남구,C,207.0,184.0,0.3187651229453128,False,"전력(변전소 여유 0MW), 신재생, 냉각","수자원, 재해",,0.0,0.12805738930717953,0.9208236541152514,0.9563091727779569,0.19839307787391824,0.0,445974.0,7028.0,0.9566581578947368,0.4896,False,False,,False,133.0,203.0,C,182.0,C,205.0,C,C,C
48330,경상남도,양산시,C,208.0,185.0,0.3175770658771213,False,"전력, 냉각",,,0.005587,0.5613521067116107,0.7746985845423797,0.6171322640842734,0.0037082818294189718,5.0,56600.0,186379.0,0.6282593333333333,0.4581,False,False,,False,134.0,201.0,C,216.0,C,208.0,C,C,C
26350,부산광역시,해운대구,C,209.0,186.0,0.31569632584447366,False,"전력(변전소 여유 0MW), 신재생, 냉각",수자원,,0.0,0.2137731946339683,0.9025358311804159,0.8352325089151854,0.18974042027194077,0.0,344439.0,13442.0,0.8394289684210526,0.4882,False,False,,False,135.0,208.0,C,192.0,C,209.0,C,C,C
47830,경상북도,고령군,용수선결,210.0,,0.3152690549265101,False,"용수(H<4,080), 재해",전력,,0.324022,0.4602352212095891,0.0,0.4185773461129298,0.38504326328801014,290.0,0.0,86735.0,0.4360139298245613,0.5198,False,False,,False,136.0,110.0,용수선결,232.0,용수선결,210.0,용수선결,용수선결,용수선결
48129,경상남도,창원시 진해구,C,211.0,187.0,0.3149229440206667,False,"전력(변전소 여유 0MW), 신재생, 냉각",수자원,신재생 배분추정(높음),0.0,0.24237313808422323,0.9264561453171991,0.6829135913164546,0.28862793572311485,0.0,482909.0,16688.97808327112,0.6919503157894737,0.5042,False,False,,False,137.0,204.0,C,193.0,C,216.0,C,C,C
43740,충청북도,영동군,용수선결,212.0,,0.3135174609687173,False,"전력, 용수(H<4,080)",냉각,,0.005587,0.5290169406643218,0.5373840227665295,0.4987487746812522,0.5865265760197776,5.0,1980.0,145937.0,0.5136377368421052,0.5524,False,False,,False,138.0,220.0,용수선결,186.0,용수선결,212.0,용수선결,C,용수선결
26530,부산광역시,사상구,C,213.0,188.0,0.3118754558186467,False,"전력(변전소 여유 0MW), 신재생, 냉각",수자원,,0.0,0.19019563385232693,0.9025358311804159,0.8407056727064477,0.18974042027194077,0.0,344439.0,11246.0,0.8447282105263157,0.4882,False,False,,False,139.0,211.0,C,194.0,C,213.0,C,C,C
48840,경상남도,남해군,C,214.0,189.0,0.31164934500469527,False,"전력(변전소 여유 0MW), 냉각",,,0.0,0.507381343645147,0.7491102034567725,0.636221461345865,0.09147095179233612,0.0,39430.0,123904.0,0.6467419298245614,0.4723,False,False,,False,140.0,213.0,C,214.0,C,214.0,C,C,C
47280,경상북도,문경시,C,215.0,190.0,0.30962142999537534,False,"전력(변전소 여유 0MW), 재해",,,0.0,0.5683242971683786,0.589596307127943,0.48100055842952333,0.4276885043263285,0.0,4141.0,196473.0,0.4964535087719297,0.5267,False,False,,False,141.0,222.0,C,206.0,C,215.0,C,C,용수선결
48121,경상남도,창원시 의창구,C,216.0,191.0,0.30913369074934127,False,"전력(변전소 여유 0MW), 재해, 냉각",수자원,신재생 배분추정(높음),0.0,0.4378259144219612,0.9264561453171991,0.4949041833762315,0.09270704573547567,0.0,482909.0,73210.2729889066,0.5099153157894738,0.4725,False,False,,False,142.0,202.0,C,218.0,C,207.0,C,C,C
52800,전북특별자치도,부안군,C,217.0,192.0,0.30651221869865225,False,"전력(변전소 여유 0MW), 재해, 냉각",신재생,,0.0,0.6360907781736505,0.6702351262721397,0.41245919160155614,0.21631644004944367,0.0,12939.0,328048.0,0.430090192982456,0.4925,False,False,,False,143.0,217.0,C,220.0,C,217.0,C,C,용수선결
31110,울산광역시,중구,C,218.0,193.0,0.3061671463130419,False,"전력(변전소 여유 0MW), 신재생, 냉각",재해,,0.0,0.1406926274153591,0.8380773336328888,0.8753882973255704,0.2917181705809644,0.0,138565.0,7733.0,0.8783087192982456,0.5047,False,False,,False,144.0,216.0,C,189.0,C,218.0,C,C,C
26470,부산광역시,연제구,C,219.0,194.0,0.30439174991758633,False,"전력(변전소 여유 0MW), 신재생, 냉각","수자원, 재해",,0.0,0.10100038694820554,0.9025358311804159,0.915147776353714,0.18974042027194077,0.0,344439.0,5727.0,0.9168047543859648,0.4882,False,False,,False,145.0,215.0,C,199.0,C,219.0,C,C,C
41480,경기도,파주시,C,220.0,195.0,0.30299013139996267,False,"전력(변전소 여유 0MW), 재해",,,0.0,0.5411858936329692,0.602823796453216,0.416948969318919,0.4765142150803459,0.0,4992.0,160009.0,0.4344372982456139,0.5346,False,False,,True,,224.0,C,208.0,C,220.0,C,C,용수선결
27110,대구광역시,중구,C,221.0,196.0,0.29982421737049453,False,"전력(변전소 여유 0MW), 신재생, 냉각","수자원, 재해",,0.0,0.0,0.9208236541152514,1.0,0.19839307787391824,0.0,445974.0,2667.0,0.9989606140350876,0.4896,False,False,,False,146.0,219.0,C,196.0,C,221.0,C,C,C
26170,부산광역시,동구,C,222.0,197.0,0.2996820973402119,False,"전력(변전소 여유 0MW), 신재생, 냉각","수자원, 재해",,0.0,0.08084564838267962,0.9025358311804159,0.908699003442752,0.18974042027194077,0.0,344439.0,4917.0,0.910560905263158,0.4882,False,False,,False,147.0,218.0,C,202.0,C,222.0,C,C,C
41465,경기도,용인시 수지구,C,223.0,198.0,0.2962735086871341,False,"전력(변전소 여유 0MW), 신재생",재해,신재생 배분추정(낮음); 냉각 커버리지낮음,0.0,0.0,0.896366598282874,0.8767307822664644,0.3683559950556243,0.0,315692.0,329.9793429333556,0.8796085438596492,0.5171,False,False,,True,,223.0,C,191.0,C,223.0,C,C,C
26500,부산광역시,수영구,C,224.0,199.0,0.29446888925060605,False,"전력(변전소 여유 0MW), 신재생, 냉각","수자원, 재해",,0.0,0.06416549089796848,0.9025358311804159,0.8932212483131285,0.18974042027194077,0.0,344439.0,4334.0,0.8955749894736842,0.4882,False,False,,False,148.0,221.0,C,207.0,C,224.0,C,C,C
41290,경기도,과천시,C,225.0,200.0,0.28658508586891823,False,"전력, 신재생",재해,,0.003352,0.023787459966771618,0.7018771854250314,0.86892954773478,0.5463535228677383,3.0,20232.0,3193.0,0.8720552105263157,0.5459,False,False,,True,,226.0,C,190.0,C,225.0,C,C,용수선결
48270,경상남도,밀양시,C,226.0,201.0,0.283442122879263,False,"전력(변전소 여유 0MW), 재해, 냉각",,,0.0,0.5399149608859589,0.6687145089251145,0.31584465088243324,0.3009888751545116,0.0,12664.0,158478.0,0.3365457894736841,0.5062,False,False,,False,149.0,225.0,C,225.0,C,226.0,C,C,용수선결
41800,경기도,연천군,용수선결,227.0,,0.27625260450978306,False,"전력(변전소 여유 0MW), 용수(H<4,080), 재해",냉각,,0.0,0.6086190874030799,0.2084336770990331,0.4445713081741134,0.6971569839307791,0.0,18.0,266492.0,0.4611818771929824,0.5703,False,False,,True,,230.0,용수선결,217.0,용수선결,227.0,용수선결,용수선결,용수선결
47760,경상북도,영양군,용수선결,228.0,,0.2714661090440831,False,"전력(변전소 여유 0MW), 용수(H<4,080), 재해","신재생, 냉각",,0.0,0.746614362887973,0.0,0.48546710675433363,0.6718170580964157,0.0,0.0,756906.0,0.5007781228070175,0.5662,False,False,,False,150.0,231.0,용수선결,222.0,용수선결,228.0,용수선결,용수선결,용수선결
47930,경상북도,울진군,용수선결,229.0,,0.2652660546438466,False,"전력(변전소 여유 0MW), 용수(H<4,080), 재해",,,0.0,0.5110003840277597,0.5884418801475911,0.2457389964659612,0.40049443757725584,0.0,4074.0,127343.0,0.2686678947368419,0.5223,False,False,,False,151.0,229.0,용수선결,227.0,용수선결,229.0,용수선결,C,용수선결
52720,전북특별자치도,진안군,용수선결,230.0,,0.2518172050345165,False,"전력(변전소 여유 0MW), 용수(H<4,080)",냉각,,0.0,0.5923183477223807,0.0,0.5727131174912053,0.6582200247218787,0.0,0.0,235576.0,0.5852517017543859,0.564,False,False,,False,152.0,232.0,용수선결,226.0,용수선결,230.0,용수선결,용수선결,용수선결
48720,경상남도,의령군,용수선결,231.0,,0.24688985082682965,False,"용수(H<4,080), 재해, 냉각",,,0.145251,0.5345795261256392,0.0,0.49171864001654975,0.20395550061804688,130.0,0.0,152209.0,0.5068309999999999,0.4905,False,False,,False,153.0,228.0,용수선결,240.0,용수선결,231.0,용수선결,용수선결,용수선결
47920,경상북도,봉화군,용수선결,232.0,,0.23518479689504698,False,"전력(변전소 여유 0MW), 용수(H<4,080), 재해","신재생, 냉각",,0.0,0.6135246039439978,0.0,0.4070891068807725,0.666254635352287,0.0,0.0,276567.0,0.4248907543859648,0.5653,False,False,,False,154.0,234.0,용수선결,228.0,용수선결,232.0,용수선결,용수선결,용수선결
41670,경기도,여주시,용수선결,233.0,,0.23510820331932833,False,"전력(변전소 여유 0MW), 용수(H<4,080), 재해",신재생,,0.0,0.6322546091908499,0.0,0.48203194708279135,0.5278121137206432,0.0,0.0,318665.0,0.4974521228070174,0.5429,False,False,,True,,233.0,용수선결,229.0,용수선결,233.0,용수선결,용수선결,용수선결
12730,전남광주통합특별시,구례군,용수선결,234.0,,0.2262798559985637,False,"용수(H<4,080), 재해, 냉각",,,0.201117,0.3166828471964338,0.0,0.46893163874250277,0.2132262051915945,180.0,0.0,29280.0,0.4847681052631579,0.492,False,False,,False,155.0,227.0,용수선결,241.0,용수선결,234.0,용수선결,용수선결,용수선결
52730,전북특별자치도,무주군,용수선결,235.0,,0.21864276696050403,False,"전력(변전소 여유 0MW), 용수(H<4,080)",냉각,,0.0,0.47073468493717474,0.0,0.5109228427028931,0.6396786155747841,0.0,0.0,93905.0,0.525424947368421,0.561,False,False,,False,156.0,237.0,용수선결,230.0,용수선결,235.0,용수선결,용수선결,용수선결
47750,경상북도,청송군,용수선결,236.0,,0.217761980746925,False,"전력(변전소 여유 0MW), 용수(H<4,080)",냉각,,0.0,0.475646714743827,0.0,0.5263649166158124,0.600123609394314,0.0,0.0,97460.0,0.5403763157894736,0.5546,False,False,,False,157.0,238.0,용수선결,231.0,용수선결,236.0,용수선결,용수선결,용수선결
43720,충청북도,보은군,용수선결,237.0,,0.216754523752006,False,"전력(변전소 여유 0MW), 용수(H<4,080), 재해",,,0.0,0.5674426516621629,0.0,0.4905040073329502,0.4555006180469717,0.0,0.0,195167.0,0.5056549649122806,0.5312,False,False,,False,158.0,236.0,용수선결,236.0,용수선결,237.0,용수선결,용수선결,용수선결
44710,충청남도,금산군,용수선결,238.0,,0.2160721416671854,False,"전력(변전소 여유 0MW), 용수(H<4,080), 재해",신재생,,0.0,0.6195268170609072,0.0,0.457421529091616,0.3893695920889986,0.0,0.0,289414.0,0.4736237543859648,0.5205,False,False,,False,159.0,235.0,용수선결,237.0,용수선결,238.0,용수선결,용수선결,용수선결
47770,경상북도,영덕군,용수선결,239.0,,0.21083061787782223,False,"전력(변전소 여유 0MW), 용수(H<4,080), 재해",신재생,,0.0,0.6390561505619838,0.0,0.38670216209654945,0.39122373300370855,0.0,0.0,335490.0,0.405151649122807,0.5208,False,False,,False,160.0,239.0,용수선결,239.0,용수선결,239.0,용수선결,용수선결,용수선결
44790,충청남도,청양군,용수선결,240.0,,0.20778702864074938,False,"전력(변전소 여유 0MW), 용수(H<4,080), 재해",냉각,,0.0,0.4680785643706961,0.0,0.46713654303985147,0.5914709517923364,0.0,0.0,92037.0,0.4830300526315788,0.5532,False,False,,False,161.0,240.0,용수선결,235.0,용수선결,240.0,용수선결,용수선결,용수선결
47820,경상북도,청도군,용수선결,241.0,,0.19611240467925503,False,"전력(변전소 여유 0MW), 용수(H<4,080)",,,0.0,0.42969136657309515,0.0,0.5285248877301896,0.4647713226205189,0.0,0.0,68841.0,0.542467649122807,0.5327,False,False,,False,162.0,242.0,용수선결,238.0,용수선결,241.0,용수선결,용수선결,용수선결
48860,경상남도,산청군,용수선결,242.0,,0.18494520951325197,False,"전력, 용수(H<4,080), 재해, 냉각",,,0.025698,0.520440101036477,0.0,0.36316730846772416,0.27997527812113737,23.0,0.0,136769.0,0.3823646666666666,0.5028,False,False,,False,163.0,241.0,용수선결,242.0,용수선결,242.0,용수선결,용수선결,용수선결
12780,전남광주통합특별시,강진군,판정보류,,,0.5449857738076116,True,냉각,신재생,결측:전력,,0.6193224878013401,0.6697575811987455,0.66720735101194,0.022249690976514174,,12852.0,288967.0,0.6767431754385964,0.4611,,False,,False,,,판정보류,,판정보류,,판정보류,판정보류,판정보류
28155,인천광역시,영종구,판정보류,,,0.673220410133927,True,,"수자원, 재해",결측:전력; 신재생 배분추정(중간); 홍수 대체,,0.2974460627896523,0.960641928288265,0.9512876557830199,0.5599505562422747,,782704.0,25314.53909107203,0.9517962105263158,0.5481,,False,,True,,,판정보류,,판정보류,,판정보류,판정보류,판정보류
28720,인천광역시,옹진군,판정보류,,,0.681469523153654,True,,"수자원, 냉각",결측:전력; 홍수 대체,,0.40980024889952055,0.960641928288265,0.7785517546426759,0.6180469715698393,,782704.0,59224.0,0.7845493684210526,0.5575,,False,,True,,,판정보류,,판정보류,,판정보류,판정보류,판정보류
26110,부산광역시,중구,제외,,,,False,,,,,,,,,0.0,344439.0,1697.0,,0.4679,False,True,연안 고위험(CO Red),False,,,제외,,제외,,제외,제외,제외
26140,부산광역시,서구,제외,,,,False,,,,,,,,,0.0,344439.0,4700.0,,0.4882,False,True,연안 고위험(CO Red),False,,,제외,,제외,,제외,제외,제외
26200,부산광역시,영도구,제외,,,,False,,,,,,,,,0.0,344439.0,8044.0,,0.4936,False,True,연안 고위험(CO Red),False,,,제외,,제외,,제외,제외,제외
26380,부산광역시,사하구,제외,,,,False,,,,,,,,,0.0,344439.0,32460.0,,0.4947,False,True,연안 고위험(CO Red),False,,,제외,,제외,,제외,제외,제외
26440,부산광역시,강서구,제외,,,,False,,,,,,,,,0.0,344439.0,271191.0,,0.4758,False,True,연안 고위험(CO Red),False,,,제외,,제외,,제외,제외,제외
26710,부산광역시,기장군,제외,,,,False,,,,,,,,,0.0,344439.0,70253.0,,0.4909,False,True,연안 고위험(CO Red),False,,,제외,,제외,,제외,제외,제외
28125,인천광역시,제물포구,제외,,,,False,,,,,,,,,0.0,782704.0,33617.46090892798,,0.5265,False,True,연안 고위험(CO Red),True,,,제외,,제외,,제외,제외,제외
28200,인천광역시,남동구,제외,,,,False,,,,,,,,,0.0,782704.0,39790.0,,0.5495,False,True,연안 고위험(CO Red),True,,,제외,,제외,,제외,제외,제외
47940,경상북도,울릉군,제외,,,,False,,,,,,,,,,0.0,2763.0,0.9042175614035088,0.5065,,True,전력 분석 제외(울릉),False,,,제외,,제외,,제외,제외,제외
50110,제주특별자치도,제주시,제외,,,,False,,,,,,,,,,0.0,1197147.0,,0.4394,,True,연안 고위험(CO Red),False,,,제외,,제외,,제외,제외,제외
50130,제주특별자치도,서귀포시,제외,,,,False,,,,,,,,,,0.0,1287184.0,,0.4067,,True,연안 고위험(CO Red),False,,,제외,,제외,,제외,제외,제외
