sigungu_code,sido_name,sigungu_name,is_capital_region,power_substation_headroom_mw_2029,power_can_host_500mw,renewable_generation_mwh_2024,water_supply_headroom_m3_per_day,water_supply_headroom_own_plants_only_m3_per_day,disaster_risk_index,disaster_safety_index,cooling_free_cooling_hour_ratio,cooling_summer_extreme_hour_ratio,power_score,renewable_score,water_score,disaster_score,cooling_score,suitability_score,national_rank,suitability_grade,water_demand_shortfall,reinforcement_needs,strengths,is_candidate_excluded,excluded_reason,has_missing_feature,renewable_is_estimated,renewable_estimate_confidence,flood_score_imputed,cooling_data_quality_flag,interpretation_notes
12870,전남광주통합특별시,신안군,False,895.0,True,1297271.0,13550.0,756.0,0.1162,0.8838,0.4909,0.3451,1.0,0.8178,0.6735,0.8811,0.2064,0.8193,1,A,False,냉각,"전력, 신재생, 재해",False,,False,False,,True,정상,홍수 대체
41273,경기도,안산시 단원구,True,710.0,True,503553.2,140346.0,57560.0,0.0523,0.9477,0.564,0.2008,0.7933,0.6927,0.839,0.947,0.6582,0.7883,2,A,False,,"전력, 신재생, 재해, 냉각",False,,False,True,중간,False,정상,신재생 배분추정(중간)
47290,경상북도,경산시,False,690.0,True,239370.0,116217.0,6093.0,0.401,0.599,0.5268,0.2904,0.771,0.5944,0.8256,0.5869,0.4283,0.689,3,A,False,,전력,False,,False,False,,False,정상,
52130,전북특별자치도,군산시,False,580.0,False,5146261.0,151920.0,0.0,0.6705,0.3295,0.5018,0.3616,0.648,1.0,0.8446,0.3086,0.2738,0.6676,4,A,False,"재해, 냉각","전력, 신재생",False,,False,False,,False,정상,
27140,대구광역시,동구,False,690.0,True,39741.0,445974.0,445974.0,0.3187,0.6813,0.5097,0.2421,0.771,0.3571,0.9208,0.6719,0.3226,0.6597,5,A,False,,"전력, 수자원",False,,False,False,,False,정상,
41271,경기도,안산시 상록구,True,710.0,True,5946.8,140346.0,57560.0,0.1171,0.8829,0.5507,0.3415,0.7933,0.106,0.839,0.8801,0.576,0.6589,6,A,False,신재생,"전력, 재해, 냉각",False,,False,True,중간,False,정상,신재생 배분추정(중간)
41370,경기도,오산시,True,600.0,False,25344.0,315692.0,0.0,0.1197,0.8803,0.5493,0.2798,0.6704,0.2976,0.8964,0.8774,0.5674,0.6527,7,A,False,,"전력, 재해",False,,False,False,,False,정상,
47230,경상북도,영천시,False,700.0,True,303234.0,5292.0,0.0,0.457,0.543,0.518,0.209,0.7821,0.6257,0.607,0.5291,0.3739,0.651,8,A,False,,"전력, 신재생",False,,False,False,,False,정상,
52770,전북특별자치도,순창군,False,690.0,True,138011.0,7092.0,0.0,0.3739,0.6261,0.5172,0.2176,0.771,0.5216,0.6277,0.6149,0.369,0.6404,9,A,False,,전력,False,,False,False,,False,정상,
43130,충청북도,충주시,False,560.0,False,1089903.0,64200.0,0.0,0.575,0.425,0.5316,0.2081,0.6257,0.7948,0.7836,0.4072,0.458,0.6395,10,A,False,재해,"전력, 신재생",False,,False,False,,False,정상,
44210,충청남도,서산시,False,820.0,True,1484523.0,0.0,0.0,0.5538,0.4462,0.5244,0.35,0.9162,0.8357,0.0,0.4291,0.4135,0.6387,11,용수선결,True,"용수(H<4,080), 재해","전력, 신재생",False,,False,False,,False,정상,
44760,충청남도,부여군,False,700.0,True,317262.0,25776.0,0.0,0.6403,0.3597,0.5034,0.3428,0.7821,0.6317,0.719,0.3397,0.2837,0.6372,12,A,False,"재해, 냉각","전력, 신재생",False,,False,False,,False,정상,
27710,대구광역시,달성군,False,605.0,False,183752.0,445974.0,445974.0,0.423,0.577,0.4896,0.4464,0.676,0.5595,0.9208,0.5642,0.1984,0.633,13,A,False,냉각,"전력, 수자원",False,,False,False,,False,정상,
12720,전남광주통합특별시,곡성군,False,690.0,True,109309.0,7092.0,0.0,0.4271,0.5729,0.5164,0.3534,0.771,0.4908,0.6277,0.5599,0.364,0.6269,14,A,False,,전력,False,,False,False,,False,정상,
43150,충청북도,제천시,False,590.0,False,161147.0,17408.0,17408.0,0.4311,0.5689,0.5559,0.127,0.6592,0.5421,0.6912,0.5558,0.6082,0.6236,15,A,False,,"전력, 냉각",False,,False,False,,False,정상,
12810,전남광주통합특별시,무안군,False,565.0,False,476575.0,12794.0,0.0,0.3292,0.6708,0.5071,0.3885,0.6313,0.6855,0.6694,0.6611,0.3066,0.6204,16,A,False,냉각,"전력, 신재생",False,,False,False,,False,정상,
12110,전남광주통합특별시,목포시,False,565.0,False,106212.0,83920.0,71126.0,0.0397,0.9603,0.4674,0.4622,0.6313,0.487,0.8026,0.9601,0.0612,0.6191,17,A,False,냉각,"전력, 재해",False,,False,False,,True,정상,홍수 대체
41597,경기도,화성시 동탄구,True,600.0,False,4485.1,386120.0,0.0,0.0571,0.9429,0.5455,0.3159,0.6704,0.0687,0.9106,0.9421,0.5439,0.6171,18,A,False,신재생,"전력, 수자원, 재해",False,,False,True,중간,False,정상,신재생 배분추정(중간)
48740,경상남도,창녕군,False,605.0,False,154294.0,301453.0,1299.0,0.5669,0.4331,0.5084,0.3818,0.676,0.5364,0.8931,0.4156,0.3146,0.616,19,A,False,"재해, 냉각",전력,False,,False,False,,False,정상,
44180,충청남도,보령시,False,685.0,True,369944.0,2279.0,2279.0,0.5941,0.4059,0.5054,0.3784,0.7654,0.652,0.5473,0.3875,0.296,0.6134,20,용수선결,True,"용수(H<4,080), 재해, 냉각","전력, 신재생",False,,False,False,,False,정상,
44230,충청남도,논산시,False,605.0,False,472184.0,25776.0,0.0,0.6815,0.3185,0.5248,0.3431,0.676,0.6842,0.719,0.2972,0.4159,0.6103,21,A,False,재해,"전력, 신재생",False,,False,False,,False,정상,
52180,전북특별자치도,정읍시,False,520.0,False,791184.0,34688.0,0.0,0.5551,0.4449,0.495,0.35,0.581,0.7525,0.74,0.4277,0.2318,0.5863,22,A,False,"재해, 냉각","전력, 신재생",False,,False,False,,False,정상,
44270,충청남도,당진시,False,430.0,False,2053214.0,22096.0,0.0,0.6206,0.3794,0.5451,0.3355,0.4804,0.8785,0.7081,0.3602,0.5414,0.5846,23,A,False,재해,"전력, 신재생",False,,False,False,,False,정상,
51780,강원특별자치도,철원군,False,545.0,False,250026.0,751.0,751.0,0.4167,0.5833,0.5509,0.2355,0.6089,0.6002,0.4688,0.5707,0.5773,0.5763,24,용수선결,True,"용수(H<4,080)","전력, 냉각",False,,False,False,,False,정상,
12800,전남광주통합특별시,영암군,False,500.0,False,745930.0,12794.0,0.0,0.4982,0.5018,0.4989,0.3937,0.5587,0.7447,0.6694,0.4865,0.2559,0.5739,25,A,False,"재해, 냉각","전력, 신재생",False,,False,False,,False,정상,
30230,대전광역시,대덕구,False,380.0,False,50686.0,482620.0,482620.0,0.0866,0.9134,0.5433,0.2164,0.4246,0.3892,0.9264,0.9117,0.5303,0.5734,26,A,False,,"전력, 수자원, 재해",False,,False,False,,False,정상,
41820,경기도,가평군,True,410.0,False,371269.0,5610.0,5610.0,0.3773,0.6227,0.5758,0.2366,0.4581,0.6525,0.6111,0.6114,0.7311,0.5668,27,A,False,,"전력, 신재생, 냉각",False,,False,False,,False,정상,
12330,전남광주통합특별시,광산구,False,400.0,False,309948.0,207600.0,194660.0,0.339,0.661,0.5094,0.3724,0.4469,0.6286,0.8667,0.651,0.3208,0.5649,28,A,False,,"전력, 신재생",False,,False,False,,False,정상,
11320,서울특별시,도봉구,True,410.0,False,8791.0,1364778.0,1364778.0,0.0745,0.9255,0.5509,0.2785,0.4581,0.1576,1.0,0.9242,0.5773,0.5612,29,A,False,신재생,"전력, 수자원, 재해, 냉각",False,,False,False,,False,정상,
36110,세종특별자치시,세종특별자치시,False,380.0,False,159557.0,373146.0,0.0,0.4444,0.5556,0.5165,0.396,0.4246,0.5408,0.9082,0.5421,0.3646,0.5356,30,A,False,,"전력, 수자원",False,,False,False,,False,정상,
52113,전북특별자치도,전주시 덕진구,False,320.0,False,443923.6,151920.0,0.0,0.2348,0.7652,0.4828,0.3404,0.3575,0.6761,0.8446,0.7586,0.1564,0.5311,31,A,False,냉각,"전력, 신재생",False,,False,True,중간,False,정상,신재생 배분추정(중간)
27260,대구광역시,수성구,False,455.0,False,16236.0,445974.0,445974.0,0.2113,0.7887,0.4896,0.4464,0.5084,0.2387,0.9208,0.7828,0.1984,0.5298,32,A,False,"신재생, 냉각","전력, 수자원",False,,False,False,,False,정상,
41390,경기도,시흥시,True,360.0,False,74571.0,87849.0,38993.0,0.3215,0.6785,0.5502,0.3349,0.4022,0.4403,0.8058,0.669,0.5729,0.5268,33,A,False,,"전력, 냉각",False,,False,False,,False,정상,
51110,강원특별자치도,춘천시,False,250.0,False,908144.0,56558.0,56558.0,0.3876,0.6124,0.5497,0.1805,0.2793,0.7707,0.7746,0.6008,0.5698,0.5247,34,A,False,,"신재생, 냉각",False,,False,False,,False,정상,
47190,경상북도,구미시,False,395.0,False,339237.0,24684.0,24684.0,0.4887,0.5113,0.5169,0.2357,0.4413,0.6405,0.716,0.4963,0.3671,0.5246,35,A,False,,"전력, 신재생",False,,False,False,,False,정상,
30200,대전광역시,유성구,False,380.0,False,54815.0,482620.0,482620.0,0.3518,0.6482,0.5166,0.2738,0.4246,0.3996,0.9264,0.6378,0.3653,0.5239,36,A,False,,"전력, 수자원",False,,False,False,,False,정상,
12750,전남광주통합특별시,보성군,False,430.0,False,288677.0,18704.0,0.0,0.6158,0.3842,0.5249,0.2296,0.4804,0.6192,0.6963,0.3651,0.4166,0.5213,37,A,False,재해,"전력, 신재생",False,,False,False,,False,정상,
30170,대전광역시,서구,False,380.0,False,25182.0,482620.0,482620.0,0.3276,0.6724,0.5357,0.2899,0.4246,0.2968,0.9264,0.6628,0.4833,0.5188,38,A,False,,"전력, 수자원",False,,False,False,,False,정상,
31710,울산광역시,울주군,False,370.0,False,381180.0,138565.0,138565.0,0.4992,0.5008,0.4878,0.3078,0.4134,0.6559,0.8381,0.4855,0.1873,0.5171,39,A,False,"재해, 냉각","전력, 신재생",False,,False,False,,False,정상,
47150,경상북도,김천시,False,420.0,False,392451.0,4625.0,4625.0,0.6617,0.3383,0.5481,0.2193,0.4693,0.6598,0.5974,0.3176,0.56,0.516,40,A,False,재해,"전력, 신재생",False,,False,False,,False,정상,
51130,강원특별자치도,원주시,False,365.0,False,247440.0,25266.0,8434.0,0.4694,0.5306,0.5326,0.1968,0.4078,0.5988,0.7176,0.5163,0.4642,0.5148,41,A,False,,전력,False,,False,False,,False,정상,
52210,전북특별자치도,김제시,False,320.0,False,774476.0,151920.0,0.0,0.6361,0.3639,0.5163,0.3749,0.3575,0.7496,0.8446,0.3441,0.3634,0.5115,42,A,False,재해,"전력, 신재생",False,,False,False,,False,정상,
12770,전남광주통합특별시,장흥군,False,430.0,False,213992.0,12794.0,0.0,0.4131,0.5869,0.4757,0.3852,0.4804,0.5796,0.6694,0.5744,0.1125,0.5071,43,A,False,냉각,전력,False,,False,False,,False,정상,
12840,전남광주통합특별시,장성군,False,400.0,False,194330.0,2976.0,0.0,0.3552,0.6448,0.5132,0.3503,0.4469,0.5669,0.5662,0.6342,0.3443,0.5039,44,용수선결,True,"용수(H<4,080)",전력,False,,False,False,,False,정상,
12820,전남광주통합특별시,함평군,False,400.0,False,164207.0,28710.0,0.0,0.5248,0.4752,0.5139,0.339,0.4469,0.5446,0.7267,0.4591,0.3486,0.5036,45,B,False,재해,전력,False,,False,False,,False,정상,
12170,전남광주통합특별시,나주시,False,335.0,False,601232.0,12940.0,0.0,0.4941,0.5059,0.51,0.3162,0.3743,0.7162,0.6702,0.4907,0.3245,0.4988,46,B,False,재해,"전력, 신재생",False,,False,False,,False,정상,
51730,강원특별자치도,횡성군,False,270.0,False,186483.0,16832.0,0.0,0.3458,0.6542,0.5679,0.1549,0.3017,0.5614,0.6889,0.6439,0.6823,0.4963,47,B,False,,"전력, 냉각",False,,False,False,,False,정상,
11350,서울특별시,노원구,True,225.0,False,30208.0,1364778.0,1364778.0,0.1647,0.8353,0.5536,0.3143,0.2514,0.3208,1.0,0.831,0.5939,0.4958,48,B,False,,"수자원, 냉각",False,,False,False,,False,정상,
51230,강원특별자치도,삼척시,False,290.0,False,332664.0,35895.0,3215.0,0.5349,0.4651,0.5481,0.2022,0.324,0.6379,0.7425,0.4486,0.56,0.4919,49,B,False,재해,"전력, 신재생",False,,False,False,,False,정상,
47210,경상북도,영주시,False,340.0,False,310018.0,7582.0,7582.0,0.5768,0.4232,0.5417,0.1371,0.3799,0.6286,0.6324,0.4053,0.5204,0.486,50,B,False,재해,"전력, 신재생",False,,False,False,,False,정상,
47111,경상북도,포항시 남구,False,480.0,False,81450.8,3548.0,0.0,0.5793,0.4207,0.4957,0.2319,0.5363,0.4519,0.5787,0.4027,0.2361,0.4807,51,용수선결,True,"용수(H<4,080), 재해, 냉각",전력,False,,False,True,높음,False,정상,신재생 배분추정(높음)
27290,대구광역시,달서구,False,225.0,False,106784.0,445974.0,445974.0,0.1572,0.8428,0.4896,0.4464,0.2514,0.4877,0.9208,0.8387,0.1984,0.4776,52,B,False,냉각,수자원,False,,False,False,,False,정상,
51720,강원특별자치도,홍천군,False,235.0,False,217215.0,43813.0,10254.0,0.4163,0.5837,0.5526,0.1574,0.2626,0.5816,0.7566,0.5711,0.5878,0.4763,53,B,False,,냉각,False,,False,False,,False,정상,
51190,강원특별자치도,태백시,False,89.0,False,390474.0,32680.0,0.0,0.3165,0.6835,0.6193,0.0063,0.0994,0.6591,0.7358,0.6742,1.0,0.473,54,B,False,,"신재생, 냉각",False,,False,False,,False,고지대,냉각 고지대
51770,강원특별자치도,정선군,False,230.0,False,170700.0,32680.0,0.0,0.4858,0.5142,0.582,0.1359,0.257,0.5497,0.7358,0.4993,0.7695,0.4727,55,B,False,,냉각,False,,False,False,,False,정상,
47730,경상북도,의성군,False,285.0,False,430521.0,3770.0,0.0,0.4278,0.5722,0.5169,0.2905,0.3184,0.672,0.583,0.5592,0.3671,0.4657,56,용수선결,True,"용수(H<4,080)","전력, 신재생",False,,False,False,,False,정상,
52111,전북특별자치도,전주시 완산구,False,265.0,False,30797.4,151920.0,0.0,0.2009,0.7991,0.5175,0.3073,0.2961,0.3234,0.8446,0.7936,0.3708,0.463,57,B,False,,전력,False,,False,True,중간,False,정상,신재생 배분추정(중간)
44810,충청남도,예산군,False,345.0,False,221859.0,2881.0,2881.0,0.6128,0.3872,0.5329,0.3354,0.3855,0.5844,0.5639,0.3682,0.466,0.4585,58,용수선결,True,"용수(H<4,080), 재해",전력,False,,False,False,,False,정상,
51760,강원특별자치도,평창군,False,150.0,False,499075.0,10526.0,10526.0,0.4974,0.5026,0.5993,0.0582,0.1676,0.6916,0.6556,0.4874,0.8764,0.4583,59,B,False,재해,"신재생, 냉각",False,,False,False,,False,정상,
12150,전남광주통합특별시,순천시,False,180.0,False,484040.0,69736.0,51032.0,0.4269,0.5731,0.5246,0.1336,0.2011,0.6875,0.7895,0.5601,0.4147,0.4582,60,B,False,,신재생,False,,False,False,,False,정상,
44825,충청남도,태안군,False,405.0,False,908421.0,0.0,0.0,0.4686,0.5314,0.5396,0.3512,0.4525,0.7707,0.0,0.5171,0.5074,0.4532,61,용수선결,True,"용수(H<4,080)","전력, 신재생",False,,False,False,,False,커버리지낮음,냉각 커버리지낮음
11260,서울특별시,중랑구,True,170.0,False,12125.0,1364778.0,1364778.0,0.1114,0.8886,0.5518,0.2053,0.1899,0.2001,1.0,0.886,0.5828,0.453,62,B,False,신재생,"수자원, 재해, 냉각",False,,False,False,,False,정상,
47170,경상북도,안동시,False,245.0,False,601322.0,8640.0,8640.0,0.5557,0.4443,0.525,0.2439,0.2737,0.7162,0.6417,0.4271,0.4172,0.4528,63,B,False,재해,신재생,False,,False,False,,False,정상,
47850,경상북도,칠곡군,False,260.0,False,201283.0,54968.0,0.0,0.4793,0.5207,0.5048,0.4591,0.2905,0.5715,0.7726,0.506,0.2923,0.4517,64,B,False,냉각,전력,False,,False,False,,False,정상,
11290,서울특별시,성북구,True,145.0,False,9575.0,1364778.0,1364778.0,0.0677,0.9323,0.5667,0.1513,0.162,0.1689,1.0,0.9311,0.6749,0.4501,65,B,False,신재생,"수자원, 재해, 냉각",False,,False,False,,False,정상,
11305,서울특별시,강북구,True,175.0,False,8012.0,1364778.0,1364778.0,0.1128,0.8872,0.5599,0.1603,0.1955,0.1454,1.0,0.8846,0.6329,0.4494,66,B,False,신재생,"수자원, 재해, 냉각",False,,False,False,,False,정상,
51150,강원특별자치도,강릉시,False,400.0,False,1765978.0,0.0,0.0,0.555,0.445,0.5205,0.2425,0.4469,0.8586,0.0,0.4278,0.3894,0.4448,67,용수선결,True,"용수(H<4,080), 재해","전력, 신재생",False,,False,False,,False,정상,
41173,경기도,안양시 동안구,True,235.0,False,8333.5,61312.0,61312.0,0.0802,0.9198,0.5557,0.3469,0.2626,0.1506,0.7804,0.9182,0.6069,0.4443,68,B,False,신재생,"재해, 냉각",False,,False,True,매우 낮음,False,커버리지낮음+기준완화,신재생 배분추정(매우 낮음); 냉각 커버리지낮음+기준완화
28290,인천광역시,검단구,True,0.0,False,206465.6,782704.0,712276.0,0.1145,0.8855,0.5598,0.2654,0.0,0.5749,0.9606,0.8828,0.6323,0.4436,69,B,False,전력(변전소 여유 0MW),"수자원, 재해, 냉각",False,,False,True,낮음,False,정상,신재생 배분추정(낮음)
41450,경기도,하남시,True,145.0,False,16366.0,757508.0,16608.0,0.1768,0.8232,0.5633,0.2702,0.162,0.2398,0.9583,0.8184,0.6539,0.4402,70,B,False,신재생,"수자원, 냉각",False,,False,False,,False,커버리지낮음,냉각 커버리지낮음
47900,경상북도,예천군,False,245.0,False,270147.0,3770.0,0.0,0.5824,0.4176,0.5494,0.2557,0.2737,0.6104,0.583,0.3996,0.568,0.4339,71,용수선결,True,"용수(H<4,080), 재해",,False,,False,False,,False,정상,
43770,충청북도,음성군,False,100.0,False,258625.0,64200.0,0.0,0.3493,0.6507,0.5531,0.2489,0.1117,0.6047,0.7836,0.6403,0.5909,0.4315,72,B,False,,냉각,False,,False,False,,False,정상,
12740,전남광주통합특별시,고흥군,False,200.0,False,716200.0,28372.0,9668.0,0.4676,0.5324,0.4725,0.3558,0.2235,0.7393,0.7258,0.5181,0.0927,0.4305,73,B,False,냉각,신재생,False,,False,False,,False,정상,
41360,경기도,남양주시,True,0.0,False,493198.0,232406.0,16022.0,0.222,0.778,0.5481,0.3227,0.0,0.69,0.8747,0.7718,0.56,0.4302,74,B,False,전력(변전소 여유 0MW),신재생,False,,False,False,,False,정상,
47840,경상북도,성주군,False,350.0,False,125878.0,259.0,259.0,0.5635,0.4365,0.535,0.2845,0.3911,0.5095,0.3936,0.4191,0.479,0.4264,75,용수선결,True,"용수(H<4,080), 재해",전력,False,,False,False,,False,정상,
44150,충청남도,공주시,False,185.0,False,276599.0,41240.0,9334.0,0.5993,0.4007,0.5394,0.2688,0.2067,0.6135,0.7523,0.3821,0.5062,0.426,76,B,False,재해,신재생,False,,False,False,,False,정상,
12830,전남광주통합특별시,영광군,False,166.0,False,922540.0,12940.0,0.0,0.4579,0.5421,0.4937,0.3301,0.1855,0.7728,0.6702,0.5282,0.2237,0.4259,77,B,False,냉각,신재생,False,,False,False,,False,정상,
43800,충청북도,단양군,False,190.0,False,127268.0,2175.0,2175.0,0.3617,0.6383,0.5645,0.1629,0.2123,0.5109,0.544,0.6275,0.6613,0.4214,78,용수선결,True,"용수(H<4,080)",냉각,False,,False,False,,False,정상,
27720,대구광역시,군위군,False,110.0,False,218711.0,445974.0,445974.0,0.494,0.506,0.5287,0.3419,0.1229,0.5825,0.9208,0.4909,0.44,0.4204,79,B,False,재해,수자원,False,,False,False,,False,정상,
47130,경상북도,경주시,False,340.0,False,411526.0,5721.0,2173.0,0.9693,0.0307,0.5129,0.2768,0.3799,0.6661,0.6125,0.0,0.3424,0.4201,80,B,False,재해,"전력, 신재생",False,,False,False,,False,정상,
11200,서울특별시,성동구,True,110.0,False,12202.0,1364778.0,1364778.0,0.1213,0.8787,0.5446,0.2303,0.1229,0.201,1.0,0.8758,0.5383,0.4195,81,B,False,신재생,"수자원, 재해",False,,False,False,,False,정상,
11680,서울특별시,강남구,True,40.0,False,48221.0,1364778.0,1364778.0,0.1473,0.8527,0.5363,0.3205,0.0447,0.3826,1.0,0.849,0.487,0.4133,82,B,False,전력,수자원,False,,False,False,,False,정상,
41593,경기도,화성시 효행구,True,80.0,False,45536.7,386120.0,0.0,0.2197,0.7803,0.5455,0.3159,0.0894,0.3751,0.9106,0.7742,0.5439,0.4117,83,B,False,,수자원,False,,False,True,중간,False,정상,신재생 배분추정(중간)
41591,경기도,화성시 만세구,True,0.0,False,336541.8,386120.0,0.0,0.3226,0.6774,0.5455,0.3159,0.0,0.6395,0.9106,0.6679,0.5439,0.4114,84,B,False,전력(변전소 여유 0MW),"신재생, 수자원",False,,False,True,중간,False,정상,신재생 배분추정(중간)
52750,전북특별자치도,임실군,False,124.0,False,297018.0,7092.0,0.0,0.2713,0.7287,0.5191,0.1687,0.1385,0.623,0.6277,0.7209,0.3807,0.4108,85,B,False,,신재생,False,,False,False,,False,정상,
51790,강원특별자치도,화천군,False,250.0,False,372866.0,0.0,0.0,0.2303,0.7697,0.5733,0.2231,0.2793,0.653,0.0,0.7632,0.7157,0.4104,86,용수선결,True,"용수(H<4,080)","신재생, 냉각",False,,False,False,,False,정상,
11620,서울특별시,관악구,True,26.0,False,14783.0,1364778.0,1364778.0,0.0744,0.9256,0.5745,0.1298,0.029,0.2263,1.0,0.9242,0.7231,0.4094,87,B,False,"전력, 신재생","수자원, 재해, 냉각",False,,False,False,,False,정상,
11230,서울특별시,동대문구,True,70.0,False,14511.0,1364778.0,1364778.0,0.1112,0.8888,0.5461,0.2934,0.0782,0.2239,1.0,0.8862,0.5476,0.4075,88,B,False,신재생,"수자원, 재해",False,,False,False,,False,정상,
41650,경기도,포천시,True,0.0,False,438625.0,61266.0,0.0,0.3151,0.6849,0.5578,0.3008,0.0,0.6745,0.7803,0.6757,0.6199,0.4051,89,B,False,전력(변전소 여유 0MW),"신재생, 냉각",False,,False,False,,False,정상,
28275,인천광역시,서해구,True,0.0,False,63754.4,782704.0,712276.0,0.1332,0.8668,0.5495,0.3666,0.0,0.4195,0.9606,0.8635,0.5686,0.4051,90,B,False,전력(변전소 여유 0MW),"수자원, 재해",False,,False,True,낮음,False,정상,신재생 배분추정(낮음)
41113,경기도,수원시 권선구,True,90.0,False,29469.3,326305.0,10613.0,0.1597,0.8403,0.5318,0.2477,0.1006,0.3175,0.8987,0.8361,0.4592,0.4032,91,B,False,,,False,,False,True,중간,False,정상,신재생 배분추정(중간)
51810,강원특별자치도,인제군,False,107.0,False,152053.0,11253.0,11253.0,0.4098,0.5902,0.5683,0.1022,0.1196,0.5344,0.6604,0.5778,0.6848,0.4021,92,B,False,,냉각,False,,False,False,,False,정상,
11500,서울특별시,강서구,True,9.0,False,60225.0,1364778.0,1364778.0,0.1935,0.8065,0.5398,0.37,0.0101,0.412,1.0,0.8012,0.5087,0.4004,93,B,False,전력,수자원,False,,False,False,,False,정상,
52140,전북특별자치도,익산시,False,55.0,False,952039.0,189157.0,37237.0,0.6508,0.3492,0.5255,0.2908,0.0615,0.7769,0.8601,0.3289,0.4203,0.3993,94,B,False,"전력, 재해",신재생,False,,False,False,,False,정상,
11440,서울특별시,마포구,True,45.0,False,14199.0,1364778.0,1364778.0,0.0855,0.9145,0.5457,0.2806,0.0503,0.221,1.0,0.9128,0.5451,0.3985,95,B,False,"전력, 신재생","수자원, 재해",False,,False,False,,False,정상,
11740,서울특별시,강동구,True,0.0,False,25356.0,1364778.0,1364778.0,0.073,0.927,0.5522,0.1919,0.0,0.2977,1.0,0.9257,0.5853,0.3978,96,B,False,전력(변전소 여유 0MW),"수자원, 재해, 냉각",False,,False,False,,False,정상,
41830,경기도,양평군,True,410.0,False,81013.0,0.0,0.0,0.4093,0.5907,0.5316,0.1812,0.4581,0.4512,0.0,0.5783,0.458,0.3973,97,용수선결,True,"용수(H<4,080)",전력,False,,False,False,,False,정상,
11380,서울특별시,은평구,True,0.0,False,13529.0,1364778.0,1364778.0,0.0648,0.9352,0.5746,0.1243,0.0,0.2146,1.0,0.9342,0.7237,0.3963,98,B,False,"전력(변전소 여유 0MW), 신재생","수자원, 재해, 냉각",False,,False,False,,False,정상,
11140,서울특별시,중구,True,70.0,False,3463.0,1364778.0,1364778.0,0.015,0.985,0.5667,0.2105,0.0782,0.0345,1.0,0.9856,0.6749,0.3963,99,B,False,신재생,"수자원, 재해, 냉각",False,,False,False,,False,정상,
28177,인천광역시,미추홀구,True,0.0,False,26735.0,782704.0,712276.0,0.042,0.958,0.5495,0.3666,0.0,0.3047,0.9606,0.9577,0.5686,0.3952,100,B,False,전력(변전소 여유 0MW),"수자원, 재해",False,,False,False,,True,정상,홍수 대체
12130,전남광주통합특별시,여수시,False,166.0,False,284664.0,10546.0,10546.0,0.3611,0.6389,0.4734,0.3342,0.1855,0.6173,0.6558,0.6282,0.0983,0.3945,101,B,False,냉각,신재생,False,,False,False,,False,정상,
12300,전남광주통합특별시,북구,False,100.0,False,91805.0,207600.0,194660.0,0.3497,0.6503,0.5106,0.3494,0.1117,0.4677,0.8667,0.6399,0.3282,0.3933,102,B,False,,,False,,False,False,,False,정상,
12270,전남광주통합특별시,남구,False,120.0,False,33865.0,207600.0,194660.0,0.2109,0.7891,0.5052,0.3027,0.1341,0.3359,0.8667,0.7833,0.2948,0.3927,103,B,False,냉각,,False,,False,False,,False,정상,
51170,강원특별자치도,동해시,False,90.0,False,244812.0,16773.0,16773.0,0.3766,0.6234,0.5287,0.1673,0.1006,0.5974,0.6886,0.6121,0.44,0.3916,104,B,False,,,False,,False,False,,False,정상,
28185,인천광역시,연수구,True,0.0,False,24301.0,782704.0,712276.0,0.051,0.949,0.5482,0.3479,0.0,0.292,0.9606,0.9484,0.5606,0.3908,105,B,False,전력(변전소 여유 0MW),"수자원, 재해",False,,False,False,,False,정상,
51820,강원특별자치도,고성군,False,118.0,False,167034.0,4274.0,4274.0,0.4906,0.5094,0.5738,0.2157,0.1318,0.5469,0.5918,0.4944,0.7188,0.3908,106,B,False,재해,냉각,False,,False,False,,False,정상,
52790,전북특별자치도,고창군,False,67.0,False,508191.0,11609.0,0.0,0.3418,0.6582,0.5092,0.3847,0.0749,0.694,0.6626,0.648,0.3195,0.3882,107,B,False,전력,신재생,False,,False,False,,False,정상,
11590,서울특별시,동작구,True,26.0,False,6385.0,1364778.0,1364778.0,0.0761,0.9239,0.5742,0.1771,0.029,0.1154,1.0,0.9224,0.7213,0.3876,108,B,False,"전력, 신재생","수자원, 재해, 냉각",False,,False,False,,False,정상,
12760,전남광주통합특별시,화순군,False,100.0,False,391296.0,13013.0,73.0,0.4436,0.5564,0.5133,0.2785,0.1117,0.6594,0.6706,0.543,0.3449,0.3871,109,B,False,,신재생,False,,False,False,,False,정상,
41220,경기도,평택시,True,1.0,False,444787.0,389797.0,3677.0,0.4728,0.5272,0.525,0.4145,0.0011,0.6763,0.9113,0.5127,0.4172,0.3867,110,B,False,전력,"신재생, 수자원",False,,False,False,,False,정상,
41550,경기도,안성시,True,0.0,False,255821.0,379892.0,0.0,0.4123,0.5877,0.5361,0.3372,0.0,0.6032,0.9095,0.5752,0.4858,0.3866,111,B,False,전력(변전소 여유 0MW),수자원,False,,False,False,,False,정상,
41133,경기도,성남시 중원구,True,80.0,False,7378.5,232218.0,54026.0,0.0315,0.9685,0.5483,0.1867,0.0894,0.1345,0.8746,0.9685,0.5612,0.3864,112,B,False,신재생,재해,False,,False,True,낮음,False,정상,신재생 배분추정(낮음)
31200,울산광역시,북구,False,140.0,False,45951.0,138565.0,138565.0,0.4051,0.5949,0.5146,0.0812,0.1564,0.3763,0.8381,0.5827,0.3529,0.3847,113,B,False,,,False,,False,False,,False,정상,
41131,경기도,성남시 수정구,True,80.0,False,9787.9,232218.0,54026.0,0.1018,0.8982,0.5483,0.1867,0.0894,0.1718,0.8746,0.8959,0.5612,0.3842,114,B,False,신재생,재해,False,,False,True,낮음,False,정상,신재생 배분추정(낮음)
11170,서울특별시,용산구,True,70.0,False,3476.0,1364778.0,1364778.0,0.0211,0.9789,0.5472,0.3184,0.0782,0.035,1.0,0.9793,0.5544,0.3839,115,C,False,신재생,"수자원, 재해",False,,False,False,,False,정상,
11410,서울특별시,서대문구,True,0.0,False,9104.0,1364778.0,1364778.0,0.0196,0.9804,0.5559,0.2747,0.0,0.1623,1.0,0.9808,0.6082,0.3811,116,C,False,"전력(변전소 여유 0MW), 신재생","수자원, 재해, 냉각",False,,False,False,,False,정상,
31170,울산광역시,동구,False,140.0,False,8104.0,138565.0,138565.0,0.0493,0.9507,0.5018,0.1297,0.1564,0.1469,0.8381,0.9501,0.2738,0.3806,117,C,False,"신재생, 냉각",재해,False,,False,False,,False,정상,
27230,대구광역시,북구,False,30.0,False,51177.0,445974.0,445974.0,0.2968,0.7032,0.5416,0.2602,0.0335,0.3905,0.9208,0.6945,0.5198,0.3803,118,C,False,전력,수자원,False,,False,False,,False,정상,
52190,전북특별자치도,남원시,False,124.0,False,689964.0,7092.0,0.0,0.5825,0.4175,0.5005,0.2927,0.1385,0.7344,0.6277,0.3994,0.2658,0.3794,119,C,False,"재해, 냉각",신재생,False,,False,False,,False,정상,
11215,서울특별시,광진구,True,19.0,False,13049.0,1364778.0,1364778.0,0.1064,0.8936,0.5377,0.3385,0.0212,0.2099,1.0,0.8912,0.4957,0.3766,120,C,False,"전력, 신재생","수자원, 재해",False,,False,False,,False,정상,
12210,전남광주통합특별시,동구,False,120.0,False,22608.0,207600.0,194660.0,0.2596,0.7404,0.5049,0.3347,0.1341,0.2825,0.8667,0.7329,0.293,0.3757,121,C,False,냉각,,False,,False,False,,False,정상,
11110,서울특별시,종로구,True,70.0,False,7041.0,1364778.0,1364778.0,0.095,0.905,0.5197,0.3234,0.0782,0.1283,1.0,0.903,0.3844,0.3755,122,C,False,신재생,"수자원, 재해",False,,False,False,,False,정상,
41285,경기도,고양시 일산동구,True,0.0,False,38065.7,108046.0,0.0,0.1564,0.8436,0.5633,0.2376,0.0,0.3514,0.8205,0.8395,0.6539,0.3742,123,C,False,전력(변전소 여유 0MW),냉각,False,,False,True,중간,False,정상,신재생 배분추정(중간)
11710,서울특별시,송파구,True,11.0,False,22899.0,1364778.0,1364778.0,0.2159,0.7841,0.5397,0.3213,0.0123,0.2842,1.0,0.7781,0.508,0.3737,124,C,False,전력,수자원,False,,False,False,,False,기준완화,냉각 기준완화
51830,강원특별자치도,양양군,False,140.0,False,111256.0,1578.0,1578.0,0.4862,0.5138,0.5631,0.175,0.1564,0.4931,0.5213,0.4989,0.6527,0.3734,125,용수선결,True,"용수(H<4,080)",냉각,False,,False,False,,False,정상,
12790,전남광주통합특별시,해남군,False,91.0,False,832269.0,16527.0,3733.0,0.4737,0.5263,0.4661,0.421,0.1017,0.7592,0.6876,0.5119,0.0532,0.3726,126,C,False,냉각,신재생,False,,False,False,,False,정상,
11650,서울특별시,서초구,True,26.0,False,10571.0,1364778.0,1364778.0,0.1625,0.8375,0.545,0.2602,0.029,0.182,1.0,0.8333,0.5408,0.3714,127,C,False,"전력, 신재생",수자원,False,,False,False,,False,정상,
28710,인천광역시,강화군,True,0.0,False,67178.0,782704.0,712276.0,0.3783,0.6217,0.544,0.2353,0.0,0.4265,0.9606,0.6103,0.5346,0.3703,128,C,False,전력(변전소 여유 0MW),수자원,False,,False,False,,False,정상,
43111,충청북도,청주시 상당구,False,0.0,False,298324.5,38228.0,556.0,0.4026,0.5974,0.5437,0.1939,0.0,0.6235,0.7469,0.5853,0.5328,0.3697,129,C,False,전력(변전소 여유 0MW),신재생,False,,False,True,중간,False,정상,신재생 배분추정(중간)
43750,충청북도,진천군,False,2.0,False,186829.0,64286.0,86.0,0.4094,0.5906,0.5513,0.2195,0.0022,0.5617,0.7837,0.5782,0.5797,0.3684,130,C,False,전력,냉각,False,,False,False,,False,정상,
28237,인천광역시,부평구,True,0.0,False,11346.0,782704.0,712276.0,0.0781,0.9219,0.547,0.3616,0.0,0.1914,0.9606,0.9205,0.5532,0.3671,131,C,False,"전력(변전소 여유 0MW), 신재생","수자원, 재해",False,,False,False,,False,정상,
41150,경기도,의정부시,True,0.0,False,25022.0,73137.0,1629.0,0.0762,0.9238,0.558,0.2769,0.0,0.2959,0.7928,0.9223,0.6211,0.3666,132,C,False,전력(변전소 여유 0MW),"재해, 냉각",False,,False,False,,False,정상,
41630,경기도,양주시,True,0.0,False,75197.0,61266.0,0.0,0.2715,0.7285,0.5575,0.3329,0.0,0.4414,0.7803,0.7207,0.618,0.366,133,C,False,전력(변전소 여유 0MW),냉각,False,,False,False,,False,커버리지낮음+기준완화,냉각 커버리지낮음+기준완화
48170,경상남도,진주시,False,90.0,False,232016.0,97291.0,60607.0,0.5317,0.4683,0.4885,0.3179,0.1006,0.5903,0.813,0.4519,0.1916,0.3658,134,C,False,"재해, 냉각",,False,,False,False,,False,정상,
11545,서울특별시,금천구,True,0.0,False,9486.0,1364778.0,1364778.0,0.0945,0.9055,0.545,0.3187,0.0,0.1677,1.0,0.9035,0.5408,0.3656,135,C,False,"전력(변전소 여유 0MW), 신재생","수자원, 재해",False,,False,False,,False,정상,
41430,경기도,의왕시,True,90.0,False,9229.0,24324.0,24324.0,0.1186,0.8814,0.5591,0.2071,0.1006,0.1641,0.7149,0.8786,0.6279,0.3654,136,C,False,신재생,"재해, 냉각",False,,False,False,,False,커버리지낮음+기준완화,냉각 커버리지낮음+기준완화
52710,전북특별자치도,완주군,False,0.0,False,535130.0,151920.0,0.0,0.583,0.417,0.5244,0.2893,0.0,0.7008,0.8446,0.3989,0.4135,0.3648,137,C,False,"전력(변전소 여유 0MW), 재해",신재생,False,,False,False,,False,정상,
41192,경기도,부천시 원미구,True,0.0,False,6570.7,172097.0,172097.0,0.0144,0.9856,0.5813,0.1295,0.0,0.1192,0.8534,0.9862,0.7651,0.3647,138,C,False,"전력(변전소 여유 0MW), 신재생","재해, 냉각",False,,False,True,매우 낮음,False,정상,신재생 배분추정(매우 낮음)
41194,경기도,부천시 소사구,True,0.0,False,6570.7,172097.0,172097.0,0.0146,0.9854,0.5813,0.1295,0.0,0.1192,0.8534,0.986,0.7651,0.3647,139,C,False,"전력(변전소 여유 0MW), 신재생","재해, 냉각",False,,False,True,매우 낮음,False,정상,신재생 배분추정(매우 낮음)
11530,서울특별시,구로구,True,0.0,False,13588.0,1364778.0,1364778.0,0.1624,0.8376,0.5433,0.3576,0.0,0.2152,1.0,0.8333,0.5303,0.3646,140,C,False,"전력(변전소 여유 0MW), 신재생",수자원,False,,False,False,,False,정상,
27170,대구광역시,서구,False,10.0,False,15783.0,445974.0,445974.0,0.0767,0.9233,0.5301,0.276,0.0112,0.235,0.9208,0.9218,0.4487,0.3637,141,C,False,"전력, 신재생","수자원, 재해",False,,False,False,,False,정상,
48730,경상남도,함안군,False,60.0,False,219706.0,133925.0,0.0,0.5473,0.4527,0.5075,0.3511,0.067,0.5831,0.8357,0.4358,0.309,0.3634,142,C,False,"전력, 재해, 냉각",,False,,False,False,,False,정상,
31140,울산광역시,남구,False,40.0,False,41582.0,138565.0,138565.0,0.1533,0.8467,0.5046,0.1805,0.0447,0.363,0.8381,0.8427,0.2911,0.3633,143,C,False,"전력, 냉각",,False,,False,False,,False,정상,
43760,충청북도,괴산군,False,30.0,False,185611.0,64200.0,0.0,0.566,0.434,0.556,0.2294,0.0335,0.5608,0.7836,0.4165,0.6088,0.3631,144,C,False,"전력, 재해",냉각,False,,False,False,,False,정상,
41463,경기도,용인시 기흥구,True,10.0,False,15721.0,315692.0,0.0,0.1103,0.8897,0.5426,0.3216,0.0112,0.2345,0.8964,0.8872,0.526,0.3626,145,C,False,"전력, 신재생",재해,False,,False,True,낮음,False,정상,신재생 배분추정(낮음)
41135,경기도,성남시 분당구,True,0.0,False,13594.6,232218.0,54026.0,0.0554,0.9446,0.5493,0.2562,0.0,0.2153,0.8746,0.9438,0.5674,0.362,146,C,False,"전력(변전소 여유 0MW), 신재생",재해,False,,False,True,낮음,False,정상,신재생 배분추정(낮음)
11470,서울특별시,양천구,True,0.0,False,10532.0,1364778.0,1364778.0,0.1446,0.8554,0.5438,0.2566,0.0,0.1815,1.0,0.8517,0.5334,0.3609,147,C,False,"전력(변전소 여유 0MW), 신재생",수자원,False,,False,False,,False,정상,
28245,인천광역시,계양구,True,0.0,False,10171.0,782704.0,712276.0,0.1342,0.8658,0.5495,0.3666,0.0,0.1769,0.9606,0.8625,0.5686,0.3583,148,C,False,"전력(변전소 여유 0MW), 신재생","수자원, 재해",False,,False,False,,False,정상,
41287,경기도,고양시 일산서구,True,0.0,False,25746.5,108046.0,0.0,0.1443,0.8557,0.5491,0.2919,0.0,0.2997,0.8205,0.852,0.5661,0.3574,149,C,False,전력(변전소 여유 0MW),,False,,False,True,중간,False,정상,신재생 배분추정(중간)
41410,경기도,군포시,True,47.0,False,11683.0,61770.0,61770.0,0.1474,0.8526,0.5575,0.1776,0.0525,0.1952,0.7809,0.8488,0.618,0.3573,150,C,False,"전력, 신재생",냉각,False,,False,False,,False,정상,
51800,강원특별자치도,양구군,False,64.0,False,129700.0,669.0,669.0,0.4275,0.5725,0.5923,0.1101,0.0715,0.5134,0.4606,0.5595,0.8331,0.3572,151,용수선결,True,"전력, 용수(H<4,080)",냉각,False,,False,False,,False,정상,
41196,경기도,부천시 오정구,True,0.0,False,6570.7,172097.0,172097.0,0.0786,0.9214,0.5813,0.1295,0.0,0.1192,0.8534,0.9199,0.7651,0.3561,152,C,False,"전력(변전소 여유 0MW), 신재생","재해, 냉각",False,,False,True,매우 낮음,False,정상,신재생 배분추정(매우 낮음)
11560,서울특별시,영등포구,True,0.0,False,12664.0,1364778.0,1364778.0,0.1922,0.8078,0.5365,0.3281,0.0,0.2059,1.0,0.8025,0.4883,0.3548,153,C,False,"전력(변전소 여유 0MW), 신재생",수자원,False,,False,False,,False,정상,
48123,경상남도,창원시 성산구,False,0.0,False,102362.8,482909.0,262612.0,0.1462,0.8538,0.4575,0.4473,0.0,0.4821,0.9265,0.85,0.0,0.3547,154,C,False,"전력(변전소 여유 0MW), 냉각",수자원,False,,False,True,높음,False,정상,신재생 배분추정(높음)
48820,경상남도,고성군,False,64.0,False,211295.0,36684.0,0.0,0.4513,0.5487,0.4934,0.3553,0.0715,0.5779,0.744,0.5349,0.2219,0.3537,155,C,False,"전력, 냉각",,False,,False,False,,False,정상,
41461,경기도,용인시 처인구,True,0.0,False,92683.1,315692.0,0.0,0.368,0.632,0.5171,0.2841,0.0,0.469,0.8964,0.621,0.3684,0.3532,156,C,False,전력(변전소 여유 0MW),,False,,False,True,낮음,False,커버리지낮음,신재생 배분추정(낮음); 냉각 커버리지낮음
41117,경기도,수원시 영통구,True,0.0,False,12831.0,326305.0,10613.0,0.062,0.938,0.5318,0.2477,0.0,0.2076,0.8987,0.9371,0.4592,0.3532,157,C,False,"전력(변전소 여유 0MW), 신재생",재해,False,,False,True,중간,False,정상,신재생 배분추정(중간)
44200,충청남도,아산시,False,0.0,False,317462.0,54670.0,0.0,0.5499,0.4501,0.538,0.326,0.0,0.6318,0.7722,0.4331,0.4975,0.3523,158,C,False,"전력(변전소 여유 0MW), 재해",신재생,False,,False,False,,False,정상,
12240,전남광주통합특별시,서구,False,8.0,False,41482.0,207600.0,194660.0,0.1654,0.8346,0.5049,0.35,0.0089,0.3627,0.8667,0.8302,0.293,0.3515,159,C,False,"전력, 냉각",,False,,False,False,,False,정상,
41595,경기도,화성시 병점구,True,0.0,False,8399.4,386120.0,0.0,0.0834,0.9166,0.5455,0.3159,0.0,0.1516,0.9106,0.915,0.5439,0.3497,160,C,False,"전력(변전소 여유 0MW), 신재생","수자원, 재해",False,,False,True,중간,False,정상,신재생 배분추정(중간)
43745,충청북도,증평군,False,0.0,False,51492.0,64200.0,0.0,0.3169,0.6831,0.5552,0.1733,0.0,0.3913,0.7836,0.6738,0.6038,0.3495,161,C,False,전력(변전소 여유 0MW),냉각,False,,False,False,,False,정상,
43114,충청북도,청주시 청원구,False,2.0,False,203305.8,38228.0,556.0,0.3358,0.6642,0.5095,0.4557,0.0022,0.5728,0.7469,0.6542,0.3214,0.3494,162,C,False,전력,,False,,False,True,중간,False,정상,신재생 배분추정(중간)
44133,충청남도,천안시 서북구,False,2.0,False,108862.3,44519.0,11945.0,0.3657,0.6343,0.537,0.3521,0.0022,0.4903,0.7577,0.6234,0.4913,0.3477,163,C,False,전력,,False,,False,True,높음,False,정상,신재생 배분추정(높음)
30110,대전광역시,동구,False,0.0,False,20542.0,482620.0,482620.0,0.2886,0.7114,0.5458,0.2585,0.0,0.2698,0.9264,0.703,0.5457,0.3477,164,C,False,전력(변전소 여유 0MW),수자원,False,,False,False,,False,정상,
48240,경상남도,사천시,False,0.0,False,168959.0,36761.0,77.0,0.3786,0.6214,0.5251,0.264,0.0,0.5484,0.7441,0.6101,0.4178,0.3469,165,C,False,전력(변전소 여유 0MW),,False,,False,False,,False,정상,
41115,경기도,수원시 팔달구,True,3.0,False,7037.0,326305.0,10613.0,0.0063,0.9937,0.5318,0.2477,0.0034,0.1282,0.8987,0.9946,0.4592,0.3468,166,C,False,"전력, 신재생",재해,False,,False,True,중간,False,정상,신재생 배분추정(중간)
41210,경기도,광명시,True,0.0,False,11372.0,283433.0,118344.0,0.1093,0.8907,0.5389,0.3295,0.0,0.1917,0.8887,0.8882,0.5031,0.3464,167,C,False,"전력(변전소 여유 0MW), 신재생",재해,False,,False,False,,False,정상,
48125,경상남도,창원시 마산합포구,False,100.0,False,38268.4,482909.0,262612.0,0.4501,0.5499,0.4725,0.3644,0.1117,0.3521,0.9265,0.5362,0.0927,0.3447,168,C,False,냉각,수자원,False,,False,True,높음,False,정상,신재생 배분추정(높음)
44770,충청남도,서천군,False,0.0,False,263130.0,151920.0,0.0,0.632,0.368,0.531,0.3488,0.0,0.6069,0.8446,0.3484,0.4543,0.3442,169,C,False,"전력(변전소 여유 0MW), 재해",,False,,False,False,,False,정상,
12850,전남광주통합특별시,완도군,False,44.0,False,161222.0,12794.0,0.0,0.1587,0.8413,0.4578,0.3976,0.0492,0.5422,0.6694,0.8372,0.0019,0.3432,170,C,False,"전력, 냉각",,False,,False,False,,False,정상,
41570,경기도,김포시,True,0.0,False,129806.0,44800.0,44800.0,0.3628,0.6372,0.5221,0.4395,0.0,0.5135,0.7581,0.6264,0.3993,0.3428,171,C,False,전력(변전소 여유 0MW),,False,,False,False,,False,기준완화,냉각 기준완화
30140,대전광역시,중구,False,0.0,False,13544.0,482620.0,482620.0,0.2664,0.7336,0.5503,0.2233,0.0,0.2148,0.9264,0.7259,0.5735,0.3428,172,C,False,"전력(변전소 여유 0MW), 신재생","수자원, 냉각",False,,False,False,,False,정상,
12190,전남광주통합특별시,광양시,False,51.0,False,252907.0,27930.0,27930.0,0.465,0.535,0.4859,0.4638,0.057,0.6017,0.7247,0.5208,0.1755,0.3427,173,C,False,"전력, 냉각",,False,,False,False,,False,정상,
41500,경기도,이천시,True,0.0,False,229313.0,68104.0,3904.0,0.4848,0.5152,0.5154,0.3586,0.0,0.5888,0.7878,0.5003,0.3578,0.3418,174,C,False,전력(변전소 여유 0MW),,False,,False,False,,False,정상,
52740,전북특별자치도,장수군,False,0.0,False,280814.0,7092.0,0.0,0.5081,0.4919,0.5558,0.1506,0.0,0.6155,0.6277,0.4763,0.6075,0.3417,175,C,False,"전력(변전소 여유 0MW), 재해","신재생, 냉각",False,,False,False,,False,정상,
44800,충청남도,홍성군,False,345.0,False,245433.0,0.0,0.0,0.7222,0.2778,0.5116,0.3827,0.3855,0.5977,0.0,0.2552,0.3344,0.3412,176,용수선결,True,"용수(H<4,080), 재해",전력,False,,False,False,,False,정상,
26290,부산광역시,남구,False,0.0,False,18297.0,344439.0,344439.0,0.1036,0.8964,0.5036,0.2722,0.0,0.2545,0.9025,0.8941,0.2849,0.3404,177,C,False,"전력(변전소 여유 0MW), 냉각","수자원, 재해",False,,False,False,,False,정상,
48127,경상남도,창원시 마산회원구,False,0.0,False,47247.5,482909.0,262612.0,0.2329,0.7671,0.4855,0.3069,0.0,0.3799,0.9265,0.7605,0.1731,0.3402,178,C,False,"전력(변전소 여유 0MW), 냉각",수자원,False,,False,True,높음,False,정상,신재생 배분추정(높음)
44131,충청남도,천안시 동남구,False,2.0,False,179047.7,44519.0,11945.0,0.467,0.533,0.5255,0.2601,0.0022,0.556,0.7577,0.5188,0.4203,0.3399,179,C,False,전력,,False,,False,True,높음,False,정상,신재생 배분추정(높음)
41250,경기도,동두천시,True,0.0,False,20275.0,70026.0,8760.0,0.1334,0.8666,0.5336,0.348,0.0,0.2681,0.7898,0.8633,0.4703,0.3384,180,C,False,전력(변전소 여유 0MW),재해,False,,False,False,,False,정상,
41310,경기도,구리시,True,0.0,False,8080.0,161935.0,6817.0,0.1386,0.8614,0.5562,0.2014,0.0,0.1465,0.8491,0.8579,0.61,0.3376,181,C,False,"전력(변전소 여유 0MW), 신재생",냉각,False,,False,False,,False,정상,
48880,경상남도,거창군,False,78.0,False,220253.0,1661.0,1661.0,0.5522,0.4478,0.536,0.1644,0.0872,0.5834,0.525,0.4307,0.4852,0.3373,182,용수선결,True,"용수(H<4,080), 재해",,False,,False,False,,False,정상,
41610,경기도,광주시,True,0.0,False,78756.0,7956.0,7956.0,0.3919,0.6081,0.5738,0.1416,0.0,0.4475,0.6358,0.5963,0.7188,0.3371,183,C,False,전력(변전소 여유 0MW),냉각,False,,False,False,,False,정상,
43113,충청북도,청주시 흥덕구,False,2.0,False,88657.6,38228.0,556.0,0.3174,0.6826,0.5174,0.2575,0.0022,0.4631,0.7469,0.6733,0.3702,0.3355,184,C,False,전력,,False,,False,True,중간,False,정상,신재생 배분추정(중간)
41111,경기도,수원시 장안구,True,8.0,False,6649.7,326305.0,10613.0,0.1017,0.8983,0.5318,0.2477,0.0089,0.1207,0.8987,0.896,0.4592,0.3349,185,C,False,"전력, 신재생",재해,False,,False,True,중간,False,정상,신재생 배분추정(중간)
44250,충청남도,계룡시,False,0.0,False,7265.0,144780.0,0.0,0.1096,0.8904,0.55,0.2606,0.0,0.1324,0.8412,0.8879,0.5717,0.3338,186,C,False,"전력(변전소 여유 0MW), 신재생","재해, 냉각",False,,False,False,,False,정상,
48250,경상남도,김해시,False,0.0,False,231415.0,239600.0,59400.0,0.4721,0.5279,0.4728,0.4004,0.0,0.59,0.8768,0.5135,0.0946,0.3328,187,C,False,"전력(변전소 여유 0MW), 냉각",,False,,False,False,,False,정상,
26410,부산광역시,금정구,False,0.0,False,19478.0,344439.0,344439.0,0.2517,0.7483,0.5214,0.1518,0.0,0.2628,0.9025,0.7411,0.3949,0.3328,188,C,False,전력(변전소 여유 0MW),수자원,False,,False,False,,False,정상,
48890,경상남도,합천군,False,290.0,False,510653.0,0.0,0.0,0.6402,0.3598,0.4899,0.3041,0.324,0.6946,0.0,0.3399,0.2002,0.3322,189,용수선결,True,"용수(H<4,080), 재해, 냉각","전력, 신재생",False,,False,False,,False,정상,
26230,부산광역시,부산진구,False,0.0,False,8151.0,344439.0,344439.0,0.0759,0.9241,0.5155,0.2529,0.0,0.1477,0.9025,0.9227,0.3585,0.3307,190,C,False,"전력(변전소 여유 0MW), 신재생","수자원, 재해",False,,False,False,,False,정상,
51750,강원특별자치도,영월군,False,200.0,False,218404.0,0.0,0.0,0.4621,0.5379,0.5529,0.1307,0.2235,0.5823,0.0,0.5238,0.5896,0.3302,191,용수선결,True,"용수(H<4,080)",냉각,False,,False,False,,False,정상,
41171,경기도,안양시 만안구,True,3.0,False,8333.5,61312.0,61312.0,0.1526,0.8474,0.5613,0.2629,0.0034,0.1506,0.7804,0.8435,0.6415,0.3297,192,C,False,"전력, 신재생",냉각,False,,False,True,매우 낮음,False,정상,신재생 배분추정(매우 낮음)
48850,경상남도,하동군,False,0.0,False,463622.0,36684.0,0.0,0.5806,0.4194,0.4965,0.3384,0.0,0.6818,0.744,0.4014,0.241,0.3283,193,C,False,"전력(변전소 여유 0MW), 재해, 냉각",신재생,False,,False,False,,False,정상,
12710,전남광주통합특별시,담양군,False,100.0,False,105498.0,2976.0,0.0,0.4524,0.5476,0.501,0.4331,0.1117,0.4861,0.5662,0.5339,0.2689,0.3281,194,용수선결,True,"용수(H<4,080), 냉각",,False,,False,False,,False,정상,
48310,경상남도,거제시,False,56.0,False,54642.0,39768.0,0.0,0.2743,0.7257,0.4703,0.255,0.0626,0.3992,0.7497,0.7178,0.0791,0.3265,195,C,False,"전력, 냉각",,False,,False,False,,False,정상,
51210,강원특별자치도,속초시,False,12.0,False,21318.0,4208.0,4208.0,0.162,0.838,0.563,0.1696,0.0134,0.2747,0.5907,0.8338,0.652,0.3265,196,C,False,전력,냉각,False,,False,False,,False,정상,
47113,경상북도,포항시 북구,False,82.0,False,155763.2,3548.0,0.0,0.6359,0.3641,0.5333,0.2024,0.0916,0.5376,0.5787,0.3443,0.4685,0.3264,197,용수선결,True,"용수(H<4,080), 재해",,False,,False,True,높음,False,정상,신재생 배분추정(높음)
43730,충청북도,옥천군,False,0.0,False,208644.0,5505.0,5505.0,0.4849,0.5151,0.542,0.2753,0.0,0.5763,0.6097,0.5003,0.5222,0.3261,198,C,False,전력(변전소 여유 0MW),,False,,False,False,,False,정상,
47250,경상북도,상주시,False,0.0,False,615776.0,8714.0,4657.0,0.6193,0.3807,0.517,0.2914,0.0,0.7193,0.6423,0.3614,0.3677,0.326,199,C,False,"전력(변전소 여유 0MW), 재해",신재생,False,,False,False,,False,정상,
41281,경기도,고양시 덕양구,True,0.0,False,15275.8,108046.0,0.0,0.2879,0.7121,0.5491,0.2919,0.0,0.2307,0.8205,0.7037,0.5661,0.3249,200,C,False,"전력(변전소 여유 0MW), 신재생",,False,,False,True,중간,False,정상,신재생 배분추정(중간)
43112,충청북도,청주시 서원구,False,0.0,False,40269.2,38228.0,556.0,0.2424,0.7576,0.5174,0.2575,0.0,0.3588,0.7469,0.7507,0.3702,0.3246,201,C,False,전력(변전소 여유 0MW),,False,,False,True,중간,False,정상,신재생 배분추정(중간)
48220,경상남도,통영시,False,105.0,False,52212.0,36684.0,0.0,0.4174,0.5826,0.4639,0.2586,0.1173,0.3931,0.744,0.57,0.0396,0.3242,202,C,False,냉각,,False,,False,False,,False,정상,
26260,부산광역시,동래구,False,0.0,False,7511.0,344439.0,344439.0,0.0997,0.9003,0.513,0.2139,0.0,0.1368,0.9025,0.8981,0.343,0.3239,203,C,False,"전력(변전소 여유 0MW), 신재생","수자원, 재해",False,,False,False,,False,정상,
26320,부산광역시,북구,False,5.0,False,8059.0,344439.0,344439.0,0.0974,0.9026,0.502,0.3238,0.0056,0.1462,0.9025,0.9005,0.275,0.3218,204,C,False,"전력, 신재생, 냉각","수자원, 재해",False,,False,False,,False,정상,
48870,경상남도,함양군,False,135.0,False,110641.0,187.0,187.0,0.472,0.528,0.5177,0.2415,0.1508,0.4924,0.3707,0.5136,0.3721,0.321,205,용수선결,True,"용수(H<4,080)",,False,,False,False,,False,정상,
12860,전남광주통합특별시,진도군,False,28.0,False,164220.0,12794.0,0.0,0.3513,0.6487,0.4747,0.3904,0.0313,0.5446,0.6694,0.6383,0.1063,0.3205,206,C,False,"전력, 냉각",,False,,False,False,,False,정상,
27200,대구광역시,남구,False,0.0,False,7028.0,445974.0,445974.0,0.0433,0.9567,0.4896,0.4464,0.0,0.1281,0.9208,0.9563,0.1984,0.3188,207,C,False,"전력(변전소 여유 0MW), 신재생, 냉각","수자원, 재해",False,,False,False,,False,정상,
48330,경상남도,양산시,False,5.0,False,186379.0,56600.0,42100.0,0.3717,0.6283,0.4581,0.4349,0.0056,0.5614,0.7747,0.6171,0.0037,0.3176,208,C,False,"전력, 냉각",,False,,False,False,,False,정상,
26350,부산광역시,해운대구,False,0.0,False,13442.0,344439.0,344439.0,0.1606,0.8394,0.4882,0.3358,0.0,0.2138,0.9025,0.8352,0.1897,0.3157,209,C,False,"전력(변전소 여유 0MW), 신재생, 냉각",수자원,False,,False,False,,False,정상,
47830,경상북도,고령군,False,290.0,False,86735.0,0.0,0.0,0.564,0.436,0.5198,0.3766,0.324,0.4602,0.0,0.4186,0.385,0.3153,210,용수선결,True,"용수(H<4,080), 재해",전력,False,,False,False,,False,정상,
48129,경상남도,창원시 진해구,False,0.0,False,16689.0,482909.0,262612.0,0.308,0.692,0.5042,0.2715,0.0,0.2424,0.9265,0.6829,0.2886,0.3149,211,C,False,"전력(변전소 여유 0MW), 신재생, 냉각",수자원,False,,False,True,높음,False,정상,신재생 배분추정(높음)
43740,충청북도,영동군,False,5.0,False,145937.0,1980.0,346.0,0.4864,0.5136,0.5524,0.225,0.0056,0.529,0.5374,0.4987,0.5865,0.3135,212,용수선결,True,"전력, 용수(H<4,080)",냉각,False,,False,False,,False,정상,
26530,부산광역시,사상구,False,0.0,False,11246.0,344439.0,344439.0,0.1553,0.8447,0.4882,0.3718,0.0,0.1902,0.9025,0.8407,0.1897,0.3119,213,C,False,"전력(변전소 여유 0MW), 신재생, 냉각",수자원,False,,False,False,,False,정상,
48840,경상남도,남해군,False,0.0,False,123904.0,39430.0,2746.0,0.3533,0.6467,0.4723,0.2926,0.0,0.5074,0.7491,0.6362,0.0915,0.3116,214,C,False,"전력(변전소 여유 0MW), 냉각",,False,,False,False,,False,정상,
47280,경상북도,문경시,False,0.0,False,196473.0,4141.0,4141.0,0.5035,0.4965,0.5267,0.2217,0.0,0.5683,0.5896,0.481,0.4277,0.3096,215,C,False,"전력(변전소 여유 0MW), 재해",,False,,False,False,,False,정상,
48121,경상남도,창원시 의창구,False,0.0,False,73210.3,482909.0,262612.0,0.4901,0.5099,0.4725,0.3644,0.0,0.4378,0.9265,0.4949,0.0927,0.3091,216,C,False,"전력(변전소 여유 0MW), 재해, 냉각",수자원,False,,False,True,높음,False,정상,신재생 배분추정(높음)
52800,전북특별자치도,부안군,False,0.0,False,328048.0,12939.0,1330.0,0.5699,0.4301,0.4925,0.3222,0.0,0.6361,0.6702,0.4125,0.2163,0.3065,217,C,False,"전력(변전소 여유 0MW), 재해, 냉각",신재생,False,,False,False,,False,정상,
31110,울산광역시,중구,False,0.0,False,7733.0,138565.0,138565.0,0.1217,0.8783,0.5047,0.1793,0.0,0.1407,0.8381,0.8754,0.2917,0.3062,218,C,False,"전력(변전소 여유 0MW), 신재생, 냉각",재해,False,,False,False,,False,정상,
26470,부산광역시,연제구,False,0.0,False,5727.0,344439.0,344439.0,0.0832,0.9168,0.4882,0.3718,0.0,0.101,0.9025,0.9151,0.1897,0.3044,219,C,False,"전력(변전소 여유 0MW), 신재생, 냉각","수자원, 재해",False,,False,False,,False,정상,
41480,경기도,파주시,True,0.0,False,160009.0,4992.0,4992.0,0.5656,0.4344,0.5346,0.3303,0.0,0.5412,0.6028,0.4169,0.4765,0.303,220,C,False,"전력(변전소 여유 0MW), 재해",,False,,False,False,,False,정상,
27110,대구광역시,중구,False,0.0,False,2667.0,445974.0,445974.0,0.001,0.999,0.4896,0.4464,0.0,0.0,0.9208,1.0,0.1984,0.2998,221,C,False,"전력(변전소 여유 0MW), 신재생, 냉각","수자원, 재해",False,,False,False,,False,정상,
26170,부산광역시,동구,False,0.0,False,4917.0,344439.0,344439.0,0.0894,0.9106,0.4882,0.3718,0.0,0.0808,0.9025,0.9087,0.1897,0.2997,222,C,False,"전력(변전소 여유 0MW), 신재생, 냉각","수자원, 재해",False,,False,False,,False,정상,
41465,경기도,용인시 수지구,True,0.0,False,330.0,315692.0,0.0,0.1204,0.8796,0.5171,0.2841,0.0,0.0,0.8964,0.8767,0.3684,0.2963,223,C,False,"전력(변전소 여유 0MW), 신재생",재해,False,,False,True,낮음,False,커버리지낮음,신재생 배분추정(낮음); 냉각 커버리지낮음
26500,부산광역시,수영구,False,0.0,False,4334.0,344439.0,344439.0,0.1044,0.8956,0.4882,0.3718,0.0,0.0642,0.9025,0.8932,0.1897,0.2945,224,C,False,"전력(변전소 여유 0MW), 신재생, 냉각","수자원, 재해",False,,False,False,,False,정상,
41290,경기도,과천시,True,3.0,False,3193.0,20232.0,20232.0,0.1279,0.8721,0.5459,0.2843,0.0034,0.0238,0.7019,0.8689,0.5464,0.2866,225,C,False,"전력, 신재생",재해,False,,False,False,,False,정상,
48270,경상남도,밀양시,False,0.0,False,158478.0,12664.0,1840.0,0.6635,0.3365,0.5062,0.2769,0.0,0.5399,0.6687,0.3158,0.301,0.2834,226,C,False,"전력(변전소 여유 0MW), 재해, 냉각",,False,,False,False,,False,정상,
41800,경기도,연천군,True,0.0,False,266492.0,18.0,18.0,0.5388,0.4612,0.5703,0.1997,0.0,0.6086,0.2084,0.4446,0.6972,0.2763,227,용수선결,True,"전력(변전소 여유 0MW), 용수(H<4,080), 재해",냉각,False,,False,False,,False,정상,
47760,경상북도,영양군,False,0.0,False,756906.0,0.0,0.0,0.4992,0.5008,0.5662,0.1569,0.0,0.7466,0.0,0.4855,0.6718,0.2715,228,용수선결,True,"전력(변전소 여유 0MW), 용수(H<4,080), 재해","신재생, 냉각",False,,False,False,,False,정상,
47930,경상북도,울진군,False,0.0,False,127343.0,4074.0,4074.0,0.7313,0.2687,0.5223,0.1646,0.0,0.511,0.5884,0.2457,0.4005,0.2653,229,용수선결,True,"전력(변전소 여유 0MW), 용수(H<4,080), 재해",,False,,False,False,,False,정상,
52720,전북특별자치도,진안군,False,0.0,False,235576.0,0.0,0.0,0.4147,0.5853,0.564,0.1097,0.0,0.5923,0.0,0.5727,0.6582,0.2518,230,용수선결,True,"전력(변전소 여유 0MW), 용수(H<4,080)",냉각,False,,False,False,,False,정상,
48720,경상남도,의령군,False,130.0,False,152209.0,0.0,0.0,0.4932,0.5068,0.4905,0.3325,0.1453,0.5346,0.0,0.4917,0.204,0.2469,231,용수선결,True,"용수(H<4,080), 재해, 냉각",,False,,False,False,,False,정상,
47920,경상북도,봉화군,False,0.0,False,276567.0,0.0,0.0,0.5751,0.4249,0.5653,0.0762,0.0,0.6135,0.0,0.4071,0.6663,0.2352,232,용수선결,True,"전력(변전소 여유 0MW), 용수(H<4,080), 재해","신재생, 냉각",False,,False,False,,False,정상,
41670,경기도,여주시,True,0.0,False,318665.0,0.0,0.0,0.5025,0.4975,0.5429,0.3752,0.0,0.6323,0.0,0.482,0.5278,0.2351,233,용수선결,True,"전력(변전소 여유 0MW), 용수(H<4,080), 재해",신재생,False,,False,False,,False,정상,
12730,전남광주통합특별시,구례군,False,180.0,False,29280.0,0.0,0.0,0.5152,0.4848,0.492,0.4261,0.2011,0.3167,0.0,0.4689,0.2132,0.2263,234,용수선결,True,"용수(H<4,080), 재해, 냉각",,False,,False,False,,False,정상,
52730,전북특별자치도,무주군,False,0.0,False,93905.0,0.0,0.0,0.4746,0.5254,0.561,0.1311,0.0,0.4707,0.0,0.5109,0.6397,0.2186,235,용수선결,True,"전력(변전소 여유 0MW), 용수(H<4,080)",냉각,False,,False,False,,False,정상,
47750,경상북도,청송군,False,0.0,False,97460.0,0.0,0.0,0.4596,0.5404,0.5546,0.2297,0.0,0.4756,0.0,0.5264,0.6001,0.2178,236,용수선결,True,"전력(변전소 여유 0MW), 용수(H<4,080)",냉각,False,,False,False,,False,정상,
43720,충청북도,보은군,False,0.0,False,195167.0,0.0,0.0,0.4943,0.5057,0.5312,0.1596,0.0,0.5674,0.0,0.4905,0.4555,0.2168,237,용수선결,True,"전력(변전소 여유 0MW), 용수(H<4,080), 재해",,False,,False,False,,False,정상,
44710,충청남도,금산군,False,0.0,False,289414.0,0.0,0.0,0.5264,0.4736,0.5205,0.2412,0.0,0.6195,0.0,0.4574,0.3894,0.2161,238,용수선결,True,"전력(변전소 여유 0MW), 용수(H<4,080), 재해",신재생,False,,False,False,,False,정상,
47770,경상북도,영덕군,False,0.0,False,335490.0,0.0,0.0,0.5948,0.4052,0.5208,0.1603,0.0,0.6391,0.0,0.3867,0.3912,0.2108,239,용수선결,True,"전력(변전소 여유 0MW), 용수(H<4,080), 재해",신재생,False,,False,False,,False,정상,
44790,충청남도,청양군,False,0.0,False,92037.0,0.0,0.0,0.517,0.483,0.5532,0.2922,0.0,0.4681,0.0,0.4671,0.5915,0.2078,240,용수선결,True,"전력(변전소 여유 0MW), 용수(H<4,080), 재해",냉각,False,,False,False,,False,정상,
47820,경상북도,청도군,False,0.0,False,68841.0,0.0,0.0,0.4575,0.5425,0.5327,0.2591,0.0,0.4297,0.0,0.5285,0.4648,0.1961,241,용수선결,True,"전력(변전소 여유 0MW), 용수(H<4,080)",,False,,False,False,,False,정상,
48860,경상남도,산청군,False,23.0,False,136769.0,0.0,0.0,0.6176,0.3824,0.5028,0.2977,0.0257,0.5204,0.0,0.3632,0.28,0.1849,242,용수선결,True,"전력, 용수(H<4,080), 재해, 냉각",,False,,False,False,,False,정상,
12780,전남광주통합특별시,강진군,False,,,288967.0,12852.0,58.0,0.3233,0.6767,0.4611,0.4331,,0.6193,0.6698,0.6672,0.0222,0.545,,판정보류,False,냉각,신재생,False,,True,False,,False,정상,결측:전력
28155,인천광역시,영종구,True,,,25314.5,782704.0,712276.0,0.0554,0.9446,0.5481,0.3109,,0.2974,0.9606,0.9438,0.56,0.6716,,판정보류,False,,"수자원, 재해",False,,True,True,중간,True,정상,결측:전력; 신재생 배분추정(중간); 홍수 대체
28720,인천광역시,옹진군,True,,,59224.0,782704.0,712276.0,0.2227,0.7773,0.5575,0.2939,,0.4098,0.9606,0.7711,0.618,0.6798,,판정보류,False,,"수자원, 냉각",False,,True,False,,True,정상,결측:전력; 홍수 대체
26110,부산광역시,중구,False,0.0,False,1697.0,344439.0,344439.0,,,0.4679,0.3028,,,,,,,,제외,False,,,True,연안 고위험(CO Red),False,False,,False,정상,
26140,부산광역시,서구,False,0.0,False,4700.0,344439.0,344439.0,,,0.4882,0.3718,,,,,,,,제외,False,,,True,연안 고위험(CO Red),False,False,,False,정상,
26200,부산광역시,영도구,False,0.0,False,8044.0,344439.0,344439.0,,,0.4936,0.2706,,,,,,,,제외,False,,,True,연안 고위험(CO Red),False,False,,False,정상,
26380,부산광역시,사하구,False,0.0,False,32460.0,344439.0,344439.0,,,0.4947,0.2782,,,,,,,,제외,False,,,True,연안 고위험(CO Red),False,False,,False,정상,
26440,부산광역시,강서구,False,0.0,False,271191.0,344439.0,344439.0,,,0.4758,0.4044,,,,,,,,제외,False,,,True,연안 고위험(CO Red),False,False,,False,정상,
26710,부산광역시,기장군,False,0.0,False,70253.0,344439.0,344439.0,,,0.4909,0.3154,,,,,,,,제외,False,,,True,연안 고위험(CO Red),False,False,,False,정상,
28125,인천광역시,제물포구,True,0.0,False,33617.5,782704.0,712276.0,,,0.5265,0.3662,,,,,,,,제외,False,,,True,연안 고위험(CO Red),False,True,중간,True,정상,
28200,인천광역시,남동구,True,0.0,False,39790.0,782704.0,712276.0,,,0.5495,0.3666,,,,,,,,제외,False,,,True,연안 고위험(CO Red),False,False,,False,정상,
47940,경상북도,울릉군,False,,,2763.0,0.0,0.0,0.0958,0.9042,0.5065,0.2596,,,,,,,,제외,True,,,True,전력 분석 제외(울릉),False,False,,False,정상,
50110,제주특별자치도,제주시,False,,,1197147.0,0.0,0.0,,,0.4394,0.3631,,,,,,,,제외,True,,,True,연안 고위험(CO Red),False,False,,False,정상,
50130,제주특별자치도,서귀포시,False,,,1287184.0,0.0,0.0,,,0.4067,0.4764,,,,,,,,제외,True,,,True,연안 고위험(CO Red),False,False,,False,정상,
