변수 번호,타겟 변수 여부,데이터 타입,데이터 컬럼 명,비고
1,X,String,sigungu_code,시군구 코드(2026년 행정구역 5자리). 형식: 문자열.
2,X,String,sido_name,시도 이름.
3,X,String,sigungu_name,시군구 이름(구가 있는 시는 구 단위).
4,X,Float64,power_substation_headroom_mw_2029,"전력 원값. 변전소 접속 가능 여유 용량(2029년 기준, 단일 변전소 최댓값). 단위: MW. 방향: 클수록 유리. 빈칸: 전력 자료 없음."
5,X,Float64,power_score,전력 점수. 전력 원값의 min-max 정규화(평가 대상 245곳 기준). 범위: 0~1. 방향: 클수록 유리. 빈칸: 후보제외 또는 전력 자료 없음.
6,X,Float64,renewable_generation_mwh_2024,신재생 원값. 2024년 재생에너지 발전량. 단위: MWh. 방향: 클수록 유리.
7,X,Float64,renewable_score,신재생 점수. log(1+원값)의 min-max 정규화(평가 대상 245곳 기준). 범위: 0~1. 방향: 클수록 유리. 빈칸: 후보제외.
8,X,Float64,water_supply_headroom_m3_per_day,"수자원 원값. 최대급수일 기준 물 공급 여유(자체 정수장 + 광역 정수장 + 이웃 공급). 단위: m³/일. 방향: 클수록 유리. 기준: 4,080 미만이면 용수선결 등급."
9,X,Float64,water_score,수자원 점수. log(1+원값)의 min-max 정규화(평가 대상 245곳 기준). 범위: 0~1. 방향: 클수록 유리. 빈칸: 후보제외.
10,X,Float64,disaster_earthquake_score,지진 위험 점수(1978~2025 지진 기록 기반). 범위: 0~1. 방향: 클수록 위험. 안전도 가중치: 0.19. 빈칸: 후보제외(연안 고위험).
11,X,Float64,disaster_flood_score,홍수 위험 점수(100년 빈도 하천 침수 예상 면적 기반). 범위: 0~1. 방향: 클수록 위험. 안전도 가중치: 0.17. 빈칸: 후보제외(연안 고위험).
12,X,Float64,disaster_landslide_score,산사태 위험 점수(2016~2025 산사태 기록 기반). 범위: 0~1. 방향: 클수록 위험. 안전도 가중치: 0.13. 빈칸: 후보제외(연안 고위험).
13,X,Float64,disaster_wildfire_score,산불 위험 점수(2011~2025 산불 기록 기반). 범위: 0~1. 방향: 클수록 위험. 안전도 가중치: 0.08. 빈칸: 후보제외(연안 고위험).
14,X,Float64,disaster_safety_index,"재해 원값. 1 − 위험지수(위 4개 위험 점수의 가중합, 연안 CO Yellow는 ×1.2). 범위: 0~1. 방향: 클수록 안전. 빈칸: 후보제외(연안 고위험)."
15,X,Float64,disaster_score,재해 점수. 안전도의 min-max 정규화(평가 대상 245곳 기준). 범위: 0~1. 방향: 클수록 유리. 빈칸: 후보제외.
16,X,Float64,cooling_free_cooling_hour_ratio,"냉각 원값. 습구온도 12.8℃ 이하인 시간의 비율(외기 냉각 가능 시간, 2024~2025 평균). 범위: 0~1. 방향: 클수록 유리."
17,X,Float64,cooling_score,냉각 점수. 냉각 원값의 min-max 정규화(평가 대상 245곳 기준). 범위: 0~1. 방향: 클수록 유리. 빈칸: 후보제외.
18,O,Float64,suitability_score,"타겟. 5개 점수의 가중합(전력 41.75%, 신재생 19.22%, 수자원 16.39%, 재해 12.97%, 냉각 9.68%). 범위: 0~1. 방향: 클수록 유리. 빈칸: 후보제외(전력이 빈 3곳은 나머지 점수로 계산)."
19,X,String,suitability_grade,"수용 등급. 값: A·B·C(용수 통과 지역의 상위 20%·20~50%·하위 50%), 용수선결(물 공급 여유 4,080 m³/일 미만), 판정보류(전력 자료 없음), 제외(후보제외)."
20,X,String,reinforcement_needs,"보강이 필요한 항목. 값: 전력·용수·신재생·재해·냉각 중 해당 항목(쉼표 구분). 기준: 전력 여유 0MW 또는 하위 25%, 용수 공급 여유 4,080 미만, 신재생·재해·냉각 하위 25%. 빈칸: 보강 항목 없음."
21,X,String,excluded_reason,"후보제외 사유. 값: 연안 고위험(CO Red) 10곳, 전력 분석 제외(울릉군) 1곳. 빈칸: 제외 아님."
