사업자원문,광역수입량,지방자급률,key,H_kw
서울특별시,,,서울|서울,0.0
서울특별시,,,서울|서울,0.0
서울특별시,,,서울|서울,0.0
서울특별시,,,서울|서울,0.0
서울특별시,,,서울|서울,0.0
서울특별시,,,서울|서울,0.0
서울특별시,,,서울|서울,0.0
서울특별시,,,서울|서울,0.0
서울특별시,,,서울|서울,0.0
서울특별시,,,서울|서울,0.0
서울특별시,,,서울|서울,0.0
서울특별시,,,서울|서울,0.0
서울특별시,,,서울|서울,0.0
서울특별시,,,서울|서울,0.0
서울특별시,,,서울|서울,0.0
서울특별시,,,서울|서울,0.0
서울특별시,,,서울|서울,0.0
서울특별시,,,서울|서울,0.0
서울특별시,,,서울|서울,0.0
서울특별시,,,서울|서울,0.0
서울특별시,,,서울|서울,0.0
서울특별시,,,서울|서울,0.0
서울특별시,,,서울|서울,0.0
서울특별시,,,서울|서울,0.0
서울특별시,,,서울|서울,0.0
전라남도 목포시,,,전남광주|목포시,12794.0
전라남도 여수시,,,전남광주|여수시,0.0
전라남도 순천시,,,전남광주|순천시,18704.0
전라남도 나주시,,,전남광주|나주시,12940.0
전라남도 광양시,,,전남광주|광양시,0.0
광주광역시,,,전남광주|광주광역시,12940.0
광주광역시,,,전남광주|광주광역시,12940.0
광주광역시,,,전남광주|광주광역시,12940.0
광주광역시,,,전남광주|광주광역시,12940.0
광주광역시,,,전남광주|광주광역시,12940.0
전라남도 담양군,,,전남광주|담양군,2976.0
전라남도 곡성군,,,전남광주|곡성군,7092.0
전라남도 구례군,,,전남광주|구례군,0.0
전라남도 고흥군,,,전남광주|고흥군,18704.0
전라남도 보성군,,,전남광주|보성군,18704.0
전라남도 화순군,,,전남광주|화순군,12940.0
전라남도 장흥군,,,전남광주|장흥군,12794.0
전라남도 강진군,,,전남광주|강진군,12794.0
전라남도 해남군,,,전남광주|해남군,12794.0
전라남도 영암군,,,전남광주|영암군,12794.0
전라남도 무안군,,,전남광주|무안군,12794.0
전라남도 함평군,,,전남광주|함평군,28710.0
전라남도 영광군,,,전남광주|영광군,12940.0
전라남도 장성군,,,전남광주|장성군,2976.0
전라남도 완도군,,,전남광주|완도군,12794.0
전라남도 진도군,,,전남광주|진도군,12794.0
전라남도 신안군,,,전남광주|신안군,12794.0
부산광역시,,,부산|부산,0.0
부산광역시,,,부산|부산,0.0
부산광역시,,,부산|부산,0.0
부산광역시,,,부산|부산,0.0
부산광역시,,,부산|부산,0.0
부산광역시,,,부산|부산,0.0
부산광역시,,,부산|부산,0.0
부산광역시,,,부산|부산,0.0
부산광역시,,,부산|부산,0.0
부산광역시,,,부산|부산,0.0
부산광역시,,,부산|부산,0.0
부산광역시,,,부산|부산,0.0
부산광역시,,,부산|부산,0.0
부산광역시,,,부산|부산,0.0
부산광역시,,,부산|부산,0.0
부산광역시,,,부산|부산,0.0
대구광역시,,,대구|대구,0.0
대구광역시,,,대구|대구,0.0
대구광역시,,,대구|대구,0.0
대구광역시,,,대구|대구,0.0
대구광역시,,,대구|대구,0.0
대구광역시,,,대구|대구,0.0
대구광역시,,,대구|대구,0.0
대구광역시,,,대구|대구,0.0
대구광역시,,,대구|대구,0.0
인천광역시,,,인천|인천,70428.0
인천광역시,,,인천|인천,70428.0
인천광역시,,,인천|인천,70428.0
인천광역시,,,인천|인천,70428.0
인천광역시,,,인천|인천,70428.0
인천광역시,,,인천|인천,70428.0
인천광역시,,,인천|인천,70428.0
인천광역시,,,인천|인천,70428.0
인천광역시,,,인천|인천,70428.0
인천광역시,,,인천|인천,70428.0
인천광역시,,,인천|인천,70428.0
대전광역시,,,대전|대전,0.0
대전광역시,,,대전|대전,0.0
대전광역시,,,대전|대전,0.0
대전광역시,,,대전|대전,0.0
대전광역시,,,대전|대전,0.0
울산광역시,,,울산|울산,0.0
울산광역시,,,울산|울산,0.0
울산광역시,,,울산|울산,0.0
울산광역시,,,울산|울산,0.0
울산광역시,,,울산|울산,0.0
세종특별자치시,,,세종|세종,70246.0
경기도 수원시,,,경기|수원시,315692.0
경기도 수원시,,,경기|수원시,315692.0
경기도 수원시,,,경기|수원시,315692.0
경기도 수원시,,,경기|수원시,315692.0
경기도 성남시,,,경기|성남시,178192.0
경기도 성남시,,,경기|성남시,178192.0
경기도 성남시,,,경기|성남시,178192.0
경기도 의정부시,,,경기|의정부시,71508.0
경기도 안양시,,,경기|안양시,0.0
경기도 안양시,,,경기|안양시,0.0
경기도 부천시,,,경기|부천시,0.0
경기도 부천시,,,경기|부천시,0.0
경기도 부천시,,,경기|부천시,0.0
경기도 광명시,,,경기|광명시,0.0
경기도 평택시,,,경기|평택시,386120.0
경기도 동두천시,,,경기|동두천시,61266.0
경기도 안산시,,,경기|안산시,82786.0
경기도 안산시,,,경기|안산시,82786.0
경기도 고양시,,,경기|고양시,108046.0
경기도 고양시,,,경기|고양시,108046.0
경기도 고양시,,,경기|고양시,108046.0
경기도 과천시,,,경기|과천시,0.0
경기도 구리시,,,경기|구리시,10242.0
경기도 남양주시,,,경기|남양주시,71508.0
경기도 오산시,,,경기|오산시,315692.0
경기도 시흥시,,,경기|시흥시,48856.0
경기도 군포시,,,경기|군포시,0.0
경기도 의왕시,,,경기|의왕시,0.0
경기도 하남시,,,경기|하남시,0.0
경기도 용인시,,,경기|용인시,315692.0
경기도 용인시,,,경기|용인시,315692.0
경기도 용인시,,,경기|용인시,315692.0
경기도 파주시,,,경기|파주시,0.0
경기도 이천시,,,경기|이천시,64200.0
경기도 안성시,,,경기|안성시,379892.0
경기도 김포시,,,경기|김포시,0.0
경기도 화성시,,,경기|화성시,386120.0
경기도 화성시,,,경기|화성시,386120.0
경기도 화성시,,,경기|화성시,386120.0
경기도 화성시,,,경기|화성시,386120.0
경기도 광주시,,,경기|광주시,0.0
경기도 양주시,,,경기|양주시,61266.0
경기도 포천시,,,경기|포천시,61266.0
경기도 여주시,,,경기|여주시,0.0
경기도 연천군,,,경기|연천군,0.0
경기도 가평군,,,경기|가평군,0.0
경기도 양평군,,,경기|양평군,0.0
충청북도 청주시,,,충북|청주시,37672.0
충청북도 청주시,,,충북|청주시,37672.0
충청북도 청주시,,,충북|청주시,37672.0
충청북도 청주시,,,충북|청주시,37672.0
충청북도 충주시,,,충북|충주시,64200.0
충청북도 제천시,,,충북|제천시,0.0
충청북도 보은군,,,충북|보은군,0.0
충청북도 옥천군,,,충북|옥천군,0.0
충청북도 영동군,,,충북|영동군,0.0
충청북도 증평군,,,충북|증평군,64200.0
충청북도 진천군,,,충북|진천군,64200.0
충청북도 괴산군,,,충북|괴산군,64200.0
충청북도 음성군,,,충북|음성군,64200.0
충청북도 단양군,,,충북|단양군,0.0
충청남도 천안시,,,충남|천안시,32574.0
충청남도 천안시,,,충남|천안시,32574.0
충청남도 공주시,,,충남|공주시,31906.0
충청남도 보령시,,,충남|보령시,0.0
충청남도 아산시,,,충남|아산시,54670.0
충청남도 서산시,,,충남|서산시,0.0
충청남도 논산시,,,충남|논산시,25776.0
충청남도 계룡시,,,충남|계룡시,0.0
충청남도 당진시,,,충남|당진시,22096.0
충청남도 금산군,,,충남|금산군,0.0
충청남도 부여군,,,충남|부여군,25776.0
충청남도 서천군,,,충남|서천군,151920.0
충청남도 청양군,,,충남|청양군,0.0
충청남도 홍성군,,,충남|홍성군,0.0
충청남도 예산군,,,충남|예산군,0.0
충청남도 태안군,,,충남|태안군,0.0
경상북도 포항시,,,경북|포항시,3548.0
경상북도 포항시,,,경북|포항시,3548.0
경상북도 경주시,,,경북|경주시,3548.0
경상북도 김천시,,,경북|김천시,0.0
경상북도 안동시,,,경북|안동시,0.0
경상북도 구미시,,,경북|구미시,0.0
경상북도 영주시,,,경북|영주시,0.0
경상북도 영천시,,,경북|영천시,5292.0
경상북도 상주시,,,경북|상주시,0.0
경상북도 문경시,,,경북|문경시,0.0
경상북도 경산시,,,경북|경산시,5292.0
경상북도 의성군,,,경북|의성군,0.0
경상북도 청송군,,,경북|청송군,0.0
경상북도 영양군,,,경북|영양군,0.0
경상북도 영덕군,,,경북|영덕군,0.0
경상북도 청도군,,,경북|청도군,0.0
경상북도 고령군,,,경북|고령군,0.0
경상북도 성주군,,,경북|성주군,0.0
경상북도 칠곡군,,,경북|칠곡군,0.0
경상북도 예천군,,,경북|예천군,0.0
경상북도 봉화군,,,경북|봉화군,0.0
경상북도 울진군,,,경북|울진군,0.0
경상북도 울릉군,,,경북|울릉군,0.0
경상남도 창원시,,,경남|창원시,40097.0
경상남도 창원시,,,경남|창원시,40097.0
경상남도 창원시,,,경남|창원시,40097.0
경상남도 창원시,,,경남|창원시,40097.0
경상남도 창원시,,,경남|창원시,40097.0
경상남도 진주시,,,경남|진주시,36684.0
경상남도 통영시,,,경남|통영시,36684.0
경상남도 사천시,,,경남|사천시,36684.0
경상남도 김해시,,,경남|김해시,0.0
경상남도 밀양시,,,경남|밀양시,10824.0
경상남도 거제시,,,경남|거제시,39768.0
경상남도 양산시,,,경남|양산시,14500.0
경상남도 의령군,,,경남|의령군,0.0
경상남도 함안군,,,경남|함안군,0.0
경상남도 창녕군,,,경남|창녕군,10824.0
경상남도 고성군,,,경남|고성군,36684.0
경상남도 남해군,,,경남|남해군,36684.0
경상남도 하동군,,,경남|하동군,36684.0
경상남도 산청군,,,경남|산청군,0.0
경상남도 함양군,,,경남|함양군,0.0
경상남도 거창군,,,경남|거창군,0.0
경상남도 합천군,,,경남|합천군,0.0
제주특별자치도,,,제주|제주,0.0
제주특별자치도,,,제주|제주,0.0
강원특별자치도 춘천시,,,강원|춘천시,0.0
강원특별자치도 원주시,,,강원|원주시,16832.0
강원특별자치도 강릉시,,,강원|강릉시,0.0
강원특별자치도 동해시,,,강원|동해시,0.0
강원특별자치도 태백시,,,강원|태백시,32680.0
강원특별자치도 속초시,,,강원|속초시,0.0
강원특별자치도 삼척시,,,강원|삼척시,32680.0
강원특별자치도 홍천군,,,강원|홍천군,0.0
강원특별자치도 횡성군,,,강원|횡성군,16832.0
강원특별자치도 영월군,,,강원|영월군,0.0
강원특별자치도 평창군,,,강원|평창군,0.0
강원특별자치도 정선군,,,강원|정선군,32680.0
강원특별자치도 철원군,,,강원|철원군,0.0
강원특별자치도 화천군,,,강원|화천군,0.0
강원특별자치도 양구군,,,강원|양구군,0.0
강원특별자치도 인제군,,,강원|인제군,0.0
강원특별자치도 고성군,,,강원|고성군,0.0
강원특별자치도 양양군,,,강원|양양군,0.0
전북특별자치도 전주시,,,전북|전주시,151920.0
전북특별자치도 전주시,,,전북|전주시,151920.0
전북특별자치도 군산시,,,전북|군산시,151920.0
전북특별자치도 익산시,,,전북|익산시,151920.0
전북특별자치도 정읍시,,,전북|정읍시,34688.0
전북특별자치도 남원시,,,전북|남원시,7092.0
전북특별자치도 김제시,,,전북|김제시,151920.0
전북특별자치도 완주군,,,전북|완주군,151920.0
전북특별자치도 진안군,,,전북|진안군,0.0
전북특별자치도 무주군,,,전북|무주군,0.0
전북특별자치도 장수군,,,전북|장수군,7092.0
전북특별자치도 임실군,,,전북|임실군,7092.0
전북특별자치도 순창군,,,전북|순창군,7092.0
전북특별자치도 고창군,,,전북|고창군,11609.0
전북특별자치도 부안군,,,전북|부안군,11609.0
