key,정수장,여유_배분,여유_전체,연결사업자수
경북|고령군,고령,0.0,0.0,2
경북|성주군,고령,0.0,0.0,2
충남|서천군,고산,5994.955203132182,151920.0,6
전북|전주시,고산,54977.720573688,151920.0,6
전북|군산시,고산,54257.63289542786,151920.0,6
전북|익산시,고산,20655.584061579586,151920.0,6
전북|김제시,고산,8881.015764244385,151920.0,6
전북|완주군,고산,7153.0915019279955,151920.0,6
경기|고양시,고양,0.0,0.0,2
경기|파주시,고양,0.0,0.0,2
충남|공주시,공주,6130.0,6130.0,1
경북|김천시,구미(생활),0.0,0.0,3
경북|구미시,구미(생활),0.0,0.0,3
경북|칠곡군,구미(생활),0.0,0.0,3
경남|거제시,구천,0.0,0.0,1
충남|금산군,금산,0.0,0.0,2
전북|진안군,금산,0.0,0.0,2
경기|의정부시,덕소,9794.940662491535,61266.0,6
경기|동두천시,덕소,1276.1082252483482,61266.0,6
경기|고양시,덕소,27243.909580591386,61266.0,6
경기|남양주시,덕소,9352.251442551895,61266.0,6
경기|양주시,덕소,7850.0492289198,61266.0,6
경기|포천시,덕소,5748.740860197034,61266.0,6
전남광주|목포시,덕정,4479.339450688413,12794.0,10
전남광주|장흥군,덕정,768.5047402818066,12794.0,10
전남광주|강진군,덕정,373.045995189421,12794.0,10
전남광주|해남군,덕정,1153.8137405178632,12794.0,10
전남광주|영암군,덕정,2456.757487940073,12794.0,10
전남광주|무안군,덕정,2057.988922964836,12794.0,10
전남광주|함평군,덕정,334.8158129529485,12794.0,10
전남광주|완도군,덕정,309.61062862019344,12794.0,10
전남광주|진도군,덕정,495.3019764350283,12794.0,10
전남광주|신안군,덕정,364.82124440941675,12794.0,10
전북|남원시,동화,3134.4020843971985,7092.0,5
전북|장수군,동화,1653.6023685544221,7092.0,5
전북|임실군,동화,730.7195915913719,7092.0,5
전북|순창군,동화,485.93105144429745,7092.0,5
전남광주|곡성군,동화,1087.34490401271,7092.0,5
경남|밀양시,밀양,5511.549941871555,10824.0,2
경남|창녕군,밀양,5312.450058128445,10824.0,2
경남|창원시,반송,40097.0,40097.0,1
경기|안산시,반월,82786.0,82786.0,1
전남광주|순천시,별량,12021.675052787952,18704.0,3
전남광주|고흥군,별량,5085.691086527436,18704.0,3
전남광주|보성군,별량,1596.6338606846136,18704.0,3
충남|보령시,보령,0.0,0.0,8
충남|서산시,보령,0.0,0.0,8
충남|당진시,보령,0.0,0.0,8
충남|서천군,보령,0.0,0.0,8
충남|청양군,보령,0.0,0.0,8
충남|홍성군,보령,0.0,0.0,8
충남|예산군,보령,0.0,0.0,8
충남|태안군,보령,0.0,0.0,8
전북|고창군,부안,5532.918873667829,11609.0,2
전북|부안군,부안,6076.081126332171,11609.0,2
경남|진주시,사천,4065.7347035774083,36684.0,7
경남|통영시,사천,6614.751758961498,36684.0,7
경남|사천시,사천,6446.515315898494,36684.0,7
경남|거제시,사천,13713.696381608877,36684.0,7
경남|고성군,사천,3301.6996586785285,36684.0,7
경남|남해군,사천,1961.5304798930458,36684.0,7
경남|하동군,사천,580.0717013821461,36684.0,7
전북|정읍시,산성,34688.0,34688.0,1
충남|공주시,석성,9804.796860748784,25776.0,3
충남|논산시,석성,10961.971384785875,25776.0,3
충남|부여군,석성,5009.231754465342,25776.0,3
경기|수원시,성남,36301.33749869499,178192.0,7
경기|성남시,성남,10824.32350401406,178192.0,7
경기|평택시,성남,40803.602788376236,178192.0,7
경기|오산시,성남,7172.754812962101,178192.0,7
경기|용인시,성남,25265.796583647927,178192.0,7
경기|안성시,성남,7829.885705093027,178192.0,7
경기|화성시,성남,49994.29910721166,178192.0,7
강원|원주시,송전,12890.673221185061,16832.0,2
강원|횡성군,송전,3941.326778814938,16832.0,2
경기|수원시,수지,29823.165443718604,137500.0,6
경기|평택시,수지,33521.97688862754,137500.0,6
경기|오산시,수지,5892.737519158561,137500.0,6
경기|용인시,수지,20756.97711161635,137500.0,6
경기|안성시,수지,6432.599812521817,137500.0,6
경기|화성시,수지,41072.54322435713,137500.0,6
경기|시흥시,시흥(생활),48856.0,48856.0,1
충남|아산시,아산(생활),10832.013463785575,22096.0,2
충남|당진시,아산(생활),11263.986536214425,22096.0,2
경남|양산시,양산,14500.0,14500.0,1
경남|거제시,연초,3084.0,3084.0,1
경기|의정부시,와부,4902.155779380899,10242.0,3
경기|구리시,와부,659.2448133259853,10242.0,3
경기|남양주시,와부,4680.599407293116,10242.0,3
경북|청도군,운문,0.0,0.0,1
경기|고양시,일산,46780.0,46780.0,1
경북|영천시,자인,3160.141700083398,5292.0,2
경북|경산시,자인,2131.858299916602,5292.0,2
세종|세종,천안,2930.4717853939474,32574.0,3
충남|천안시,천안,16213.613363509074,32574.0,3
충남|아산시,천안,13429.914851096979,32574.0,3
세종|세종,청주(생활),4545.441731420003,37672.0,2
충북|청주시,청주(생활),33126.55826858,37672.0,2
경기|이천시,충주,9272.328718798144,64200.0,7
경기|안성시,충주,16218.63391159921,64200.0,7
충북|충주시,충주,8376.415665300834,64200.0,7
충북|증평군,충주,3027.120468257518,64200.0,7
충북|진천군,충주,11940.406636502938,64200.0,7
충북|괴산군,충주,2399.446449934437,64200.0,7
충북|음성군,충주,12965.648149606915,64200.0,7
전남광주|담양군,평림,867.5692298345236,2976.0,3
전남광주|함평군,평림,622.2501682565279,2976.0,3
전남광주|장성군,평림,1486.1806019089486,2976.0,3
경북|포항시,학야,3009.39335219175,3548.0,2
경북|경주시,학야,538.6066478082496,3548.0,2
인천|인천,화성,26748.23730302954,70428.0,3
경기|평택시,화성,19629.216642332154,70428.0,3
경기|화성시,화성,24050.546054638307,70428.0,3
전남광주|광주광역시,화순,9385.991508107538,12940.0,5
전남광주|나주시,화순,2059.786777729978,12940.0,5
전남광주|화순군,화순,759.457127880923,12940.0,5
전남광주|함평군,화순,259.28837658146705,12940.0,5
전남광주|영광군,화순,475.4762097000946,12940.0,5
강원|태백시,황지,17510.391222215534,32680.0,3
강원|삼척시,황지,3190.89362659853,32680.0,3
강원|정선군,황지,11978.715151185937,32680.0,3
