시군구코드,개편전코드,시도,시군구,기준연도,key,상위시값공유,산출근거,원수수입,H_own,H_kw,H_imp,H,H_자체만,H_배분,H_kw_배분,H_imp_배분,광역의존비중,공유정수장_사업자수,H_미절단,U,S_stress,S_stress_추정,D_기준,S_cov,Water_final,탈락여부,탈락여부_자체만,광역협의필요,탈락여부_D400,탈락여부_D33840,확충사업_대상,확충사업명,공업용수_여유,공업용수_시설,운휴정수장_용량
11110,,서울,종로구,2024,서울|서울,True,자체,True,1364778.0,0.0,0.0,1364778.0,1364778.0,815199.5,0.0,0.0,0.0,0,1364778.0,0.7156712500000001,0.9477624999999997,False,4080.0000000000005,1.0,0.9843287499999999,False,False,False,False,False,False,,108770.0,영등포,0.0
11140,,서울,중구,2024,서울|서울,True,자체,True,1364778.0,0.0,0.0,1364778.0,1364778.0,815199.5,0.0,0.0,0.0,0,1364778.0,0.7156712500000001,0.9477624999999997,False,4080.0000000000005,1.0,0.9843287499999999,False,False,False,False,False,False,,108770.0,영등포,0.0
11170,,서울,용산구,2024,서울|서울,True,자체,True,1364778.0,0.0,0.0,1364778.0,1364778.0,815199.5,0.0,0.0,0.0,0,1364778.0,0.7156712500000001,0.9477624999999997,False,4080.0000000000005,1.0,0.9843287499999999,False,False,False,False,False,False,,108770.0,영등포,0.0
11200,,서울,성동구,2024,서울|서울,True,자체,True,1364778.0,0.0,0.0,1364778.0,1364778.0,815199.5,0.0,0.0,0.0,0,1364778.0,0.7156712500000001,0.9477624999999997,False,4080.0000000000005,1.0,0.9843287499999999,False,False,False,False,False,False,,108770.0,영등포,0.0
11215,,서울,광진구,2024,서울|서울,True,자체,True,1364778.0,0.0,0.0,1364778.0,1364778.0,815199.5,0.0,0.0,0.0,0,1364778.0,0.7156712500000001,0.9477624999999997,False,4080.0000000000005,1.0,0.9843287499999999,False,False,False,False,False,False,,108770.0,영등포,0.0
11230,,서울,동대문구,2024,서울|서울,True,자체,True,1364778.0,0.0,0.0,1364778.0,1364778.0,815199.5,0.0,0.0,0.0,0,1364778.0,0.7156712500000001,0.9477624999999997,False,4080.0000000000005,1.0,0.9843287499999999,False,False,False,False,False,False,,108770.0,영등포,0.0
11260,,서울,중랑구,2024,서울|서울,True,자체,True,1364778.0,0.0,0.0,1364778.0,1364778.0,815199.5,0.0,0.0,0.0,0,1364778.0,0.7156712500000001,0.9477624999999997,False,4080.0000000000005,1.0,0.9843287499999999,False,False,False,False,False,False,,108770.0,영등포,0.0
11290,,서울,성북구,2024,서울|서울,True,자체,True,1364778.0,0.0,0.0,1364778.0,1364778.0,815199.5,0.0,0.0,0.0,0,1364778.0,0.7156712500000001,0.9477624999999997,False,4080.0000000000005,1.0,0.9843287499999999,False,False,False,False,False,False,,108770.0,영등포,0.0
11305,,서울,강북구,2024,서울|서울,True,자체,True,1364778.0,0.0,0.0,1364778.0,1364778.0,815199.5,0.0,0.0,0.0,0,1364778.0,0.7156712500000001,0.9477624999999997,False,4080.0000000000005,1.0,0.9843287499999999,False,False,False,False,False,False,,108770.0,영등포,0.0
11320,,서울,도봉구,2024,서울|서울,True,자체,True,1364778.0,0.0,0.0,1364778.0,1364778.0,815199.5,0.0,0.0,0.0,0,1364778.0,0.7156712500000001,0.9477624999999997,False,4080.0000000000005,1.0,0.9843287499999999,False,False,False,False,False,False,,108770.0,영등포,0.0
11350,,서울,노원구,2024,서울|서울,True,자체,True,1364778.0,0.0,0.0,1364778.0,1364778.0,815199.5,0.0,0.0,0.0,0,1364778.0,0.7156712500000001,0.9477624999999997,False,4080.0000000000005,1.0,0.9843287499999999,False,False,False,False,False,False,,108770.0,영등포,0.0
11380,,서울,은평구,2024,서울|서울,True,자체,True,1364778.0,0.0,0.0,1364778.0,1364778.0,815199.5,0.0,0.0,0.0,0,1364778.0,0.7156712500000001,0.9477624999999997,False,4080.0000000000005,1.0,0.9843287499999999,False,False,False,False,False,False,,108770.0,영등포,0.0
11410,,서울,서대문구,2024,서울|서울,True,자체,True,1364778.0,0.0,0.0,1364778.0,1364778.0,815199.5,0.0,0.0,0.0,0,1364778.0,0.7156712500000001,0.9477624999999997,False,4080.0000000000005,1.0,0.9843287499999999,False,False,False,False,False,False,,108770.0,영등포,0.0
11440,,서울,마포구,2024,서울|서울,True,자체,True,1364778.0,0.0,0.0,1364778.0,1364778.0,815199.5,0.0,0.0,0.0,0,1364778.0,0.7156712500000001,0.9477624999999997,False,4080.0000000000005,1.0,0.9843287499999999,False,False,False,False,False,False,,108770.0,영등포,0.0
11470,,서울,양천구,2024,서울|서울,True,자체,True,1364778.0,0.0,0.0,1364778.0,1364778.0,815199.5,0.0,0.0,0.0,0,1364778.0,0.7156712500000001,0.9477624999999997,False,4080.0000000000005,1.0,0.9843287499999999,False,False,False,False,False,False,,108770.0,영등포,0.0
11500,,서울,강서구,2024,서울|서울,True,자체,True,1364778.0,0.0,0.0,1364778.0,1364778.0,815199.5,0.0,0.0,0.0,0,1364778.0,0.7156712500000001,0.9477624999999997,False,4080.0000000000005,1.0,0.9843287499999999,False,False,False,False,False,False,,108770.0,영등포,0.0
11530,,서울,구로구,2024,서울|서울,True,자체,True,1364778.0,0.0,0.0,1364778.0,1364778.0,815199.5,0.0,0.0,0.0,0,1364778.0,0.7156712500000001,0.9477624999999997,False,4080.0000000000005,1.0,0.9843287499999999,False,False,False,False,False,False,,108770.0,영등포,0.0
11545,,서울,금천구,2024,서울|서울,True,자체,True,1364778.0,0.0,0.0,1364778.0,1364778.0,815199.5,0.0,0.0,0.0,0,1364778.0,0.7156712500000001,0.9477624999999997,False,4080.0000000000005,1.0,0.9843287499999999,False,False,False,False,False,False,,108770.0,영등포,0.0
11560,,서울,영등포구,2024,서울|서울,True,자체,True,1364778.0,0.0,0.0,1364778.0,1364778.0,815199.5,0.0,0.0,0.0,0,1364778.0,0.7156712500000001,0.9477624999999997,False,4080.0000000000005,1.0,0.9843287499999999,False,False,False,False,False,False,,108770.0,영등포,0.0
11590,,서울,동작구,2024,서울|서울,True,자체,True,1364778.0,0.0,0.0,1364778.0,1364778.0,815199.5,0.0,0.0,0.0,0,1364778.0,0.7156712500000001,0.9477624999999997,False,4080.0000000000005,1.0,0.9843287499999999,False,False,False,False,False,False,,108770.0,영등포,0.0
11620,,서울,관악구,2024,서울|서울,True,자체,True,1364778.0,0.0,0.0,1364778.0,1364778.0,815199.5,0.0,0.0,0.0,0,1364778.0,0.7156712500000001,0.9477624999999997,False,4080.0000000000005,1.0,0.9843287499999999,False,False,False,False,False,False,,108770.0,영등포,0.0
11650,,서울,서초구,2024,서울|서울,True,자체,True,1364778.0,0.0,0.0,1364778.0,1364778.0,815199.5,0.0,0.0,0.0,0,1364778.0,0.7156712500000001,0.9477624999999997,False,4080.0000000000005,1.0,0.9843287499999999,False,False,False,False,False,False,,108770.0,영등포,0.0
11680,,서울,강남구,2024,서울|서울,True,자체,True,1364778.0,0.0,0.0,1364778.0,1364778.0,815199.5,0.0,0.0,0.0,0,1364778.0,0.7156712500000001,0.9477624999999997,False,4080.0000000000005,1.0,0.9843287499999999,False,False,False,False,False,False,,108770.0,영등포,0.0
11710,,서울,송파구,2024,서울|서울,True,자체,True,1364778.0,0.0,0.0,1364778.0,1364778.0,815199.5,0.0,0.0,0.0,0,1364778.0,0.7156712500000001,0.9477624999999997,False,4080.0000000000005,1.0,0.9843287499999999,False,False,False,False,False,False,,108770.0,영등포,0.0
11740,,서울,강동구,2024,서울|서울,True,자체,True,1364778.0,0.0,0.0,1364778.0,1364778.0,815199.5,0.0,0.0,0.0,0,1364778.0,0.7156712500000001,0.9477624999999997,False,4080.0000000000005,1.0,0.9843287499999999,False,False,False,False,False,False,,108770.0,영등포,0.0
12110,46110,전남광주,목포시,2024,전남광주|목포시,False,자체+광역,True,71126.0,12794.0,0.0,83920.0,71126.0,75605.3394506884,4479.339450688413,0.0,0.15245471877979028,10,83920.0,0.40728333333333333,1.0,False,4080.0000000000005,1.0,1.0,False,False,False,False,False,True,영산강3차,0.0,,0.0
12130,46130,전남광주,여수시,2024,전남광주|여수시,False,자체,True,10546.0,0.0,0.0,10546.0,10546.0,10546.0,0.0,0.0,0.0,0,10546.0,0.9327080142930066,0.22430661902331117,False,4080.0000000000005,0.7125419457014129,0.5660713476979824,False,False,False,False,True,True,"여수 하수재이용, 보성 지하수저류지, 광양 지하수저류지, 광양Ⅳ 공업",0.0,,0.0
12150,46150,전남광주,순천시,2024,전남광주|순천시,False,자체+광역,True,51032.0,18704.0,0.0,69736.0,51032.0,63053.67505278795,12021.675052787952,0.0,0.2682115406676609,3,69736.0,0.6609169435215947,1.0,False,4080.0000000000005,1.0,1.0,False,False,False,False,False,False,,0.0,,7000.0
12170,46170,전남광주,나주시,2024,전남광주|나주시,False,광역,False,,12940.0,0.0,12940.0,0.0,2059.786777729978,2059.786777729978,0.0,1.0,5,12940.0,,0.5,True,4080.0000000000005,0.7971450182119086,0.708001512748336,False,True,True,False,True,False,,0.0,,1600.0
12190,46230,전남광주,광양시,2024,전남광주|광양시,False,자체,True,27930.0,0.0,0.0,27930.0,27930.0,27930.0,0.0,0.0,0.0,0,27930.0,0.6826136363636364,1.0,False,4080.0000000000005,1.0,1.0,False,False,False,False,True,True,"보성 지하수저류지, 광양 지하수저류지, 광양Ⅳ 공업",0.0,,0.0
12210,29110,전남광주,동구,2024,전남광주|광주광역시,True,자체+광역,True,194660.0,12940.0,0.0,207600.0,194660.0,204045.99150810755,9385.991508107538,0.0,0.06233140655105973,5,207600.0,0.7369459459459461,0.8768468468468464,False,4080.0000000000005,1.0,0.9630540540540539,False,False,False,False,False,False,,0.0,,0.0
12240,29140,전남광주,서구,2024,전남광주|광주광역시,True,자체+광역,True,194660.0,12940.0,0.0,207600.0,194660.0,204045.99150810755,9385.991508107538,0.0,0.06233140655105973,5,207600.0,0.7369459459459461,0.8768468468468464,False,4080.0000000000005,1.0,0.9630540540540539,False,False,False,False,False,False,,0.0,,0.0
12270,29155,전남광주,남구,2024,전남광주|광주광역시,True,자체+광역,True,194660.0,12940.0,0.0,207600.0,194660.0,204045.99150810755,9385.991508107538,0.0,0.06233140655105973,5,207600.0,0.7369459459459461,0.8768468468468464,False,4080.0000000000005,1.0,0.9630540540540539,False,False,False,False,False,False,,0.0,,0.0
12300,29170,전남광주,북구,2024,전남광주|광주광역시,True,자체+광역,True,194660.0,12940.0,0.0,207600.0,194660.0,204045.99150810755,9385.991508107538,0.0,0.06233140655105973,5,207600.0,0.7369459459459461,0.8768468468468464,False,4080.0000000000005,1.0,0.9630540540540539,False,False,False,False,False,False,,0.0,,0.0
12330,29200,전남광주,광산구,2024,전남광주|광주광역시,True,자체+광역,True,194660.0,12940.0,0.0,207600.0,194660.0,204045.99150810755,9385.991508107538,0.0,0.06233140655105973,5,207600.0,0.7369459459459461,0.8768468468468464,False,4080.0000000000005,1.0,0.9630540540540539,False,False,False,False,False,False,,0.0,,0.0
12710,46710,전남광주,담양군,2024,전남광주|담양군,False,자체+광역,False,-1333.0,2976.0,0.0,2976.0,0.0,867.5692298345236,867.5692298345236,0.0,1.0,3,1643.0,1.1252,0.0,False,4080.0000000000005,0.3057225814603457,0.0,True,True,False,False,True,False,,0.0,,0.0
12720,46720,전남광주,곡성군,2024,전남광주|곡성군,False,자체+광역,False,-1241.0,7092.0,0.0,7092.0,0.0,1087.34490401271,1087.34490401271,0.0,1.0,5,5851.0,1.2237777777777779,0.0,False,4080.0000000000005,0.562192457730301,0.3935347204112107,False,True,True,False,True,False,,0.0,,0.0
12730,46730,전남광주,구례군,2024,전남광주|구례군,False,자체,False,-1043.0,0.0,0.0,0.0,0.0,0.0,0.0,0.0,,0,-1043.0,1.093125,0.0,False,4080.0000000000005,0.0,0.0,True,True,False,True,True,False,,0.0,,0.0
12740,46770,전남광주,고흥군,2024,전남광주|고흥군,False,자체+광역,False,9668.0,18704.0,0.0,28372.0,9668.0,14753.691086527437,5085.691086527436,0.0,0.6592415057098547,3,28372.0,0.5179668049792531,1.0,False,4080.0000000000005,1.0,1.0,False,False,False,False,True,False,,0.0,,0.0
12750,46780,전남광주,보성군,2024,전남광주|보성군,False,자체+광역,False,-1028.0,18704.0,0.0,18704.0,0.0,1596.6338606846136,1596.6338606846136,0.0,1.0,3,17676.0,1.1102666666666667,0.0,False,4080.0000000000005,0.9599288165361319,0.6719501715752924,False,True,True,False,True,False,,0.0,,2760.0
12760,46790,전남광주,화순군,2024,전남광주|화순군,False,자체+광역,True,73.0,12940.0,0.0,13013.0,73.0,832.457127880923,759.457127880923,0.0,0.994390225159456,5,13013.0,0.9938655462184874,0.020448179271708538,False,4080.0000000000005,0.7995336757869943,0.5658080268324085,False,True,True,False,True,False,,0.0,,0.0
12770,46800,전남광주,장흥군,2024,전남광주|장흥군,False,광역,False,,12794.0,0.0,12794.0,0.0,768.5047402818066,768.5047402818066,0.0,1.0,10,12794.0,,0.5,True,4080.0000000000005,0.7923368128976626,0.7046357690283638,False,True,True,False,True,True,영산강3차,0.0,,0.0
12780,46810,전남광주,강진군,2024,전남광주|강진군,False,자체+광역,False,58.0,12794.0,0.0,12852.0,58.0,431.045995189421,373.045995189421,0.0,0.9954870837223778,10,12852.0,0.989568345323741,0.0347721822541965,False,4080.0000000000005,0.794251884074443,0.566407973528369,False,True,True,False,True,True,영산강3차,0.0,,0.0
12790,46820,전남광주,해남군,2024,전남광주|해남군,False,자체+광역,False,3733.0,12794.0,0.0,16527.0,3733.0,4886.813740517863,1153.8137405178632,0.0,0.7741271858171477,10,16527.0,0.6606363636363636,1.0,False,4080.0000000000005,0.9038790436427993,0.9327153305499594,False,True,True,False,True,True,영산강3차,0.0,,1500.0
12800,46830,전남광주,영암군,2024,전남광주|영암군,False,자체+광역,False,-2273.0,12794.0,0.0,12794.0,0.0,2456.757487940073,2456.757487940073,0.0,1.0,10,10521.0,1.1024615384615384,0.0,False,4080.0000000000005,0.7923368128976626,0.5546357690283638,False,True,True,False,True,True,영산강3차,32084.0,K-water 대불,0.0
12810,46840,전남광주,무안군,2024,전남광주|무안군,False,광역,False,,12794.0,0.0,12794.0,0.0,2057.988922964836,2057.988922964836,0.0,1.0,10,12794.0,,0.5,True,4080.0000000000005,0.7923368128976626,0.7046357690283638,False,True,True,False,True,True,영산강3차,0.0,,0.0
12820,46860,전남광주,함평군,2024,전남광주|함평군,False,자체+광역,False,-9139.0,28710.0,0.0,28710.0,0.0,1216.3543577909434,1216.3543577909434,0.0,1.0,10,19571.0,1.06,0.0,False,4080.0000000000005,1.0,0.7,False,True,True,False,True,False,,0.0,,0.0
12830,46870,전남광주,영광군,2024,전남광주|영광군,False,자체+광역,False,-2886.0,12940.0,0.0,12940.0,0.0,475.4762097000946,475.4762097000946,0.0,1.0,5,10054.0,1.188013029315961,0.0,False,4080.0000000000005,0.7971450182119086,0.558001512748336,False,True,True,False,True,False,,0.0,,0.0
12840,46880,전남광주,장성군,2024,전남광주|장성군,False,자체+광역,False,-716.0,2976.0,0.0,2976.0,0.0,1486.1806019089486,1486.1806019089486,0.0,1.0,3,2260.0,1.1432,0.0,False,4080.0000000000005,0.3057225814603457,0.0,True,True,False,False,True,False,,0.0,,0.0
12850,46890,전남광주,완도군,2024,전남광주|완도군,False,자체+광역,False,-3107.0,12794.0,0.0,12794.0,0.0,309.61062862019344,309.61062862019344,0.0,1.0,10,9687.0,0.9643318430203675,0.11889385659877516,False,4080.0000000000005,0.7923368128976626,0.5903039260079963,False,True,True,False,True,True,영산강3차,0.0,,4100.0
12860,46900,전남광주,진도군,2024,전남광주|진도군,False,자체+광역,False,-5470.0,12794.0,0.0,12794.0,0.0,495.3019764350283,495.3019764350283,0.0,1.0,10,7324.0,0.8474970896391153,0.5083430345362824,False,4080.0000000000005,0.7923368128976626,0.7071386793892485,False,True,True,False,True,True,영산강3차,0.0,,0.0
12870,46910,전남광주,신안군,2024,전남광주|신안군,False,자체+광역,False,756.0,12794.0,0.0,13550.0,756.0,1120.8212444094167,364.82124440941675,0.0,0.9442066420664207,10,13550.0,0.9170776255707761,0.27640791476407967,False,4080.0000000000005,0.8167976969722568,0.6546807623098037,False,True,True,False,True,True,영산강3차,0.0,,2550.0
26110,,부산,중구,2024,부산|부산,True,자체,False,344439.0,0.0,0.0,344439.0,344439.0,224305.6666666667,0.0,0.0,0.0,0,344439.0,0.7773503555268261,0.7421654815772465,False,4080.0000000000005,1.0,0.9226496444731739,False,False,False,False,False,False,,261100.0,덕산,0.0
26140,,부산,서구,2024,부산|부산,True,자체,False,344439.0,0.0,0.0,344439.0,344439.0,224305.6666666667,0.0,0.0,0.0,0,344439.0,0.7773503555268261,0.7421654815772465,False,4080.0000000000005,1.0,0.9226496444731739,False,False,False,False,False,False,,261100.0,덕산,0.0
26170,,부산,동구,2024,부산|부산,True,자체,False,344439.0,0.0,0.0,344439.0,344439.0,224305.6666666667,0.0,0.0,0.0,0,344439.0,0.7773503555268261,0.7421654815772465,False,4080.0000000000005,1.0,0.9226496444731739,False,False,False,False,False,False,,261100.0,덕산,0.0
26200,,부산,영도구,2024,부산|부산,True,자체,False,344439.0,0.0,0.0,344439.0,344439.0,224305.6666666667,0.0,0.0,0.0,0,344439.0,0.7773503555268261,0.7421654815772465,False,4080.0000000000005,1.0,0.9226496444731739,False,False,False,False,False,False,,261100.0,덕산,0.0
26230,,부산,부산진구,2024,부산|부산,True,자체,False,344439.0,0.0,0.0,344439.0,344439.0,224305.6666666667,0.0,0.0,0.0,0,344439.0,0.7773503555268261,0.7421654815772465,False,4080.0000000000005,1.0,0.9226496444731739,False,False,False,False,False,False,,261100.0,덕산,0.0
26260,,부산,동래구,2024,부산|부산,True,자체,False,344439.0,0.0,0.0,344439.0,344439.0,224305.6666666667,0.0,0.0,0.0,0,344439.0,0.7773503555268261,0.7421654815772465,False,4080.0000000000005,1.0,0.9226496444731739,False,False,False,False,False,False,,261100.0,덕산,0.0
26290,,부산,남구,2024,부산|부산,True,자체,False,344439.0,0.0,0.0,344439.0,344439.0,224305.6666666667,0.0,0.0,0.0,0,344439.0,0.7773503555268261,0.7421654815772465,False,4080.0000000000005,1.0,0.9226496444731739,False,False,False,False,False,False,,261100.0,덕산,0.0
26320,,부산,북구,2024,부산|부산,True,자체,False,344439.0,0.0,0.0,344439.0,344439.0,224305.6666666667,0.0,0.0,0.0,0,344439.0,0.7773503555268261,0.7421654815772465,False,4080.0000000000005,1.0,0.9226496444731739,False,False,False,False,False,False,,261100.0,덕산,0.0
26350,,부산,해운대구,2024,부산|부산,True,자체,False,344439.0,0.0,0.0,344439.0,344439.0,224305.6666666667,0.0,0.0,0.0,0,344439.0,0.7773503555268261,0.7421654815772465,False,4080.0000000000005,1.0,0.9226496444731739,False,False,False,False,False,False,,261100.0,덕산,0.0
26380,,부산,사하구,2024,부산|부산,True,자체,False,344439.0,0.0,0.0,344439.0,344439.0,224305.6666666667,0.0,0.0,0.0,0,344439.0,0.7773503555268261,0.7421654815772465,False,4080.0000000000005,1.0,0.9226496444731739,False,False,False,False,False,False,,261100.0,덕산,0.0
26410,,부산,금정구,2024,부산|부산,True,자체,False,344439.0,0.0,0.0,344439.0,344439.0,224305.6666666667,0.0,0.0,0.0,0,344439.0,0.7773503555268261,0.7421654815772465,False,4080.0000000000005,1.0,0.9226496444731739,False,False,False,False,False,False,,261100.0,덕산,0.0
26440,,부산,강서구,2024,부산|부산,True,자체,False,344439.0,0.0,0.0,344439.0,344439.0,224305.6666666667,0.0,0.0,0.0,0,344439.0,0.7773503555268261,0.7421654815772465,False,4080.0000000000005,1.0,0.9226496444731739,False,False,False,False,False,False,,261100.0,덕산,0.0
26470,,부산,연제구,2024,부산|부산,True,자체,False,344439.0,0.0,0.0,344439.0,344439.0,224305.6666666667,0.0,0.0,0.0,0,344439.0,0.7773503555268261,0.7421654815772465,False,4080.0000000000005,1.0,0.9226496444731739,False,False,False,False,False,False,,261100.0,덕산,0.0
26500,,부산,수영구,2024,부산|부산,True,자체,False,344439.0,0.0,0.0,344439.0,344439.0,224305.6666666667,0.0,0.0,0.0,0,344439.0,0.7773503555268261,0.7421654815772465,False,4080.0000000000005,1.0,0.9226496444731739,False,False,False,False,False,False,,261100.0,덕산,0.0
26530,,부산,사상구,2024,부산|부산,True,자체,False,344439.0,0.0,0.0,344439.0,344439.0,224305.6666666667,0.0,0.0,0.0,0,344439.0,0.7773503555268261,0.7421654815772465,False,4080.0000000000005,1.0,0.9226496444731739,False,False,False,False,False,False,,261100.0,덕산,0.0
26710,,부산,기장군,2024,부산|부산,True,자체,False,344439.0,0.0,0.0,344439.0,344439.0,224305.6666666667,0.0,0.0,0.0,0,344439.0,0.7773503555268261,0.7421654815772465,False,4080.0000000000005,1.0,0.9226496444731739,False,False,False,False,False,False,,261100.0,덕산,0.0
27110,,대구,중구,2024,대구|대구,True,자체,True,445974.0,0.0,0.0,445974.0,445974.0,233751.0,0.0,0.0,0.0,0,445974.0,0.6707464008859357,1.0,False,4080.0000000000005,1.0,1.0,False,False,False,False,False,True,금호강1차,60953.0,"죽곡, K-water 고령(공업)",2800.0
27140,,대구,동구,2024,대구|대구,True,자체,True,445974.0,0.0,0.0,445974.0,445974.0,233751.0,0.0,0.0,0.0,0,445974.0,0.6707464008859357,1.0,False,4080.0000000000005,1.0,1.0,False,False,False,False,False,True,금호강1차,60953.0,"죽곡, K-water 고령(공업)",2800.0
27170,,대구,서구,2024,대구|대구,True,자체,True,445974.0,0.0,0.0,445974.0,445974.0,233751.0,0.0,0.0,0.0,0,445974.0,0.6707464008859357,1.0,False,4080.0000000000005,1.0,1.0,False,False,False,False,False,True,금호강1차,60953.0,"죽곡, K-water 고령(공업)",2800.0
27200,,대구,남구,2024,대구|대구,True,자체,True,445974.0,0.0,0.0,445974.0,445974.0,233751.0,0.0,0.0,0.0,0,445974.0,0.6707464008859357,1.0,False,4080.0000000000005,1.0,1.0,False,False,False,False,False,True,금호강1차,60953.0,"죽곡, K-water 고령(공업)",2800.0
27230,,대구,북구,2024,대구|대구,True,자체,True,445974.0,0.0,0.0,445974.0,445974.0,233751.0,0.0,0.0,0.0,0,445974.0,0.6707464008859357,1.0,False,4080.0000000000005,1.0,1.0,False,False,False,False,False,True,금호강1차,60953.0,"죽곡, K-water 고령(공업)",2800.0
27260,,대구,수성구,2024,대구|대구,True,자체,True,445974.0,0.0,0.0,445974.0,445974.0,233751.0,0.0,0.0,0.0,0,445974.0,0.6707464008859357,1.0,False,4080.0000000000005,1.0,1.0,False,False,False,False,False,True,금호강1차,60953.0,"죽곡, K-water 고령(공업)",2800.0
27290,,대구,달서구,2024,대구|대구,True,자체,True,445974.0,0.0,0.0,445974.0,445974.0,233751.0,0.0,0.0,0.0,0,445974.0,0.6707464008859357,1.0,False,4080.0000000000005,1.0,1.0,False,False,False,False,False,True,금호강1차,60953.0,"죽곡, K-water 고령(공업)",2800.0
27710,,대구,달성군,2024,대구|대구,True,자체,True,445974.0,0.0,0.0,445974.0,445974.0,233751.0,0.0,0.0,0.0,0,445974.0,0.6707464008859357,1.0,False,4080.0000000000005,1.0,1.0,False,False,False,False,False,True,금호강1차,60953.0,"죽곡, K-water 고령(공업)",2800.0
27720,47720,대구,군위군,2024,대구|대구,True,자체,True,445974.0,0.0,0.0,445974.0,445974.0,233751.0,0.0,0.0,0.0,0,445974.0,0.6707464008859357,1.0,False,4080.0000000000005,1.0,1.0,False,False,False,False,False,True,금호강1차,60953.0,"죽곡, K-water 고령(공업)",2800.0
28125,,인천,제물포구,2024,인천|인천,True,자체+광역,True,712276.0,70428.0,0.0,782704.0,712276.0,739024.2373030295,26748.23730302954,0.0,0.08998037572313416,3,782704.0,0.6362375388135316,1.0,False,4080.0000000000005,1.0,1.0,False,False,False,False,False,False,,0.0,,0.0
28155,,인천,영종구,2024,인천|인천,True,자체+광역,True,712276.0,70428.0,0.0,782704.0,712276.0,739024.2373030295,26748.23730302954,0.0,0.08998037572313416,3,782704.0,0.6362375388135316,1.0,False,4080.0000000000005,1.0,1.0,False,False,False,False,False,False,,0.0,,0.0
28177,,인천,미추홀구,2024,인천|인천,True,자체+광역,True,712276.0,70428.0,0.0,782704.0,712276.0,739024.2373030295,26748.23730302954,0.0,0.08998037572313416,3,782704.0,0.6362375388135316,1.0,False,4080.0000000000005,1.0,1.0,False,False,False,False,False,False,,0.0,,0.0
28185,,인천,연수구,2024,인천|인천,True,자체+광역,True,712276.0,70428.0,0.0,782704.0,712276.0,739024.2373030295,26748.23730302954,0.0,0.08998037572313416,3,782704.0,0.6362375388135316,1.0,False,4080.0000000000005,1.0,1.0,False,False,False,False,False,False,,0.0,,0.0
28200,,인천,남동구,2024,인천|인천,True,자체+광역,True,712276.0,70428.0,0.0,782704.0,712276.0,739024.2373030295,26748.23730302954,0.0,0.08998037572313416,3,782704.0,0.6362375388135316,1.0,False,4080.0000000000005,1.0,1.0,False,False,False,False,False,False,,0.0,,0.0
28237,,인천,부평구,2024,인천|인천,True,자체+광역,True,712276.0,70428.0,0.0,782704.0,712276.0,739024.2373030295,26748.23730302954,0.0,0.08998037572313416,3,782704.0,0.6362375388135316,1.0,False,4080.0000000000005,1.0,1.0,False,False,False,False,False,False,,0.0,,0.0
28245,,인천,계양구,2024,인천|인천,True,자체+광역,True,712276.0,70428.0,0.0,782704.0,712276.0,739024.2373030295,26748.23730302954,0.0,0.08998037572313416,3,782704.0,0.6362375388135316,1.0,False,4080.0000000000005,1.0,1.0,False,False,False,False,False,False,,0.0,,0.0
28275,,인천,서해구,2024,인천|인천,True,자체+광역,True,712276.0,70428.0,0.0,782704.0,712276.0,739024.2373030295,26748.23730302954,0.0,0.08998037572313416,3,782704.0,0.6362375388135316,1.0,False,4080.0000000000005,1.0,1.0,False,False,False,False,False,False,,0.0,,0.0
28290,,인천,검단구,2024,인천|인천,True,자체+광역,True,712276.0,70428.0,0.0,782704.0,712276.0,739024.2373030295,26748.23730302954,0.0,0.08998037572313416,3,782704.0,0.6362375388135316,1.0,False,4080.0000000000005,1.0,1.0,False,False,False,False,False,False,,0.0,,0.0
28710,,인천,강화군,2024,인천|인천,True,자체+광역,True,712276.0,70428.0,0.0,782704.0,712276.0,739024.2373030295,26748.23730302954,0.0,0.08998037572313416,3,782704.0,0.6362375388135316,1.0,False,4080.0000000000005,1.0,1.0,False,False,False,False,False,False,,0.0,,0.0
28720,,인천,옹진군,2024,인천|인천,True,자체+광역,True,712276.0,70428.0,0.0,782704.0,712276.0,739024.2373030295,26748.23730302954,0.0,0.08998037572313416,3,782704.0,0.6362375388135316,1.0,False,4080.0000000000005,1.0,1.0,False,False,False,False,False,False,,0.0,,0.0
30110,,대전,동구,2024,대전|대전,True,자체,False,482620.0,0.0,0.0,482620.0,482620.0,307040.0,0.0,0.0,0.0,0,482620.0,0.5978166666666667,1.0,False,4080.0000000000005,1.0,1.0,False,False,False,False,False,True,대청댐계통,46050.0,회덕,0.0
30140,,대전,중구,2024,대전|대전,True,자체,False,482620.0,0.0,0.0,482620.0,482620.0,307040.0,0.0,0.0,0.0,0,482620.0,0.5978166666666667,1.0,False,4080.0000000000005,1.0,1.0,False,False,False,False,False,True,대청댐계통,46050.0,회덕,0.0
30170,,대전,서구,2024,대전|대전,True,자체,False,482620.0,0.0,0.0,482620.0,482620.0,307040.0,0.0,0.0,0.0,0,482620.0,0.5978166666666667,1.0,False,4080.0000000000005,1.0,1.0,False,False,False,False,False,True,대청댐계통,46050.0,회덕,0.0
30200,,대전,유성구,2024,대전|대전,True,자체,False,482620.0,0.0,0.0,482620.0,482620.0,307040.0,0.0,0.0,0.0,0,482620.0,0.5978166666666667,1.0,False,4080.0000000000005,1.0,1.0,False,False,False,False,False,True,대청댐계통,46050.0,회덕,0.0
30230,,대전,대덕구,2024,대전|대전,True,자체,False,482620.0,0.0,0.0,482620.0,482620.0,307040.0,0.0,0.0,0.0,0,482620.0,0.5978166666666667,1.0,False,4080.0000000000005,1.0,1.0,False,False,False,False,False,True,대청댐계통,46050.0,회덕,0.0
31110,,울산,중구,2024,울산|울산,True,자체,True,138565.0,0.0,0.0,138565.0,138565.0,138565.0,0.0,0.0,0.0,0,138565.0,0.7480636363636364,0.8397878787878787,False,4080.0000000000005,1.0,0.9519363636363636,False,False,False,False,False,False,,39925.0,K-water 온산,0.0
31140,,울산,남구,2024,울산|울산,True,자체,True,138565.0,0.0,0.0,138565.0,138565.0,138565.0,0.0,0.0,0.0,0,138565.0,0.7480636363636364,0.8397878787878787,False,4080.0000000000005,1.0,0.9519363636363636,False,False,False,False,False,False,,39925.0,K-water 온산,0.0
31170,,울산,동구,2024,울산|울산,True,자체,True,138565.0,0.0,0.0,138565.0,138565.0,138565.0,0.0,0.0,0.0,0,138565.0,0.7480636363636364,0.8397878787878787,False,4080.0000000000005,1.0,0.9519363636363636,False,False,False,False,False,False,,39925.0,K-water 온산,0.0
31200,,울산,북구,2024,울산|울산,True,자체,True,138565.0,0.0,0.0,138565.0,138565.0,138565.0,0.0,0.0,0.0,0,138565.0,0.7480636363636364,0.8397878787878787,False,4080.0000000000005,1.0,0.9519363636363636,False,False,False,False,False,False,,39925.0,K-water 온산,0.0
31710,,울산,울주군,2024,울산|울산,True,자체,True,138565.0,0.0,0.0,138565.0,138565.0,138565.0,0.0,0.0,0.0,0,138565.0,0.7480636363636364,0.8397878787878787,False,4080.0000000000005,1.0,0.9519363636363636,False,False,False,False,False,False,,39925.0,K-water 온산,0.0
36110,,세종,세종특별자치시,2024,세종|세종,False,광역+정수수입,False,,70246.0,302900.0,373146.0,0.0,134795.91351681395,7475.91351681395,127320.0,1.0,3,373146.0,,0.5,True,4080.0000000000005,1.0,0.85,False,True,True,False,False,True,"대청댐계통, 금강북부3차",10192.0,K-water 청주(공업),0.0
41111,,경기,수원시 장안구,2024,경기|수원시,True,자체+광역,True,10613.0,315692.0,0.0,326305.0,10613.0,76737.5029424136,66124.5029424136,0.0,0.9674752149062993,7,326305.0,0.89387,0.3537666666666665,False,4080.0000000000005,1.0,0.8061299999999999,False,False,False,False,False,False,,0.0,,0.0
41113,,경기,수원시 권선구,2024,경기|수원시,True,자체+광역,True,10613.0,315692.0,0.0,326305.0,10613.0,76737.5029424136,66124.5029424136,0.0,0.9674752149062993,7,326305.0,0.89387,0.3537666666666665,False,4080.0000000000005,1.0,0.8061299999999999,False,False,False,False,False,False,,0.0,,0.0
41115,,경기,수원시 팔달구,2024,경기|수원시,True,자체+광역,True,10613.0,315692.0,0.0,326305.0,10613.0,76737.5029424136,66124.5029424136,0.0,0.9674752149062993,7,326305.0,0.89387,0.3537666666666665,False,4080.0000000000005,1.0,0.8061299999999999,False,False,False,False,False,False,,0.0,,0.0
41117,,경기,수원시 영통구,2024,경기|수원시,True,자체+광역,True,10613.0,315692.0,0.0,326305.0,10613.0,76737.5029424136,66124.5029424136,0.0,0.9674752149062993,7,326305.0,0.89387,0.3537666666666665,False,4080.0000000000005,1.0,0.8061299999999999,False,False,False,False,False,False,,0.0,,0.0
41131,,경기,성남시 수정구,2024,경기|성남시,True,자체+광역,False,54026.0,178192.0,0.0,232218.0,54026.0,64850.32350401406,10824.32350401406,0.0,0.7673479230722855,7,232218.0,0.8070499999999999,0.6431666666666669,False,4080.0000000000005,1.0,0.89295,False,False,False,False,False,False,,0.0,,34000.0
41133,,경기,성남시 중원구,2024,경기|성남시,True,자체+광역,False,54026.0,178192.0,0.0,232218.0,54026.0,64850.32350401406,10824.32350401406,0.0,0.7673479230722855,7,232218.0,0.8070499999999999,0.6431666666666669,False,4080.0000000000005,1.0,0.89295,False,False,False,False,False,False,,0.0,,34000.0
41135,,경기,성남시 분당구,2024,경기|성남시,True,자체+광역,False,54026.0,178192.0,0.0,232218.0,54026.0,64850.32350401406,10824.32350401406,0.0,0.7673479230722855,7,232218.0,0.8070499999999999,0.6431666666666669,False,4080.0000000000005,1.0,0.89295,False,False,False,False,False,False,,0.0,,34000.0
41150,,경기,의정부시,2024,경기|의정부시,False,자체+광역,False,1629.0,71508.0,0.0,73137.0,1629.0,16326.096441872434,14697.096441872434,0.0,0.9777267320234628,6,73137.0,0.796375,0.6787499999999999,False,4080.0000000000005,1.0,0.9036249999999999,False,True,True,False,False,False,,0.0,,0.0
41171,,경기,안양시 만안구,2024,경기|안양시,True,자체,True,61312.0,0.0,0.0,61312.0,61312.0,61312.0,0.0,0.0,0.0,0,61312.0,0.7507642276422765,0.8307859078590785,False,4080.0000000000005,1.0,0.9492357723577235,False,False,False,False,False,False,,0.0,,0.0
41173,,경기,안양시 동안구,2024,경기|안양시,True,자체,True,61312.0,0.0,0.0,61312.0,61312.0,61312.0,0.0,0.0,0.0,0,61312.0,0.7507642276422765,0.8307859078590785,False,4080.0000000000005,1.0,0.9492357723577235,False,False,False,False,False,False,,0.0,,0.0
41192,,경기,부천시 원미구,2024,경기|부천시,True,자체,True,172097.0,0.0,0.0,172097.0,172097.0,172097.0,0.0,0.0,0.0,0,172097.0,0.6376905263157895,1.0,False,4080.0000000000005,1.0,1.0,False,False,False,False,False,False,,0.0,,0.0
41194,,경기,부천시 소사구,2024,경기|부천시,True,자체,True,172097.0,0.0,0.0,172097.0,172097.0,172097.0,0.0,0.0,0.0,0,172097.0,0.6376905263157895,1.0,False,4080.0000000000005,1.0,1.0,False,False,False,False,False,False,,0.0,,0.0
41196,,경기,부천시 오정구,2024,경기|부천시,True,자체,True,172097.0,0.0,0.0,172097.0,172097.0,172097.0,0.0,0.0,0.0,0,172097.0,0.6376905263157895,1.0,False,4080.0000000000005,1.0,1.0,False,False,False,False,False,False,,0.0,,0.0
41210,,경기,광명시,2024,경기|광명시,False,자체+정수수입,True,118344.0,0.0,165089.0,283433.0,118344.0,200888.5,0.0,82544.5,0.5824621691898967,0,283433.0,0.46207272727272725,1.0,False,4080.0000000000005,1.0,1.0,False,False,False,False,False,False,,0.0,,0.0
41220,,경기,평택시,2024,경기|평택시,False,자체+광역,False,3677.0,386120.0,0.0,389797.0,3677.0,97631.79631933593,93954.79631933593,0.0,0.9905668848144034,7,389797.0,0.7069333333333333,0.976888888888889,False,4080.0000000000005,1.0,0.9930666666666667,False,True,True,False,False,False,,64942.0,K-water 아산(공업),15000.0
41250,,경기,동두천시,2024,경기|동두천시,False,자체+광역,True,8760.0,61266.0,0.0,70026.0,8760.0,10036.108225248348,1276.1082252483482,0.0,0.8749036072315997,6,70026.0,0.7810000000000001,0.7299999999999995,False,4080.0000000000005,1.0,0.9189999999999998,False,False,False,False,False,False,,3190.0,동두천,0.0
41271,,경기,안산시 상록구,2024,경기|안산시,True,자체+광역,True,57560.0,82786.0,0.0,140346.0,57560.0,140346.0,82786.0,0.0,0.5898707480084933,1,140346.0,0.7540170940170942,0.8199430199430195,False,4080.0000000000005,1.0,0.9459829059829058,False,False,False,False,False,False,,82530.0,"안산, (통합)연성, K-water 시흥(공업)",0.0
41273,,경기,안산시 단원구,2024,경기|안산시,True,자체+광역,True,57560.0,82786.0,0.0,140346.0,57560.0,140346.0,82786.0,0.0,0.5898707480084933,1,140346.0,0.7540170940170942,0.8199430199430195,False,4080.0000000000005,1.0,0.9459829059829058,False,False,False,False,False,False,,82530.0,"안산, (통합)연성, K-water 시흥(공업)",0.0
41281,,경기,고양시 덕양구,2024,경기|고양시,True,광역,False,,108046.0,0.0,108046.0,0.0,74023.90958059138,74023.90958059138,0.0,1.0,6,108046.0,,0.5,True,4080.0000000000005,1.0,0.85,False,True,True,False,False,False,,0.0,,0.0
41285,,경기,고양시 일산동구,2024,경기|고양시,True,광역,False,,108046.0,0.0,108046.0,0.0,74023.90958059138,74023.90958059138,0.0,1.0,6,108046.0,,0.5,True,4080.0000000000005,1.0,0.85,False,True,True,False,False,False,,0.0,,0.0
41287,,경기,고양시 일산서구,2024,경기|고양시,True,광역,False,,108046.0,0.0,108046.0,0.0,74023.90958059138,74023.90958059138,0.0,1.0,6,108046.0,,0.5,True,4080.0000000000005,1.0,0.85,False,True,True,False,False,False,,0.0,,0.0
41290,,경기,과천시,2024,경기|과천시,False,자체,True,20232.0,0.0,0.0,20232.0,20232.0,20232.0,0.0,0.0,0.0,0,20232.0,0.59536,1.0,False,4080.0000000000005,0.9961566258485575,0.9973096380939901,False,False,False,False,True,False,,0.0,,0.0
41310,,경기,구리시,2024,경기|구리시,False,자체+광역+정수수입,False,6817.0,10242.0,144876.0,161935.0,6817.0,55768.24481332598,659.2448133259853,48292.0,0.9579028622595486,3,161935.0,0.7727666666666667,0.7574444444444444,False,4080.0000000000005,1.0,0.9272333333333332,False,False,False,False,False,False,,0.0,,0.0
41360,,경기,남양주시,2024,경기|남양주시,False,자체+광역+정수수입,False,16022.0,71508.0,144876.0,232406.0,16022.0,78346.85084984501,14032.85084984501,48292.0,0.9310602996480297,6,232406.0,0.7743380281690141,0.7522065727699531,False,4080.0000000000005,1.0,0.9256619718309859,False,False,False,False,False,False,,46200.0,K-water 와부(공업),0.0
41370,,경기,오산시,2024,경기|오산시,False,광역,False,,315692.0,0.0,315692.0,0.0,13065.492332120662,13065.492332120662,0.0,1.0,7,315692.0,,0.5,True,4080.0000000000005,1.0,0.85,False,True,True,False,False,False,,0.0,,0.0
41390,,경기,시흥시,2024,경기|시흥시,False,자체+광역,True,38993.0,48856.0,0.0,87849.0,38993.0,87849.0,48856.0,0.0,0.5561360971667293,1,87849.0,0.7857527472527472,0.7141575091575092,False,4080.0000000000005,1.0,0.9142472527472527,False,False,False,False,False,False,,33300.0,K-water 시흥(공업),0.0
41410,,경기,군포시,2024,경기|군포시,False,자체,True,61770.0,0.0,0.0,61770.0,61770.0,61770.0,0.0,0.0,0.0,0,61770.0,0.6040384615384615,1.0,False,4080.0000000000005,1.0,1.0,False,False,False,False,False,False,,0.0,,0.0
41430,,경기,의왕시,2024,경기|의왕시,False,자체,True,24324.0,0.0,0.0,24324.0,24324.0,24324.0,0.0,0.0,0.0,0,24324.0,0.6881538461538461,1.0,False,4080.0000000000005,1.0,1.0,False,False,False,False,True,False,,0.0,,0.0
41450,,경기,하남시,2024,경기|하남시,False,자체+정수수입,False,16608.0,0.0,740900.0,757508.0,16608.0,387058.0,0.0,370450.0,0.9780754790708481,0,757508.0,0.7627428571428571,0.7908571428571431,False,4080.0000000000005,1.0,0.9372571428571429,False,False,False,False,False,False,,0.0,,0.0
41461,,경기,용인시 처인구,2024,경기|용인시,True,자체+광역,True,-1061.0,315692.0,0.0,315692.0,0.0,46022.77369526427,46022.77369526427,0.0,1.0,7,314631.0,1.01061,0.0,False,4080.0000000000005,1.0,0.7,False,True,True,False,False,False,,0.0,,0.0
41463,,경기,용인시 기흥구,2024,경기|용인시,True,자체+광역,True,-1061.0,315692.0,0.0,315692.0,0.0,46022.77369526427,46022.77369526427,0.0,1.0,7,314631.0,1.01061,0.0,False,4080.0000000000005,1.0,0.7,False,True,True,False,False,False,,0.0,,0.0
41465,,경기,용인시 수지구,2024,경기|용인시,True,자체+광역,True,-1061.0,315692.0,0.0,315692.0,0.0,46022.77369526427,46022.77369526427,0.0,1.0,7,314631.0,1.01061,0.0,False,4080.0000000000005,1.0,0.7,False,True,True,False,False,False,,0.0,,0.0
41480,,경기,파주시,2024,경기|파주시,False,자체+광역,True,4992.0,0.0,0.0,4992.0,4992.0,4992.0,0.0,0.0,0.0,2,4992.0,0.948,0.1733333333333335,False,4080.0000000000005,0.4459838344895707,0.3641886841426995,False,False,False,False,True,False,,60550.0,K-water 파주,0.0
41500,,경기,이천시,2024,경기|이천시,False,자체+광역,False,3904.0,64200.0,0.0,68104.0,3904.0,13176.328718798144,9272.328718798144,0.0,0.9426759074356866,7,68104.0,0.9349333333333333,0.21688888888888908,False,4080.0000000000005,1.0,0.7650666666666667,False,True,True,False,False,False,,0.0,,0.0
41550,,경기,안성시,2024,경기|안성시,False,광역,False,,379892.0,0.0,379892.0,0.0,30481.119429214054,30481.119429214054,0.0,1.0,7,379892.0,,0.5,True,4080.0000000000005,1.0,0.85,False,True,True,False,False,True,"남한강3차, 충주댐Ⅲ",1927.0,미양,900.0
41570,,경기,김포시,2024,경기|김포시,False,자체,True,44800.0,0.0,0.0,44800.0,44800.0,44800.0,0.0,0.0,0.0,0,44800.0,0.7991031390134529,0.6696562032884905,False,4080.0000000000005,1.0,0.9008968609865471,False,False,False,False,False,False,,0.0,,0.0
41591,,경기,화성시 만세구,2024,경기|화성시,True,광역,False,,386120.0,0.0,386120.0,0.0,115117.3883862071,115117.3883862071,0.0,1.0,7,386120.0,,0.5,True,4080.0000000000005,1.0,0.85,False,True,True,False,False,False,,0.0,,0.0
41593,,경기,화성시 효행구,2024,경기|화성시,True,광역,False,,386120.0,0.0,386120.0,0.0,115117.3883862071,115117.3883862071,0.0,1.0,7,386120.0,,0.5,True,4080.0000000000005,1.0,0.85,False,True,True,False,False,False,,0.0,,0.0
41595,,경기,화성시 병점구,2024,경기|화성시,True,광역,False,,386120.0,0.0,386120.0,0.0,115117.3883862071,115117.3883862071,0.0,1.0,7,386120.0,,0.5,True,4080.0000000000005,1.0,0.85,False,True,True,False,False,False,,0.0,,0.0
41597,,경기,화성시 동탄구,2024,경기|화성시,True,광역,False,,386120.0,0.0,386120.0,0.0,115117.3883862071,115117.3883862071,0.0,1.0,7,386120.0,,0.5,True,4080.0000000000005,1.0,0.85,False,True,True,False,False,False,,0.0,,0.0
41610,,경기,광주시,2024,경기|광주시,False,자체,False,7956.0,0.0,0.0,7956.0,7956.0,7956.0,0.0,0.0,0.0,0,7956.0,0.9514878048780487,0.16170731707317088,False,4080.0000000000005,0.603766961431382,0.4711490681239186,False,False,False,False,True,False,,0.0,,0.0
41630,,경기,양주시,2024,경기|양주시,False,광역,False,,61266.0,0.0,61266.0,0.0,7850.0492289198,7850.0492289198,0.0,1.0,6,61266.0,,0.5,True,4080.0000000000005,1.0,0.85,False,True,True,False,False,False,,0.0,,0.0
41650,,경기,포천시,2024,경기|포천시,False,자체+광역,False,-557.0,61266.0,0.0,61266.0,0.0,5748.740860197034,5748.740860197034,0.0,1.0,6,60709.0,1.1740625,0.0,False,4080.0000000000005,1.0,0.7,False,True,True,False,False,False,,0.0,,1000.0
41670,,경기,여주시,2024,경기|여주시,False,자체,False,-2649.0,0.0,0.0,0.0,0.0,0.0,0.0,0.0,,0,-2649.0,1.05298,0.0,False,4080.0000000000005,0.0,0.0,True,True,False,True,True,False,,1691.0,여주,15000.0
41800,,경기,연천군,2024,경기|연천군,False,자체,False,18.0,0.0,0.0,18.0,18.0,18.0,0.0,0.0,0.0,0,18.0,0.99964,0.0012000000000000899,False,4080.0000000000005,0.002456837246426957,0.0,True,True,False,True,True,False,,0.0,,0.0
41820,,경기,가평군,2024,경기|가평군,False,자체,False,5610.0,0.0,0.0,5610.0,5610.0,5610.0,0.0,0.0,0.0,0,5610.0,0.8150909090909092,0.616363636363636,False,4080.0000000000005,0.4827642618008721,0.5228440741697012,False,False,False,False,True,False,,0.0,,0.0
41830,,경기,양평군,2024,경기|양평군,False,자체,False,-4619.0,0.0,0.0,0.0,0.0,0.0,0.0,0.0,,0,-4619.0,0.9488823529411765,0.17039215686274498,False,4080.0000000000005,0.0,0.0,True,True,False,True,True,False,,0.0,,0.0
43111,,충북,청주시 상당구,2024,충북|청주시,True,자체+광역,True,556.0,37672.0,0.0,38228.0,556.0,33682.55826858,33126.55826858,0.0,0.9854556869310453,2,38228.0,0.995608214849921,0.014639283833596622,False,4080.0000000000005,1.0,0.7043917851500789,False,True,True,False,False,True,"청주 하수재이용, 대청댐계통",10192.0,K-water 청주(공업),0.0
43112,,충북,청주시 서원구,2024,충북|청주시,True,자체+광역,True,556.0,37672.0,0.0,38228.0,556.0,33682.55826858,33126.55826858,0.0,0.9854556869310453,2,38228.0,0.995608214849921,0.014639283833596622,False,4080.0000000000005,1.0,0.7043917851500789,False,True,True,False,False,True,"청주 하수재이용, 대청댐계통",10192.0,K-water 청주(공업),0.0
43113,,충북,청주시 흥덕구,2024,충북|청주시,True,자체+광역,True,556.0,37672.0,0.0,38228.0,556.0,33682.55826858,33126.55826858,0.0,0.9854556869310453,2,38228.0,0.995608214849921,0.014639283833596622,False,4080.0000000000005,1.0,0.7043917851500789,False,True,True,False,False,True,"청주 하수재이용, 대청댐계통",10192.0,K-water 청주(공업),0.0
43114,,충북,청주시 청원구,2024,충북|청주시,True,자체+광역,True,556.0,37672.0,0.0,38228.0,556.0,33682.55826858,33126.55826858,0.0,0.9854556869310453,2,38228.0,0.995608214849921,0.014639283833596622,False,4080.0000000000005,1.0,0.7043917851500789,False,True,True,False,False,True,"청주 하수재이용, 대청댐계통",10192.0,K-water 청주(공업),0.0
43130,,충북,충주시,2024,충북|충주시,False,자체+광역,False,-609.0,64200.0,0.0,64200.0,0.0,8376.415665300834,8376.415665300834,0.0,1.0,7,63591.0,0.8871272727272728,0.37624242424242416,False,4080.0000000000005,1.0,0.8128727272727272,False,True,True,False,False,False,,12159.0,K-water 충주(공업),0.0
43150,,충북,제천시,2024,충북|제천시,False,자체,False,17408.0,0.0,0.0,17408.0,17408.0,17408.0,0.0,0.0,0.0,0,17408.0,0.7615342465753424,0.7948858447488587,False,4080.0000000000005,0.9272436841539856,0.8875363323324474,False,False,False,False,True,False,,0.0,,0.0
43720,,충북,보은군,2024,충북|보은군,False,자체,False,-658.0,0.0,0.0,0.0,0.0,0.0,0.0,0.0,,0,-658.0,0.9875238095238095,0.04158730158730177,False,4080.0000000000005,0.0,0.0,True,True,False,True,True,False,,0.0,,0.0
43730,,충북,옥천군,2024,충북|옥천군,False,자체,True,5505.0,0.0,0.0,5505.0,5505.0,5505.0,0.0,0.0,0.0,0,5505.0,0.8051327433628317,0.6495575221238944,False,4080.0000000000005,0.4766836189511034,0.5285457899029407,False,False,False,False,True,False,,0.0,,1000.0
43740,,충북,영동군,2024,충북|영동군,False,자체+정수수입,False,346.0,0.0,1634.0,1980.0,346.0,1163.0,0.0,817.0,0.8252525252525252,0,1980.0,0.9684074074074074,0.10530864197530873,False,4080.0000000000005,0.22079571419013896,0.0,True,True,False,False,True,False,,0.0,,2650.0
43745,,충북,증평군,2024,충북|증평군,False,광역,False,,64200.0,0.0,64200.0,0.0,3027.120468257518,3027.120468257518,0.0,1.0,7,64200.0,,0.5,True,4080.0000000000005,1.0,0.85,False,True,True,False,False,False,,0.0,,0.0
43750,,충북,진천군,2024,충북|진천군,False,자체+광역,False,86.0,64200.0,0.0,64286.0,86.0,12026.406636502938,11940.406636502938,0.0,0.9986622281678748,7,64286.0,0.8771428571428571,0.4095238095238096,False,4080.0000000000005,1.0,0.8228571428571428,False,True,True,False,False,True,"남한강3차, 충주댐Ⅲ",0.0,광혜원,0.0
43760,,충북,괴산군,2024,충북|괴산군,False,자체+광역,False,-645.0,64200.0,0.0,64200.0,0.0,2399.446449934437,2399.446449934437,0.0,1.0,7,63555.0,1.592,0.0,False,4080.0000000000005,1.0,0.7,False,True,True,False,False,True,"남한강3차, 충주댐Ⅲ",0.0,,0.0
43770,,충북,음성군,2024,충북|음성군,False,광역,False,,64200.0,0.0,64200.0,0.0,12965.648149606915,12965.648149606915,0.0,1.0,7,64200.0,,0.5,True,4080.0000000000005,1.0,0.85,False,True,True,False,False,True,"남한강3차, 충주댐Ⅲ",0.0,,0.0
43800,,충북,단양군,2024,충북|단양군,False,자체,False,2175.0,0.0,0.0,2175.0,2175.0,2175.0,0.0,0.0,0.0,0,2175.0,0.8997695852534562,0.3341013824884794,False,4080.0000000000005,0.2384718277430906,0.0,True,True,False,False,True,False,,0.0,,500.0
44131,,충남,천안시 동남구,2024,충남|천안시,True,자체+광역,False,11945.0,32574.0,0.0,44519.0,11945.0,28158.613363509074,16213.613363509074,0.0,0.7316875940609627,3,44519.0,0.6018333333333333,1.0,False,4080.0000000000005,1.0,1.0,False,False,False,False,False,True,대청댐계통,38972.0,K-water 천안(공업),0.0
44133,,충남,천안시 서북구,2024,충남|천안시,True,자체+광역,False,11945.0,32574.0,0.0,44519.0,11945.0,28158.613363509074,16213.613363509074,0.0,0.7316875940609627,3,44519.0,0.6018333333333333,1.0,False,4080.0000000000005,1.0,1.0,False,False,False,False,False,True,대청댐계통,38972.0,K-water 천안(공업),0.0
44150,,충남,공주시,2024,충남|공주시,False,자체+광역,True,9334.0,31906.0,0.0,41240.0,9334.0,25268.796860748786,15934.796860748784,0.0,0.7736663433559651,3,41240.0,0.6939672131147541,1.0,False,4080.0000000000005,1.0,1.0,False,False,False,False,False,False,,0.0,,0.0
44180,,충남,보령시,2024,충남|보령시,False,자체+광역,True,2279.0,0.0,0.0,2279.0,2279.0,2279.0,0.0,0.0,0.0,8,2279.0,0.8246923076923077,0.5843589743589743,False,4080.0000000000005,0.24767506548208273,0.0,True,True,False,False,True,True,금강북부3차,0.0,,900.0
44200,,충남,아산시,2024,충남|아산시,False,광역,False,,54670.0,0.0,54670.0,0.0,24261.928314882556,24261.928314882556,0.0,1.0,3,54670.0,,0.5,True,4080.0000000000005,1.0,0.85,False,True,True,False,False,False,,103914.0,"K-water 아산(공업), K-water 천안(공업)",11500.0
44210,,충남,서산시,2024,충남|서산시,False,광역,False,,0.0,0.0,0.0,0.0,0.0,0.0,0.0,,8,0.0,,0.5,True,4080.0000000000005,0.0,0.0,True,True,False,True,True,True,금강북부3차,64942.0,K-water 아산(공업),0.0
44230,,충남,논산시,2024,충남|논산시,False,광역,False,,25776.0,0.0,25776.0,0.0,10961.971384785875,10961.971384785875,0.0,1.0,3,25776.0,,0.5,True,4080.0000000000005,1.0,0.85,False,True,True,False,True,False,,0.0,,0.0
44250,,충남,계룡시,2024,충남|계룡시,False,정수수입,False,,0.0,144780.0,144780.0,0.0,48260.0,0.0,48260.0,1.0,0,144780.0,,0.5,True,4080.0000000000005,1.0,0.85,False,True,True,False,False,False,,0.0,,0.0
44270,,충남,당진시,2024,충남|당진시,False,자체+광역,False,-690.0,22096.0,0.0,22096.0,0.0,11263.986536214425,11263.986536214425,0.0,1.0,8,21406.0,1.275,0.0,False,4080.0000000000005,1.0,0.7,False,True,True,False,True,True,금강북부3차,64942.0,K-water 아산(공업),0.0
44710,,충남,금산군,2024,충남|금산군,False,광역,False,,0.0,0.0,0.0,0.0,0.0,0.0,0.0,,2,0.0,,0.5,True,4080.0000000000005,0.0,0.0,True,True,False,True,True,True,금산Ⅱ,0.0,,0.0
44760,,충남,부여군,2024,충남|부여군,False,광역,False,,25776.0,0.0,25776.0,0.0,5009.231754465342,5009.231754465342,0.0,1.0,3,25776.0,,0.5,True,4080.0000000000005,1.0,0.85,False,True,True,False,True,True,금강북부3차,0.0,,0.0
44770,,충남,서천군,2024,충남|서천군,False,광역,False,,151920.0,0.0,151920.0,0.0,5994.955203132182,5994.955203132182,0.0,1.0,8,151920.0,,0.5,True,4080.0000000000005,1.0,0.85,False,True,True,False,False,True,금강남부3차,0.0,,0.0
44790,,충남,청양군,2024,충남|청양군,False,광역,False,,0.0,0.0,0.0,0.0,0.0,0.0,0.0,,8,0.0,,0.5,True,4080.0000000000005,0.0,0.0,True,True,False,True,True,True,금강북부3차,0.0,,1800.0
44800,,충남,홍성군,2024,충남|홍성군,False,광역,False,,0.0,0.0,0.0,0.0,0.0,0.0,0.0,,8,0.0,,0.5,True,4080.0000000000005,0.0,0.0,True,True,False,True,True,True,금강북부3차,0.0,,0.0
44810,,충남,예산군,2024,충남|예산군,False,자체+광역,False,2881.0,0.0,0.0,2881.0,2881.0,2881.0,0.0,0.0,0.0,8,2881.0,0.8128695652173913,0.6237681159420291,False,4080.0000000000005,0.29815729340089386,0.0,True,True,False,False,True,True,"대청댐계통, 금강북부3차",0.0,,3000.0
44825,,충남,태안군,2024,충남|태안군,False,광역,False,,0.0,0.0,0.0,0.0,0.0,0.0,0.0,,8,0.0,,0.5,True,4080.0000000000005,0.0,0.0,True,True,False,True,True,True,금강북부3차,0.0,,0.0
47111,,경북,포항시 남구,2024,경북|포항시,True,자체+광역,True,-1883.0,3548.0,0.0,3548.0,0.0,3009.39335219175,3009.39335219175,0.0,1.0,2,1665.0,1.0062808539026018,0.0,False,4080.0000000000005,0.34922583642975547,0.0,True,True,False,False,True,False,,0.0,,14000.0
47113,,경북,포항시 북구,2024,경북|포항시,True,자체+광역,True,-1883.0,3548.0,0.0,3548.0,0.0,3009.39335219175,3009.39335219175,0.0,1.0,2,1665.0,1.0062808539026018,0.0,False,4080.0000000000005,0.34922583642975547,0.0,True,True,False,False,True,False,,0.0,,14000.0
47130,,경북,경주시,2024,경북|경주시,False,자체+광역,True,2173.0,3548.0,0.0,5721.0,2173.0,2711.6066478082494,538.6066478082496,0.0,0.6201712987239993,2,5721.0,0.9781608040201006,0.07279731993299787,False,4080.0000000000005,0.48912113926125755,0.3642239934627796,False,True,True,False,True,False,,0.0,,0.0
47150,,경북,김천시,2024,경북|김천시,False,자체+광역,False,4625.0,0.0,0.0,4625.0,4625.0,4625.0,0.0,0.0,0.0,3,4625.0,0.9071285140562249,0.30957161981258385,False,4080.0000000000005,0.4229365591859078,0.3889270773739106,False,False,False,False,True,True,낙동강중부3차,0.0,,0.0
47170,,경북,안동시,2024,경북|안동시,False,자체,False,8640.0,0.0,0.0,8640.0,8640.0,6126.666666666666,0.0,0.0,0.0,0,8640.0,0.916116504854369,0.2796116504854366,False,4080.0000000000005,0.6346156328593558,0.5281144381471801,False,False,False,False,True,False,,0.0,,0.0
47190,,경북,구미시,2024,경북|구미시,False,자체+광역,True,24684.0,0.0,0.0,24684.0,24684.0,12342.0,0.0,0.0,0.0,3,24684.0,0.50632,1.0,False,4080.0000000000005,1.0,1.0,False,False,False,False,True,True,낙동강중부3차,212804.0,"구미정수장, K-water 구미(공업), K-water 해평",0.0
47210,,경북,영주시,2024,경북|영주시,False,자체,True,7582.0,0.0,0.0,7582.0,7582.0,7582.0,0.0,0.0,0.0,0,7582.0,0.8413807531380754,0.5287308228730822,False,4080.0000000000005,0.5861493813320652,0.5689238137943702,False,False,False,False,True,False,,0.0,,0.0
47230,,경북,영천시,2024,경북|영천시,False,자체+광역,True,-5139.0,5292.0,0.0,5292.0,0.0,3160.141700083398,3160.141700083398,0.0,1.0,2,153.0,1.1253414634146341,0.0,False,4080.0000000000005,0.4641412792911151,0.32489889550378054,False,True,True,False,True,True,금호강1차,4678.0,공업용수정수장,6200.0
47250,,경북,상주시,2024,경북|상주시,False,자체+정수수입,False,4657.0,0.0,4057.0,8714.0,4657.0,6685.5,0.0,2028.5,0.46557264172595825,0,8714.0,0.9175752212389381,0.27474926253687304,False,4080.0000000000005,0.637853094815379,0.5289219451318272,False,False,False,False,True,False,,0.0,,0.0
47280,,경북,문경시,2024,경북|문경시,False,자체,False,4141.0,0.0,0.0,4141.0,4141.0,4087.5,0.0,0.0,0.0,0,4141.0,0.8796062992125985,0.4013123359580051,False,4080.0000000000005,0.39100944060073184,0.3941003092079138,False,False,False,False,True,False,,0.0,,0.0
47290,,경북,경산시,2024,경북|경산시,False,자체+광역+정수수입,True,6093.0,5292.0,104832.0,116217.0,6093.0,60640.8582999166,2131.858299916602,52416.0,0.9475722140478587,2,116217.0,0.93907,0.20310000000000014,False,4080.0000000000005,1.0,0.76093,False,False,False,False,False,True,금호강1차,23999.0,진량공업용수정수장,0.0
47730,,경북,의성군,2024,경북|의성군,False,자체+정수수입,False,-3263.0,0.0,3770.0,3770.0,0.0,1256.6666666666667,0.0,1256.6666666666667,1.0,0,507.0,1.4661428571428572,0.0,False,4080.0000000000005,0.3652368270503348,0.0,True,True,False,False,True,False,,0.0,,4900.0
47750,,경북,청송군,2024,경북|청송군,False,자체,False,-3997.0,0.0,0.0,0.0,0.0,0.0,0.0,0.0,,0,-3997.0,1.4163541666666666,0.0,False,4080.0000000000005,0.0,0.0,True,True,False,True,True,False,,0.0,,0.0
47760,,경북,영양군,2024,경북|영양군,False,자체,False,-4467.0,0.0,0.0,0.0,0.0,0.0,0.0,0.0,,0,-4467.0,1.551111111111111,0.0,False,4080.0000000000005,0.0,0.0,True,True,False,True,True,False,,0.0,,0.0
47770,,경북,영덕군,2024,경북|영덕군,False,자체,False,-7134.0,0.0,0.0,0.0,0.0,0.0,0.0,0.0,,0,-7134.0,1.3101739130434782,0.0,False,4080.0000000000005,0.0,0.0,True,True,False,True,True,False,,0.0,,0.0
47820,,경북,청도군,2024,경북|청도군,False,광역,False,,0.0,0.0,0.0,0.0,0.0,0.0,0.0,,1,0.0,,0.5,True,4080.0000000000005,0.0,0.0,True,True,False,True,True,True,금호강1차,0.0,,0.0
47830,,경북,고령군,2024,경북|고령군,False,자체+광역,False,-3712.0,0.0,0.0,0.0,0.0,0.0,0.0,0.0,,2,-3712.0,1.2646666666666666,0.0,False,4080.0000000000005,0.0,0.0,True,True,False,True,True,False,,0.0,,0.0
47840,,경북,성주군,2024,경북|성주군,False,자체+광역,False,259.0,0.0,0.0,259.0,259.0,259.0,0.0,0.0,0.0,2,259.0,0.8920833333333333,0.3597222222222222,False,4080.0000000000005,0.034349989190602476,0.0,True,True,False,True,True,False,,2350.0,성주,0.0
47850,,경북,칠곡군,2024,경북|칠곡군,False,광역+정수수입,False,,0.0,54968.0,54968.0,0.0,27484.0,0.0,27484.0,1.0,3,54968.0,,0.5,True,4080.0000000000005,1.0,0.85,False,True,True,False,False,True,낙동강중부3차,0.0,,0.0
47900,,경북,예천군,2024,경북|예천군,False,자체+정수수입,False,-10730.0,0.0,3770.0,3770.0,0.0,1256.6666666666667,0.0,1256.6666666666667,1.0,0,-6960.0,1.3518897637795275,0.0,False,4080.0000000000005,0.3652368270503348,0.0,True,True,False,False,True,False,,0.0,,0.0
47920,,경북,봉화군,2024,경북|봉화군,False,자체,False,-4755.0,0.0,0.0,0.0,0.0,0.0,0.0,0.0,,0,-4755.0,1.279642857142857,0.0,False,4080.0000000000005,0.0,0.0,True,True,False,True,True,False,,0.0,,0.0
47930,,경북,울진군,2024,경북|울진군,False,자체,False,4074.0,0.0,0.0,4074.0,4074.0,4074.0,0.0,0.0,0.0,0,4074.0,0.8343785310734462,0.5520715630885128,False,4080.0000000000005,0.3864422808265126,0.0,True,True,False,False,True,False,,0.0,,0.0
47940,,경북,울릉군,2024,경북|울릉군,False,자체,False,-7239.0,0.0,0.0,0.0,0.0,0.0,0.0,0.0,,0,-7239.0,1.4612,0.0,False,4080.0000000000005,0.0,0.0,True,True,False,True,True,False,,0.0,,500.0
48121,,경남,창원시 의창구,2024,경남|창원시,True,자체+광역+정수수입,True,262612.0,40097.0,180200.0,482909.0,262612.0,295813.1666666667,40097.0,60066.666666666664,0.4561873976256396,1,482909.0,0.58966875,1.0,False,4080.0000000000005,1.0,1.0,False,False,False,False,False,True,창원국가산단,0.0,,0.0
48123,,경남,창원시 성산구,2024,경남|창원시,True,자체+광역+정수수입,True,262612.0,40097.0,180200.0,482909.0,262612.0,295813.1666666667,40097.0,60066.666666666664,0.4561873976256396,1,482909.0,0.58966875,1.0,False,4080.0000000000005,1.0,1.0,False,False,False,False,False,True,창원국가산단,0.0,,0.0
48125,,경남,창원시 마산합포구,2024,경남|창원시,True,자체+광역+정수수입,True,262612.0,40097.0,180200.0,482909.0,262612.0,295813.1666666667,40097.0,60066.666666666664,0.4561873976256396,1,482909.0,0.58966875,1.0,False,4080.0000000000005,1.0,1.0,False,False,False,False,False,True,창원국가산단,0.0,,0.0
48127,,경남,창원시 마산회원구,2024,경남|창원시,True,자체+광역+정수수입,True,262612.0,40097.0,180200.0,482909.0,262612.0,295813.1666666667,40097.0,60066.666666666664,0.4561873976256396,1,482909.0,0.58966875,1.0,False,4080.0000000000005,1.0,1.0,False,False,False,False,False,True,창원국가산단,0.0,,0.0
48129,,경남,창원시 진해구,2024,경남|창원시,True,자체+광역+정수수입,True,262612.0,40097.0,180200.0,482909.0,262612.0,295813.1666666667,40097.0,60066.666666666664,0.4561873976256396,1,482909.0,0.58966875,1.0,False,4080.0000000000005,1.0,1.0,False,False,False,False,False,True,창원국가산단,0.0,,0.0
48170,,경남,진주시,2024,경남|진주시,False,자체+광역,False,60607.0,36684.0,0.0,97291.0,60607.0,64672.73470357741,4065.7347035774083,0.0,0.37705440379891253,7,97291.0,0.6969650000000001,1.0,False,4080.0000000000005,1.0,1.0,False,False,False,False,False,True,"남강권1차, 경남항공국가산단",0.0,,0.0
48220,,경남,통영시,2024,경남|통영시,False,자체+광역,False,-16.0,36684.0,0.0,36684.0,0.0,6614.751758961498,6614.751758961498,0.0,1.0,7,36668.0,0.9655555555555554,0.11481481481481537,False,4080.0000000000005,1.0,0.7344444444444446,False,True,True,False,False,True,남강권1차,0.0,,0.0
48240,,경남,사천시,2024,경남|사천시,False,자체+광역,False,77.0,36684.0,0.0,36761.0,77.0,6523.515315898494,6446.515315898494,0.0,0.9979053888631975,7,36761.0,0.9615,0.12833333333333327,False,4080.0000000000005,1.0,0.7384999999999999,False,True,True,False,False,True,"남강권1차, 경남항공국가산단",0.0,,0.0
48250,,경남,김해시,2024,경남|김해시,False,자체+정수수입,False,59400.0,0.0,180200.0,239600.0,59400.0,119466.66666666666,0.0,60066.666666666664,0.7520868113522537,0,239600.0,0.6887032258064516,1.0,False,4080.0000000000005,1.0,1.0,False,False,False,False,False,False,,0.0,,0.0
48270,,경남,밀양시,2024,경남|밀양시,False,자체+광역,False,1840.0,10824.0,0.0,12664.0,1840.0,7351.549941871555,5511.549941871555,0.0,0.8547062539481997,2,12664.0,0.885,0.3833333333333333,False,4080.0000000000005,0.7880203905583023,0.6666142733908116,False,True,True,False,True,True,밀양나노융합국가산단,0.0,,0.0
48310,,경남,거제시,2024,경남|거제시,False,자체+광역,False,-464.0,39768.0,0.0,39768.0,0.0,16797.696381608876,16797.696381608876,0.0,1.0,7,39304.0,1.232,0.0,False,4080.0000000000005,1.0,0.7,False,True,True,False,False,True,남강권1차,0.0,,3000.0
48330,,경남,양산시,2024,경남|양산시,False,자체+광역,True,42100.0,14500.0,0.0,56600.0,42100.0,56600.0,14500.0,0.0,0.25618374558303886,1,56600.0,0.6773946360153257,1.0,False,4080.0000000000005,1.0,1.0,False,False,False,False,False,False,,0.0,,0.0
48720,,경남,의령군,2024,경남|의령군,False,자체,False,-4442.0,0.0,0.0,0.0,0.0,0.0,0.0,0.0,,0,-4442.0,1.0284313725490195,0.0,False,4080.0000000000005,0.0,0.0,True,True,False,True,True,False,,0.0,,0.0
48730,,경남,함안군,2024,경남|함안군,False,자체+정수수입,False,-3428.0,0.0,133925.0,133925.0,0.0,66962.5,0.0,66962.5,1.0,0,130497.0,1.1656038647342994,0.0,False,4080.0000000000005,1.0,0.7,False,True,True,False,False,False,,0.0,,980.0
48740,,경남,창녕군,2024,경남|창녕군,False,자체+광역+정수수입,False,1299.0,10824.0,289330.0,301453.0,1299.0,151276.45005812845,5312.450058128445,144665.0,0.9956908705503014,2,301453.0,0.67525,1.0,False,4080.0000000000005,1.0,1.0,False,True,True,False,False,False,,0.0,,2500.0
48820,,경남,고성군,2024,경남|고성군,False,광역,False,,36684.0,0.0,36684.0,0.0,3301.6996586785285,3301.6996586785285,0.0,1.0,7,36684.0,,0.5,True,4080.0000000000005,1.0,0.85,False,True,True,False,False,True,남강권1차,0.0,,0.0
48840,,경남,남해군,2024,경남|남해군,False,자체+광역,False,2746.0,36684.0,0.0,39430.0,2746.0,4707.530479893046,1961.5304798930458,0.0,0.9303575957392848,7,39430.0,0.7629820051413881,0.7900599828620396,False,4080.0000000000005,1.0,0.9370179948586118,False,True,True,False,False,True,남강권1차,0.0,,0.0
48850,,경남,하동군,2024,경남|하동군,False,자체+광역,False,-844.0,36684.0,0.0,36684.0,0.0,580.0717013821461,580.0717013821461,0.0,1.0,7,35840.0,1.1406666666666667,0.0,False,4080.0000000000005,1.0,0.7,False,True,True,False,False,True,남강권1차,0.0,,0.0
48860,,경남,산청군,2024,경남|산청군,False,자체,False,-3271.0,0.0,0.0,0.0,0.0,0.0,0.0,0.0,,0,-3271.0,1.0524409448818897,0.0,False,4080.0000000000005,0.0,0.0,True,True,False,True,True,False,,0.0,,0.0
48870,,경남,함양군,2024,경남|함양군,False,자체,False,187.0,0.0,0.0,187.0,187.0,187.0,0.0,0.0,0.0,0,187.0,0.9852755905511811,0.0490813648293964,False,4080.0000000000005,0.025011178430718622,0.0,True,True,False,True,True,False,,0.0,,2000.0
48880,,경남,거창군,2024,경남|거창군,False,자체,True,1661.0,0.0,0.0,1661.0,1661.0,1661.0,0.0,0.0,0.0,0,1661.0,0.9332931726907632,0.22235609103078943,False,4080.0000000000005,0.19061510690191794,0.0,True,True,False,False,True,False,,0.0,,0.0
48890,,경남,합천군,2024,경남|합천군,False,자체,False,-1922.0,0.0,0.0,0.0,0.0,0.0,0.0,0.0,,0,-1922.0,1.1171951219512195,0.0,False,4080.0000000000005,0.0,0.0,True,True,False,True,True,False,,0.0,,0.0
50110,,제주,제주시,2024,제주|제주,True,자체,False,-27884.0,0.0,0.0,0.0,0.0,0.0,0.0,0.0,,0,-27884.0,1.0811761280931587,0.0,False,4080.0000000000005,0.0,0.0,True,True,False,True,True,False,,0.0,,0.0
50130,,제주,서귀포시,2024,제주|제주,True,자체,False,-27884.0,0.0,0.0,0.0,0.0,0.0,0.0,0.0,,0,-27884.0,1.0811761280931587,0.0,False,4080.0000000000005,0.0,0.0,True,True,False,True,True,False,,0.0,,0.0
51110,42110,강원,춘천시,2024,강원|춘천시,False,자체,False,56558.0,0.0,0.0,56558.0,56558.0,39778.5,0.0,0.0,0.0,0,56558.0,0.6959247311827957,1.0,False,4080.0000000000005,1.0,1.0,False,False,False,False,False,False,,0.0,,0.0
51130,42130,강원,원주시,2024,강원|원주시,False,자체+광역,False,8434.0,16832.0,0.0,25266.0,8434.0,21324.67322118506,12890.673221185061,0.0,0.6661917200981556,2,25266.0,0.8504767441860465,0.4984108527131785,False,4080.0000000000005,1.0,0.8495232558139535,False,False,False,False,True,False,,7801.0,"원주(생활+공업), 문막제1공업용수장, 문막제2공업용수장",500.0
51150,42150,강원,강릉시,2024,강원|강릉시,False,자체,False,-12659.0,0.0,0.0,0.0,0.0,0.0,0.0,0.0,,0,-12659.0,1.1102700348432055,0.0,False,4080.0000000000005,0.0,0.0,True,True,False,True,True,False,,0.0,,2000.0
51170,42170,강원,동해시,2024,강원|동해시,False,자체,True,16773.0,0.0,0.0,16773.0,16773.0,16773.0,0.0,0.0,0.0,0,16773.0,0.77636,0.7454666666666665,False,4080.0000000000005,0.9105021418266849,0.8609914992786794,False,False,False,False,True,False,,0.0,,0.0
51190,42190,강원,태백시,2024,강원|태백시,False,자체+광역,False,-1854.0,32680.0,0.0,32680.0,0.0,17510.391222215534,17510.391222215534,0.0,1.0,3,30826.0,1.0426,0.0,False,4080.0000000000005,1.0,0.7,False,True,True,False,True,False,,0.0,,10000.0
51210,42210,강원,속초시,2024,강원|속초시,False,자체,False,4208.0,0.0,0.0,4208.0,4208.0,4208.0,0.0,0.0,0.0,0,4208.0,0.9163846153846155,0.27871794871794847,False,4080.0000000000005,0.39553952931326863,0.36049305513467256,False,False,False,False,True,False,,0.0,,0.0
51230,42230,강원,삼척시,2024,강원|삼척시,False,자체+광역,False,3215.0,32680.0,0.0,35895.0,3215.0,6405.89362659853,3190.89362659853,0.0,0.9104332079676836,3,35895.0,0.9309861932938857,0.2300460223537145,False,4080.0000000000005,1.0,0.7690138067061143,False,True,True,False,False,False,,0.0,,0.0
51720,42720,강원,홍천군,2024,강원|홍천군,False,자체+정수수입,False,10254.0,0.0,33559.0,43813.0,10254.0,27033.5,0.0,16779.5,0.765959874922968,0,43813.0,0.6691413474240423,1.0,False,4080.0000000000005,1.0,1.0,False,False,False,False,False,False,,0.0,,0.0
51730,42730,강원,횡성군,2024,강원|횡성군,False,광역,False,,16832.0,0.0,16832.0,0.0,3941.326778814938,3941.326778814938,0.0,1.0,2,16832.0,,0.5,True,4080.0000000000005,0.9120789908088894,0.7884552935662226,False,True,True,False,True,False,,0.0,,0.0
51750,42750,강원,영월군,2024,강원|영월군,False,자체,False,-7744.0,0.0,0.0,0.0,0.0,0.0,0.0,0.0,,0,-7744.0,1.2659677419354838,0.0,False,4080.0000000000005,0.0,0.0,True,True,False,True,True,False,,0.0,,800.0
51760,42760,강원,평창군,2024,강원|평창군,False,자체,False,10526.0,0.0,0.0,10526.0,10526.0,10526.0,0.0,0.0,0.0,0,10526.0,0.7245758354755784,0.9180805484147389,False,4080.0000000000005,0.7117782474068918,0.7736689377092458,False,False,False,False,True,False,,0.0,,0.0
51770,42770,강원,정선군,2024,강원|정선군,False,자체+광역,False,-3717.0,32680.0,0.0,32680.0,0.0,11978.715151185937,11978.715151185937,0.0,1.0,3,28963.0,0.9703846153846155,0.0987179487179483,False,4080.0000000000005,1.0,0.7296153846153844,False,True,True,False,True,False,,0.0,,5100.0
51780,42780,강원,철원군,2024,강원|철원군,False,자체,False,751.0,0.0,0.0,751.0,751.0,751.0,0.0,0.0,0.0,0,751.0,0.9773795180722893,0.07540160642570237,False,4080.0000000000005,0.09429641648775039,0.0,True,True,False,False,True,False,,0.0,,0.0
51790,42790,강원,화천군,2024,강원|화천군,False,자체,False,-2936.0,0.0,0.0,0.0,0.0,0.0,0.0,0.0,,0,-2936.0,1.3336363636363637,0.0,False,4080.0000000000005,0.0,0.0,True,True,False,True,True,False,,0.0,,0.0
51800,42800,강원,양구군,2024,강원|양구군,False,자체,False,669.0,0.0,0.0,669.0,669.0,669.0,0.0,0.0,0.0,0,669.0,0.7310824742268042,0.8963917525773195,False,4080.0000000000005,0.08474188849484943,0.0,True,True,False,False,True,False,,0.0,,1000.0
51810,42810,강원,인제군,2024,강원|인제군,False,자체,False,11253.0,0.0,0.0,11253.0,11253.0,11253.0,0.0,0.0,0.0,0,11253.0,0.6690294117647059,1.0,False,4080.0000000000005,0.7388884517008095,0.8172219161905667,False,False,False,False,True,False,,0.0,,3000.0
51820,42820,강원,고성군,2024,강원|고성군,False,자체,False,4274.0,0.0,0.0,4274.0,4274.0,4274.0,0.0,0.0,0.0,0,4274.0,0.8196610169491525,0.601129943502825,False,4080.0000000000005,0.3999663403300808,0.46031542128190406,False,False,False,False,True,False,,0.0,,0.0
51830,42830,강원,양양군,2024,강원|양양군,False,자체,False,1578.0,0.0,0.0,1578.0,1578.0,1578.0,0.0,0.0,0.0,0,1578.0,0.9455862068965517,0.18137931034482765,False,4080.0000000000005,0.1824873762794597,0.0,True,True,False,False,True,False,,0.0,,500.0
52111,45111,전북,전주시 완산구,2024,전북|전주시,True,광역,False,,151920.0,0.0,151920.0,0.0,54977.720573688,54977.720573688,0.0,1.0,6,151920.0,,0.5,True,4080.0000000000005,1.0,0.85,False,True,True,False,False,True,금강남부3차,15884.0,팔복,0.0
52113,45113,전북,전주시 덕진구,2024,전북|전주시,True,광역,False,,151920.0,0.0,151920.0,0.0,54977.720573688,54977.720573688,0.0,1.0,6,151920.0,,0.5,True,4080.0000000000005,1.0,0.85,False,True,True,False,False,True,금강남부3차,15884.0,팔복,0.0
52130,45130,전북,군산시,2024,전북|군산시,False,광역,False,,151920.0,0.0,151920.0,0.0,54257.63289542786,54257.63289542786,0.0,1.0,6,151920.0,,0.5,True,4080.0000000000005,1.0,0.85,False,True,True,False,False,True,"군산 하수재이용, 금강남부3차",45638.0,"K-water 군산, K-water 석성(공업)",0.0
52140,45140,전북,익산시,2024,전북|익산시,False,자체+광역,False,37237.0,151920.0,0.0,189157.0,37237.0,57892.58406157959,20655.584061579586,0.0,0.8031423632220853,6,189157.0,0.5862555555555555,1.0,False,4080.0000000000005,1.0,1.0,False,False,False,False,False,True,금강남부3차,12659.0,신흥,0.0
52180,45180,전북,정읍시,2024,전북|정읍시,False,광역,False,,34688.0,0.0,34688.0,0.0,34688.0,34688.0,0.0,1.0,1,34688.0,,0.5,True,4080.0000000000005,1.0,0.85,False,True,True,False,False,False,,0.0,,0.0
52190,45190,전북,남원시,2024,전북|남원시,False,자체+광역,False,-686.0,7092.0,0.0,7092.0,0.0,3134.4020843971985,3134.4020843971985,0.0,1.0,5,6406.0,1.0457333333333334,0.0,False,4080.0000000000005,0.562192457730301,0.3935347204112107,False,True,True,False,True,False,,0.0,,0.0
52210,45210,전북,김제시,2024,전북|김제시,False,광역,False,,151920.0,0.0,151920.0,0.0,8881.015764244385,8881.015764244385,0.0,1.0,6,151920.0,,0.5,True,4080.0000000000005,1.0,0.85,False,True,True,False,False,True,금강남부3차,11088.0,K-water 석성(공업),0.0
52710,45710,전북,완주군,2024,전북|완주군,False,광역,False,,151920.0,0.0,151920.0,0.0,7153.0915019279955,7153.0915019279955,0.0,1.0,6,151920.0,,0.5,True,4080.0000000000005,1.0,0.85,False,True,True,False,False,True,금강남부3차,13891.0,공단,0.0
52720,45720,전북,진안군,2024,전북|진안군,False,자체+광역,False,-2257.0,0.0,0.0,0.0,0.0,0.0,0.0,0.0,,2,-2257.0,1.2191946308724833,0.0,False,4080.0000000000005,0.0,0.0,True,True,False,True,True,True,금산Ⅱ,0.0,,0.0
52730,45730,전북,무주군,2024,전북|무주군,False,자체,False,-5191.0,0.0,0.0,0.0,0.0,0.0,0.0,0.0,,0,-5191.0,1.0570175438596492,0.0,False,4080.0000000000005,0.0,0.0,True,True,False,True,True,False,,0.0,,0.0
52740,45740,전북,장수군,2024,전북|장수군,False,광역,False,,7092.0,0.0,7092.0,0.0,1653.6023685544221,1653.6023685544221,0.0,1.0,5,7092.0,,0.5,True,4080.0000000000005,0.562192457730301,0.5435347204112106,False,True,True,False,True,False,,0.0,,0.0
52750,45750,전북,임실군,2024,전북|임실군,False,자체+광역+정수수입,False,-2268.0,7092.0,0.0,7092.0,0.0,730.7195915913719,730.7195915913719,0.0,1.0,5,4824.0,1.2268,0.0,False,4080.0000000000005,0.562192457730301,0.3935347204112107,False,True,True,False,True,False,,0.0,,0.0
52770,45770,전북,순창군,2024,전북|순창군,False,자체+광역+정수수입,False,-1060.0,7092.0,0.0,7092.0,0.0,485.93105144429745,485.93105144429745,0.0,1.0,5,6032.0,1.1630769230769231,0.0,False,4080.0000000000005,0.562192457730301,0.3935347204112107,False,True,True,False,True,False,,0.0,,0.0
52790,45790,전북,고창군,2024,전북|고창군,False,광역,False,,11609.0,0.0,11609.0,0.0,5532.918873667829,5532.918873667829,0.0,1.0,2,11609.0,,0.5,True,4080.0000000000005,0.7516984643117405,0.6761889250182184,False,True,True,False,True,True,금강남부3차,0.0,,0.0
52800,45800,전북,부안군,2024,전북|부안군,False,자체+광역,False,1330.0,11609.0,0.0,12939.0,1330.0,7406.081126332171,6076.081126332171,0.0,0.8972099853157122,2,12939.0,0.525,1.0,False,4080.0000000000005,0.7971122257898803,0.8579785580529162,False,True,True,False,True,True,금강남부3차,0.0,,0.0
