태양광발전시설명,소재지도로명주소,소재지지번주소,가동상태구분명,설비용량(Kw),공급전압(V),주파수(Hz),설치연도,세부용도,허가기관,데이터기준일자
중앙 태양광발전소,경기도 고양시 일산서구 덕산로 175,,정상가동,5,380,60,2006,발전사업용,고양시,2024-03-28
일산종하 태양광발전소,"경기도 고양시 일산서구 멱절길 3,5",,정상가동,63.36,380,60,2007,발전사업용,고양시,2024-03-28
GS칼텍스장항주유소태양광발전소,경기도 고양시 일산동구 백마로 54,,정상가동,12,380,60,2008,발전사업용,고양시,2024-03-28
김상봉 태양광 발전소,경기도 고양시 일산동구 성현로659번길 166,,정상가동,20,380,60,2012,발전사업용,고양시,2024-03-28
설문1 태양광 발전소,경기도 고양시 일산동구 장진천길 168,,정상가동,99,380,60,2012,발전사업용,고양시,2024-03-28
설문2 태양광 발전소,경기도 고양시 일산동구 장진천길 168,,정상가동,99,380,60,2012,발전사업용,고양시,2024-03-28
민서 태양광발전소,경기도 고양시 덕양구 용두로47번길 110,,정상가동,34.68,380,60,2012,발전사업용,고양시,2024-03-28
다현 태양광발전소,경기도 고양시 일산동구 장항로 12-1,,정상가동,50,380,60,2013,발전사업용,고양시,2024-03-28
성석 태양광발전소,경기도 고양시 일산동구 성석로 169-4,,정상가동,99.75,380,60,2013,발전사업용,고양시,2024-03-28
신화 태양광발전소,경기도 고양시 덕양구 독곶이길 195,,정상가동,19,380,60,2013,발전사업용,고양시,2024-03-28
여여 태양광발전소,경기도 고양시 덕양구 고골길 49-5,,정상가동,31.2,380,60,2013,발전사업용,고양시,2024-03-28
선샤인하우스 태양광발전소,경기도 고양시 일산동구 지영로181번길 49,,정상가동,45.32,380,60,2014,발전사업용,고양시,2024-03-28
고양정수장태양광발전소,경기도 고양시 일산동구 대주로 326,,정상가동,267.84,380,60,2013,발전사업용,고양시,2024-03-28
프라자골프연습장 태양광발전소,경기도 고양시 일산서구 덕산로 293,,정상가동,49.5,380,60,2014,발전사업용,고양시,2024-03-28
장진 태양광발전소,경기도 고양시 일산동구 장진천길 66-35,,정상가동,99,380,60,2014,발전사업용,고양시,2024-03-28
이재근 태양광발전소,경기도 고양시 덕양구 통일로414번길 91,,정상가동,30,380,60,2014,발전사업용,고양시,2024-03-28
OCI 지축태양광발전소,,경기도 고양시 덕양구 지축동 717-4,정상가동,702,380,60,2014,발전사업용,고양시,2024-03-28
현대태양광발전소,경기도 고양시 일산서구 송산로27번길 36,,정상가동,300,380,60,2014,발전사업용,고양시,2024-03-28
푸른(원당1)태양광발전소,경기도 고양시 덕양구 원당로 412,,정상가동,27,380,60,2014,발전사업용,고양시,2024-03-28
고양내유태양광발소,경기도 고양시 덕양구 유산길 22,,정상가동,32.5,380,60,2014,발전사업용,고양시,2024-03-28
뉴싱글벙글태양광발전소,경기도 고양시 일산동구 노첨길24번길 13,,정상가동,66.78,380,60,2014,발전사업용,고양시,2024-03-28
동녁태양광발전소,경기도 고양시 일산동구 노첨길24번길 13,,정상가동,66.78,380,60,2014,발전사업용,고양시,2024-03-28
아름태양광발전소,경기도 고양시 일산동구 노첨길24번길 13,,정상가동,66.78,380,60,2014,발전사업용,고양시,2024-03-28
장항태양광발전소,경기도 고양시 일산동구 노첨길24번길 13,,정상가동,52.47,380,60,2014,발전사업용,고양시,2024-03-28
싱글벙글태양광발전소,경기도 고양시 일산동구 장항로 122-8,,정상가동,57.24,380,60,2014,발전사업용,고양시,2024-03-28
구산태양광발전소,,경기도 고양시 일산서구 구산동 1939,정상가동,70,380,60,2014,발전사업용,고양시,2024-03-28
현대1호태양광발전소,경기도 고양시 일산서구 곳산길 142-33,,정상가동,160,380,60,2014,발전사업용,고양시,2024-03-28
환이태양광발전소,경기도 고양시 일산서구 장자길 29-55,,정상가동,49,380,60,2016,발전사업용,고양시,2024-03-28
삼양에스앤이구산태양광발전소,경기도 고양시 일산서구 구산로 38,,정상가동,99.36,380,60,2014,발전사업용,고양시,2024-03-28
대영1태양광발전소,경기도 고양시 일산서구 송산로 374번길77,,정상가동,49,380,60,2015,발전사업용,고양시,2024-03-28
삼양에스앤이가좌태양광발전소,경기도 고양시 일산서구 중앙로 1775,,정상가동,198.72,380,60,2014,발전사업용,고양시,2024-03-28
홍태양광발전소,경기도 고양시 일산서구 송포로 348,,정상가동,98.28,380,60,2016,발전사업용,고양시,2024-03-28
김주목장태양광발전소,경기도 고양시 일산동구 장진천길 200,,정상가동,99,380,60,2014,발전사업용,고양시,2024-03-28
민우태양광발전소,경기도 고양시 일산동구 공릉천로 209-87,,정상가동,21.06,380,60,2014,발전사업용,고양시,2024-03-28
은종태양광발전소,경기도 고양시 일산동구 공릉천로 209-86,,정상가동,29.12,380,60,2014,발전사업용,고양시,2024-03-28
현승태양광발전소,경기도 고양시 일산동구 공릉천로 209-82,,정상가동,30.78,380,60,2014,발전사업용,고양시,2024-03-28
삼성태양광발전소,경기도 고양시 일산서구 송포로 348,,정상가동,97.5,380,60,2017,발전사업용,고양시,2024-03-28
ECO 휘 태양광발전소,경기도 고양시 일산동구 장항로 124,,정상가동,54.06,380,60,2015,발전사업용,고양시,2024-03-28
선원태양광발전소,경기도 고양시 일산서구 법곳길 388,,정상가동,30,380,60,2014,발전사업용,고양시,2024-03-28
김옥환태양광발전소,경기도 고양시 일산서구 송포로 197번길 98,,정상가동,20,380,60,2014,발전사업용,고양시,2024-03-28
김덕영태양광발전소,경기도 고양시 일산서구 가좌로 150,,정상가동,30,380,60,2014,발전사업용,고양시,2024-03-28
바다태양광발전소,경기도 고양시 일산서구 덕산로189번길 26,,정상가동,40,380,60,2015,발전사업용,고양시,2024-03-28
성은에너지 1호태양광발전소,경기도 고양시 일산서구 이산포길 342-47,,정상가동,49.55,380,60,2015,발전사업용,고양시,2024-03-28
성은에너지 태양광발전소,경기도 고양시 일산서구 이산포길 364-60,,정상가동,99,380,60,2018,발전사업용,고양시,2024-03-28
창권태양광 발전소,경기도 고양시 일산동구 장항로 292-17,,정상가동,78.4,380,60,2015,발전사업용,고양시,2024-03-28
누리태양광발전소,"경기도 고양시 일산동구 은마길63번길 113, 113-1",,정상가동,97.2,380,60,2015,발전사업용,고양시,2024-03-28
사리현태양광발전소,경기도 고양시 일산동구 공릉천로71번길 38-22,,정상가동,99,380,60,2015,발전사업용,고양시,2024-03-28
성민태양광발전소,경기도 고양시 일산동구 장항로 183,,정상가동,30,380,60,2015,발전사업용,고양시,2024-03-28
동하태양광발전소,경기도 고양시 일산서구 법곳길 326-57,,정상가동,35,380,60,2016,발전사업용,고양시,2024-03-28
한성태양광발전소,경기도 고양시 일산동구 성현로 532-16,,정상가동,72,380,60,2016,발전사업용,고양시,2024-03-28
덕오태양광발전소,"경기도 고양시 일산서구 덕이로276번길 26-16, 26-18",,정상가동,175.56,380,60,2015,발전사업용,고양시,2024-03-28
민수태양광발전소,경기도 고양시 일산동구 장항로 187,,정상가동,50,380,60,2015,발전사업용,고양시,2024-03-28
광호태양광발전소,경기도 고양시 덕양구 통일로1108번길 85,,정상가동,28.08,380,60,2019,발전사업용,고양시,2024-03-28
(주)대한에너텍태양광발전소,,"경기도 고양시 덕양구 행신동 302-8,305",정상가동,99.96,380,60,2015,발전사업용,고양시,2024-03-28
세광태양광발전소,경기도 고양시 일산동구 공릉천로187번길 11-1,,정상가동,16.5,380,60,2015,발전사업용,고양시,2024-03-28
현대2호기태양광발전소,경기도 고양시 일산서구 법곳길 567-24,,정상가동,180,380,60,2016,발전사업용,고양시,2024-03-28
종1태양광발전소,경기도 고양시 일산동구 공릉천로133번길 106,,정상가동,98.8,380,60,2016,발전사업용,고양시,2024-03-28
설문번영태양광발전소,"경기도 고양시 일산동구 고봉로 739, 741",,정상가동,99.2,380,60,2015,발전사업용,고양시,2024-03-28
양금태양광발전소,경기도 고양시 일산동구 문원길102번길 106,,정상가동,199.92,380,60,2016,발전사업용,고양시,2024-03-28
노명호태양광발전소,경기도 고양시 일산서구 법곳길 462-33,,정상가동,160,380,60,2016,발전사업용,고양시,2024-03-28
빙석촌태양광발전소1호기,경기도 고양시 일산동구 견달산로369번길 80,,정상가동,24,380,60,2016,발전사업용,고양시,2024-03-28
빙석촌태양광발전소2호기,경기도 고양시 일산동구 성현로268번길 160,,정상가동,5.4,380,60,2017,발전사업용,고양시,2024-03-28
일산소수력발전소,경기도 고양시 덕양구 대주로 136,,정상가동,250,380,60,2016,발전사업용,고양시,2024-03-28
신화태양광발전소,경기도 고양시 일산동구 장진천길 22-17,,정상가동,99,380,60,2016,발전사업용,고양시,2024-03-28
수태양광발전소,경기도 고양시 일산동구 성현로377번길 128-3,,정상가동,49.6,380,60,2017,발전사업용,고양시,2024-03-28
옴니에너지1태양광발전소,경기도 고양시 덕양구 통일로1031번길 426,,정상가동,19.8,380,60,2016,발전사업용,고양시,2024-03-28
시선태양광발전소,경기도 고양시 일산동구 지영로100번길 12-20,,정상가동,50.4,380,60,2016,발전사업용,고양시,2024-03-28
고양7통새마을회태양광발전소,경기도 고양시 덕양구 선유길 105-14,,정상가동,18,380,60,2016,발전사업용,고양시,2024-03-28
옴니에너지태양광발전소,경기도 고양시 덕양구 마상로113번길 20,,정상가동,19.2,380,60,2017,발전사업용,고양시,2024-03-28
두울태양광발전소,경기도 고양시 덕양구 행주로83번길 34-3,,정상가동,19.2,380,60,2016,발전사업용,고양시,2024-03-28
진밭마을태양광발전소,경기도 고양시 일산동구 진밭로 13,,정상가동,10.08,380,60,2017,발전사업용,고양시,2024-03-28
설문태양광발전소,"경기도 고양시 일산동구 고봉로 778, 774, 고봉로770번길 5",,정상가동,99,380,60,2017,발전사업용,고양시,2024-03-28
삼원태양광발전소,경기도 고양시 일산동구 은마길 31-37,,정상가동,99.96,380,60,2017,발전사업용,고양시,2024-03-28
남지태양광발전소,경기도 고양시 덕양구 고양대로 1381,,정상가동,25.2,380,60,2017,발전사업용,고양시,2024-03-28
대준태양광발전소,경기도 고양시 일산동구 지영로181번길 73,,정상가동,34.8,380,60,2017,발전사업용,고양시,2024-03-28
태영기업태양광발전소,"경기도 고양시 일산동구 동국로245번길 35-2, 37",,정상가동,99.495,380,60,2017,발전사업용,고양시,2024-03-28
재원 제3 태양광발전소,경기도 고양시 일산서구 멱절길 94,,정상가동,98.49,380,60,2017,발전사업용,고양시,2024-03-28
고향에너지태양광발전소,경기도 고양시 일산동구 성현로135번안길 80-9,,정상가동,97.65,380,60,2017,발전사업용,고양시,2024-03-28
자유로태양광발전소,경기도 고양시 일산서구 이산포길 262,,정상가동,84.48,380,60,2017,발전사업용,고양시,2024-03-28
성실태양광발전소,경기도 고양시 일산동구 은마길63번길 75,,정상가동,41.04,380,60,2017,발전사업용,고양시,2024-03-28
대화태양광발전소,경기도 고양시 일산서구 송포로113번길 20-75,,정상가동,48.24,380,60,2017,발전사업용,고양시,2024-03-28
동서태양광발전소,"경기도 고양시 일산서구 구산로101번길 58-30, -28, -32, 구산로135번길 36-18, -20, ",,정상가동,231.61,380,60,2017,발전사업용,고양시,2024-03-28
신영태양광발전소,경기도 고양시 일산동구 은마길 31-38,,정상가동,92.16,380,60,2018,발전사업용,고양시,2024-03-28
고봉10통성안마을태양광발전소,경기도 고양시 일산동구 성석로146번길 35-41,,정상가동,16.975,380,60,2018,발전사업용,고양시,2024-03-28
은 태양광발전소,경기도 고양시 일산동구 장대길 137,,정상가동,15.075,380,60,2018,발전사업용,고양시,2024-03-28
나은태양광발전소,경기도 고양시 일산서구 구산로54번길 213,,정상가동,99.45,380,60,2018,발전사업용,고양시,2024-03-28
뉴자유로태양광발전소,경기도 고양시 일산서구 이산포길 266,,정상가동,68.64,380,60,2018,발전사업용,고양시,2024-03-28
윤선제1태양광발전소,경기도 고양시 일산서구 덕산로243번길 58-12,,정상가동,59.64,380,60,2018,발전사업용,고양시,2024-03-28
재원제2태양광발전소,"경기도 고양시 일산서구 덕산로195번길 170-5, 170-6",,정상가동,74.55,380,60,2018,발전사업용,고양시,2024-03-28
신흥제1태양광발전소,경기도 고양시 일산동구 문원길170번길 84외 4필지,,정상가동,99.4,380,60,2018,발전사업용,고양시,2024-03-28
신흥제2태양광발전소,경기도 고양시 일산동구 공릉천로473번길 78-20,,정상가동,64.61,380,60,2018,발전사업용,고양시,2024-03-28
지축태양광발전소,경기도 고양시 덕양구 중고개길 76,,정상가동,18,380,60,2018,발전사업용,고양시,2024-03-28
재원제1태양광발전소,"경기도 고양시 일산동구 장항로 44-11, 54-14",,정상가동,69.225,380,60,2018,발전사업용,고양시,2024-03-28
미영태양광발전소,경기도 고양시 일산동구 성석로146번길 85-5,,정상가동,42.6,380,60,2018,발전사업용,고양시,2024-03-28
의찬태양광발전소,경기도 고양시 일산서구 송산로 567-56,,정상가동,68.34,380,60,2018,발전사업용,고양시,2024-03-28
선우상사,경기도 고양시 일산서구 법곳길 546-16,,정상가동,30,380,60,2018,발전사업용,고양시,2024-03-28
장영희1호태양광발전소,경기도 고양시 일산서구 송포로 390,,정상가동,31.68,380,60,2018,발전사업용,고양시,2024-03-28
정에너지태양광발전소,경기도 고양시 일산동구 견달산로225번길 21-47,,정상가동,45.99,380,60,2018,발전사업용,고양시,2024-03-28
이재완태양광발전소,경기도 고양시 일산동구 진밭로45번길 97,,정상가동,24,380,60,2018,발전사업용,고양시,2024-03-28
주현태양광발전소,경기도 고양시 일산서구 송포로391번길 25-21,,정상가동,43.2,380,60,2018,발전사업용,고양시,2024-03-28
SCG경기 태양광발전소,경기도 고양시 일산서구 경의로 797,,정상가동,97.5,380,60,2018,발전사업용,고양시,2024-03-28
254태양광발전소,경기도 고양시 일산서구 덕산로57번길 68-8,,정상가동,74.16,380,60,2019,발전사업용,고양시,2024-03-28
장진태양광발전소,경기도 고양시 일산동구 장진천길 102,,정상가동,61.88,380,60,2019,발전사업용,고양시,2024-03-28
1346태양광발전소,경기도 고양시 일산서구 법곳길 632-16,,정상가동,11.52,380,60,2018,발전사업용,고양시,2024-03-28
송강,경기도 고양시 덕양구 호국로 1446-20,,정상가동,29.93,380,60,2018,발전사업용,고양시,2024-03-28
청정태양광발전소,경기도 고양시 일산동구 지영로194번길 57-9,,정상가동,58.22,380,60,2019,발전사업용,고양시,2024-03-28
일산광성태양광발전소,경기도 고양시 일산동구 지영로 198,,정상가동,347.9,380,60,2019,발전사업용,고양시,2024-03-28
진흥태양광발전소,경기도 고양시 일산동구 장대길 128-80,,정상가동,148.19,380,60,2019,발전사업용,고양시,2024-03-28
박재관1호태양광발전소,경기도 고양시 일산동구 지영로 200,,정상가동,96.56,380,60,2019,발전사업용,고양시,2024-03-28
박재관2호태양광발전소,경기도 고양시 일산동구 지영로 200,,정상가동,198.8,380,60,2019,발전사업용,고양시,2024-03-28
승근태양광발전소,경기도 고양시 일산동구 공릉천로257번길 56-1,,정상가동,96.56,380,60,2019,발전사업용,고양시,2024-03-28
신성태양광발전소,경기도 고양시 일산동구 장항로 121-10,,정상가동,98.28,380,60,2018,발전사업용,고양시,2024-03-28
고봉8통 마동대동회 태양광발전소,경기도 고양시 일산동구 마골1길 88,,정상가동,12.48,380,60,2019,발전사업용,고양시,2024-03-28
정춘석 남경숙 태양광발전소,경기도 고양시 일산서구 송산로214번길 22,,정상가동,100,380,60,2019,발전사업용,고양시,2024-03-28
동남태양광발전소1호,경기도 고양시 일산동구 성현로268번길 78,,정상가동,99.96,380,60,2019,발전사업용,고양시,2024-03-28
서광태양광발전소,경기도 고양시 일산서구 송파로 176-1,,정상가동,32.76,380,60,2019,발전사업용,고양시,2024-03-28
명1호태양광발전소,경기도 고양시 덕양구 통일로 1113-5,,정상가동,95.85,380,60,2019,발전사업용,고양시,2024-03-28
JH태양광발전소,경기도 고양시 일산동구 문원길 72,,정상가동,99.4,380,60,2019,발전사업용,고양시,2024-03-28
가재울태양광발전소,경기도 고양시 일산서구 송포로391번길 45,,정상가동,99.28,380,60,2019,발전사업용,고양시,2024-03-28
동아태양광발전소,경기도 고양시 덕양구 도내로 13-98,,정상가동,73.92,380,60,2019,발전사업용,고양시,2024-03-28
백두1호태양광발전소,경기도 고양시 덕양구 서오릉로 688-1,,정상가동,28.8,380,60,2019,발전사업용,고양시,2024-03-28
원신5통마을회 태양광발전소,경기도 고양시 덕양구 호국로 1268-28,,정상가동,10.2,380,60,2019,발전사업용,고양시,2024-03-28
고양5통마을회 태양광발전소,경기도 고양시 덕양구 호국로 1668-32,,정상가동,10.2,380,60,2019,발전사업용,고양시,2024-03-28
백두태양광발전소(2호기),"경기도 고양시 덕양구 서오릉로 688, 688-2",,정상가동,40,380,60,2019,발전사업용,고양시,2024-03-28
대한2 태양광발전소,경기도 고양시 일산동구 은마길185번길 100,,정상가동,95.04,380,60,2019,발전사업용,고양시,2024-03-28
그린에너지 자연과 미래 태양광발전소,경기도 고양시 일산서구 곳산길 64,,정상가동,248.64,380,60,2019,발전사업용,고양시,2024-03-28
그린에너지 자연과 미래 태양광발전소,경기도 고양시 일산서구 이산포길 430-33,,정상가동,244.8,380,60,2019,발전사업용,고양시,2024-03-28
성석번영 태양광발전소,경기도 고양시 일산동구 중산로 306-198,,정상가동,33.3,380,60,2019,발전사업용,고양시,2024-03-28
고봉3통마을회 태양광발전소,경기도 고양시 일산동구 공릉천로 366-8,,정상가동,10.2,380,60,2019,발전사업용,고양시,2024-03-28
명2호 태양광발전소,경기도 고양시 덕양구 통일로 1113-7,,정상가동,19.8,380,60,2019,발전사업용,고양시,2024-03-28
고양축산영농조합법인1호태양광발전소,경기도 고양시 일산동구 지영동 562,,정상가동,98.28,380,60,2019,발전사업용,고양시,2024-03-28
고양축산영농조합법인2호태양광발전소,경기도 고양시 일산동구 지영동 562,,정상가동,98.28,380,60,2019,발전사업용,고양시,2024-03-28
고양축산영농조합법인4호태양광발전소,경기도 고양시 일산동구 공릉천로 406-124,,정상가동,98.28,380,60,2019,발전사업용,고양시,2024-03-28
서원이에스태양광발전소,경기도 고양시 일산동구 문봉길 6-48,,정상가동,93.44,380,60,2019,발전사업용,고양시,2024-03-28
남동태양광발전소,경기도 고양시  일산동구 성현로 268번길 78,,정상가동,76.65,380,60,2019,발전사업용,고양시,2024-03-28
정호태양광발전소,경기도 고양시 일산동구 고봉로 778-10,,정상가동,98.55,380,60,2019,발전사업용,고양시,2024-03-28
자미쏠라태양광발전소,경기도 고양시 일산서구 덕산로 107번길 68-59,,정상가동,140.4,380,60,2019,발전사업용,고양시,2024-03-28
규정태양광발전소,경기도 고양시 일산동구 은마길 31-39,,정상가동,98.55,380,60,2019,발전사업용,고양시,2024-03-28
은주태양광발전소,경기도 고양시 일산동구 성현로659번길 180,,정상가동,19.11,380,60,2019,발전사업용,고양시,2024-03-28
승은태양광발전소,"경기도 고양시 일산서구 송포로447번길 66-9, 66-6, 66-5",,정상가동,180.96,380,60,2020,발전사업용,고양시,2024-03-28
내유동태양광발전소,경기도 고양시 덕양구 내유길 124번길 16,,정상가동,31.95,380,60,2019,발전사업용,고양시,2024-03-28
진영태양광발전소,경기도 고양시 일산동구 성석로 355-4,,정상가동,114.975,380,60,2019,발전사업용,고양시,2024-03-28
유산1호태양광발전소,경기도 고양시 덕양구 유산길 104,,정상가동,19.98,380,60,2019,발전사업용,고양시,2024-03-28
창성태양광발전소,경기도 고양시 일산서구 덕이로 292번길 16-22,,정상가동,140.4,380,60,2019,발전사업용,고양시,2024-03-28
원신1통마을회태양광발전소,경기도 고양시 덕양구 공양왕길 12,,정상가동,9.9,380,60,2019,발전사업용,고양시,2024-03-28
고양시민햇빛발전소1호,,"경기도 고양시 일산서구 구산동 1232,1231-1",정상가동,155.4,380,60,2019,발전사업용,고양시,2024-03-28
고양시민햇빛발전소2호,,"경기도 고양시 일산서구 구산동 1030-3, 1030-4, 1031-5, 1031-7, 1032-2, 1032-4",정상가동,165.76,380,60,2019,발전사업용,고양시,2024-03-28
고양시민햇빛발전소3호,,"경기도 고양시 일산서구 구산동 1019-2, 1020-2, 1021-2, 1022-2",정상가동,196.84,380,60,2020,발전사업용,고양시,2024-03-28
충남태양광발전소,경기도 고양시 일산동구 지영로 181번길 97,,정상가동,97.2,380,60,2021,발전사업용,고양시,2024-03-28
태영태양광발전소,경기도 고양시 일산동구 은마길 63번길 25-36,,정상가동,75.84,380,60,2020,발전사업용,고양시,2024-03-28
솔라4 태양광발전소,경기도 고양시 일산동구 탄중로 325-15,,정상가동,72.9,380,60,2020,발전사업용,고양시,2024-03-28
현천태양광발전소,경기도 고양시 덕양구 대덕로 200번길 103-10,,정상가동,28.8,380,60,2020,발전사업용,고양시,2024-03-28
지향태양광발전소,"경기도 고양시 덕양구 대주로 107번길 61-10, 61-14",,정상가동,82.41,380,60,2019,발전사업용,고양시,2024-03-28
대곡태양광발전소,경기도 고양시 덕양구 독곶이길 146,,정상가동,29.6,380,60,2019,발전사업용,고양시,2024-03-28
고봉15통마을회관태양광발전소,경기도 고양시 일산동구 문봉길 34-7,,정상가동,10.35,380,60,2020,발전사업용,고양시,2024-03-28
고봉14통마을회관태양광발전소,경기도 고양시 일산동구 성현로 93번길 58,,정상가동,10.35,380,60,2019,발전사업용,고양시,2024-03-28
고양6경로당태양광발전소,경기도 고양시 덕양구 서리골길 130,,정상가동,9.9,380,60,2019,발전사업용,고양시,2024-03-28
동훈태양광발전소,경기도 고양시 일산동구 성현로 135번안길 126-4,,정상가동,30.66,380,60,2019,발전사업용,고양시,2024-03-28
희원태양광발전소,경기도 고양시 일산서구 송포로 425번길 77,,정상가동,65.52,380,60,2019,발전사업용,고양시,2024-03-28
제이케이태양광발전소,경기도 고양시 일산동구 성현로 135번안길 117-14,,정상가동,19.2,380,60,2020,발전사업용,고양시,2024-03-28
진우태양광발전소,경기도 고양시 일산동구 장항로 203-111,,정상가동,129.6,380,60,2020,발전사업용,고양시,2024-03-28
SK고양백마태양광발전소,경기도 고양시 일산동구 중앙로 990,,정상가동,29.63,380,60,2019,발전사업용,고양시,2024-03-28
승현태양광발전소,경기도 고양시 일산동구 고일로 251번길 69,,정상가동,29.6,380,60,2019,발전사업용,고양시,2024-03-28
한가람태양광발전소,경기도 고양시 일산동구 공릉천로493번길61,,정상가동,99.6,380,60,2019,발전사업용,고양시,2024-03-28
고봉4통마을회관 태양광발전소,경기도 고양시 일산동구 문원길 172,,정상가동,10.35,380,60,2019,발전사업용,고양시,2024-03-28
고봉3통마을회 태양광발전소 2호,경기도 고양시 일산동구 공릉천로 366-8,,정상가동,10.35,380,60,2019,발전사업용,고양시,2024-03-28
인당 태양광발전소,경기도 고양시 덕양구 고골길 116번길 39-45,,정상가동,98,380,60,2022,발전사업용,고양시,2024-03-28
이케아 고양점 태양광발전소,경기도 고양시 덕양구 권율대로 420,,정상가동,994.175,380,60,2022,발전사업용,고양시,2024-03-28
다올1호 태양광발전소,경기도 고양시 덕양구 통일로 1113-46,,정상가동,93.96,380,60,2020,발전사업용,고양시,2024-03-28
다올2호 태양광발전소,경기도 고양시 덕양구 통일로 1113-46,,정상가동,93.96,380,60,2019,발전사업용,고양시,2024-03-28
다담 태양광발전소,경기도 고양시 일산동구  고봉로867번길 63,,정상가동,60.83,380,60,2020,발전사업용,고양시,2024-03-28
햇빛나눔 일산1호 발전소,경기도 고양시 일산동구  은마길185번길 79-1,,정상가동,50.625,380,60,2020,발전사업용,고양시,2024-03-28
강원 태양광발전소,"경기도 고양시 일산서구 법곳길 412-48, 46",,정상가동,56.25,380,60,2020,발전사업용,고양시,2024-03-28
봉명 태양광발전소,경기도 고양시 일산서구 산남로 128-14,,정상가동,33.75,380,60,2020,발전사업용,고양시,2024-03-28
태양기업2호 태양광발전소,"경기도 고양시 일산동구 동국로245번길 35,35-1",,정상가동,98.175,380,60,2021,발전사업용,고양시,2024-03-28
샘물 태양광발전소,경기도 고양시 덕양구 중앙로 64번길 38,,정상가동,19.98,380,60,2020,발전사업용,고양시,2024-03-28
루체하임 태양광발전소,경기도 고양시 덕양구 고양대로1391,,정상가동,87.45,380,60,2020,발전사업용,고양시,2024-03-28
롯데마트 화정점 태양광발전소,경기도 고양시 덕양구 화중로 66,,정상가동,146.25,380,60,2021,발전사업용,고양시,2024-03-28
고양시 농수산물종합유통센터 태양광발전소,경기도 고양시 일산서구 대화로 362 (경사각 0도),,정상가동,978.4,380,60,2020,발전사업용,고양시,2024-03-28
고양축산영농조합법인5호 태양광발전소,경기도 고양시 일산동구 공릉천로 406-124,,정상가동,49.8,380,60,2020,발전사업용,고양시,2024-03-28
유진4호 햇빛발전소,경기도 고양시 덕양구 통일로493번길 35,,정상가동,58.5,380,60,2020,발전사업용,고양시,2024-03-28
세진프라스틱 제1태양광발전소,,"경기도 고양시 일산동구 문봉동 146-5,146-6",정상가동,74.1,380,60,2021,발전사업용,고양시,2024-03-28
세진프라스틱 제2태양광발전소,,경기도 고양시 일산동구 문봉동 146-5,정상가동,74.1,380,60,2021,발전사업용,고양시,2024-03-28
세진프라스틱 제3태양광발전소,경기도 고양시 일산동구 견달산로 395-12,,정상가동,70.59,380,60,2021,발전사업용,고양시,2024-03-28
SJ1호 태양광발전소,경기도 고양시 일산동구  장진천길 211,,정상가동,79.68,380,60,2021,발전사업용,고양시,2024-03-28
SJ2호 태양광발전소,경기도 고양시 일산동구  장진천길 211,,정상가동,79.68,380,60,2020,발전사업용,고양시,2024-03-28
SJ3호 태양광발전소,경기도 고양시 일산동구  장진천길 211,,정상가동,79.68,380,60,2020,발전사업용,고양시,2024-03-28
SJ4호 태양광발전소,경기도 고양시 일산동구  장진천길 211,,정상가동,79.68,380,60,2020,발전사업용,고양시,2024-03-28
썬플라워 태양광발전소,경기도 고양시 일산서구 곳산길 56,,정상가동,98.82,380,60,2020,발전사업용,고양시,2024-03-28
768 태양광발전소,경기도 고양시 일산동구  고봉로702번길 21-9,,정상가동,99,380,60,2020,발전사업용,고양시,2024-03-28
GB 태양광발전소,"경기도 고양시 일산동구 고봉로702번길 21-7,9",,정상가동,99,380,60,2020,발전사업용,고양시,2024-03-28
원 태양광발전소,경기도 고양시 일산동구 고봉로702번길 21-7,,정상가동,99,380,60,2020,발전사업용,고양시,2024-03-28
김경환2호기 태양광발전소,경기도 고양시 일산동구 고봉로 778-13,,정상가동,18.105,380,60,2020,발전사업용,고양시,2024-03-28
고봉11통 마을회 태양광발전소,경기도 고양시 일산동구 원당로499번길 45,,정상가동,16.38,380,60,2020,발전사업용,고양시,2024-03-28
사리재 마을회 태양광발전소,경기도 고양시 일산동구 성현로566,,정상가동,10.92,380,60,2020,발전사업용,고양시,2024-03-28
능곡21통 새마을회 태양광발전소,경기도 고양시 덕양구 호수로223-8,,정상가동,10.92,380,60,2020,발전사업용,고양시,2024-03-28
신양 태양광발전소,경기도 고양시 일산동구 지영로19,,정상가동,78.75,380,60,2020,발전사업용,고양시,2024-03-28
한성 태양광발전소,"경기도 고양시 덕양구 호국로 1873번길42, 42-1",,정상가동,99.6,380,60,2020,발전사업용,고양시,2024-03-28
기에쿱 AFN 지붕 태양광발전소,경기도 고양시 덕양구 대장길50번길 57-24,,정상가동,52.92,380,60,2020,발전사업용,고양시,2024-03-28
엘와이지,경기도 고양시 일산동구 마골1길 14-9,,정상가동,29.6,380,60,2020,발전사업용,고양시,2024-03-28
전숙이 태양광발전소,경기도 고양시 일산동구 마골1길 14-9,,정상가동,29.6,380,60,2020,발전사업용,고양시,2024-03-28
당음 태양광발전소,경기도 고양시 일산서구 덕산로121번길 5,,정상가동,10.125,380,60,2020,발전사업용,고양시,2024-03-28
고양시민참여햇빛발전소 1호기,경기도 고양시 덕양구 혜음로 19-11,,정상가동,69.72,380,60,2020,발전사업용,고양시,2024-03-28
성서합판 태양광발전소,경기도 고양시 일산동구 고봉로814번길 26-15,,정상가동,19.5,380,60,2020,발전사업용,고양시,2024-03-28
백두3호 태양광발전소,경기도 고양시 덕양구 서오릉로 688-3,,정상가동,19.92,380,60,2020,발전사업용,고양시,2024-03-28
원신4통마을회 태양광발전소,경기도 고양시 덕양구 신촌길 155-8,,정상가동,10.54,380,60,2020,발전사업용,고양시,2024-03-28
승현2호 태양광발전소,경기도 고양시 일산동구 고일로251번길 69,,정상가동,19.92,380,60,2020,발전사업용,고양시,2024-03-28
봉명2호 태양광발전소,경기도 고양시 일산서구 산남로 128-14,,정상가동,22.5,380,60,2021,발전사업용,고양시,2024-03-28
보운푸드 태양광발전소,경기도 고양시 일산동구 문봉길62번길 32-51,,정상가동,19.5,380,60,2021,발전사업용,고양시,2024-03-28
탄현제3공용주차장 태양광발전소,경기도 고양시 일산서구 탄중로 244-2,,정상가동,164.64,380,60,2020,발전사업용,고양시,2024-03-28
고양장애인태양광발전소 1호기,,경기도 고양시 일산동구 장항동 660-55,정상가동,206.4,380,60,2020,발전사업용,고양시,2024-03-28
백두4호 태양광발전소,경기도 고양시 덕양구 서오릉로 654-35,,정상가동,12.6,380,60,2020,발전사업용,고양시,2024-03-28
원신3통마을회 태양광발전소,경기도 고양시 덕양구 원당로 359,,정상가동,10.125,380,60,2021,발전사업용,고양시,2024-03-28
새암 태양광발전소,경기도 고양시 일산서구 송산로 576-13,,정상가동,67.2,380,60,2021,발전사업용,고양시,2024-03-28
신성영 태양광발전소,"경기도 고양시 덕양구 고골길84번길2, 고골길 72, 76",,정상가동,99.9,380,60,2020,발전사업용,고양시,2024-03-28
고양시민햇빛발전소4호,,경기도 고양시 덕양구 행주내동 43-1,정상가동,449.085,380,60,2020,발전사업용,고양시,2024-03-28
고양시민참여햇빛발전소 2호기,,경기도 고양시 일산동구 장항동 502-141,정상가동,499.8,380,60,2021,발전사업용,고양시,2024-03-28
사랑제1 태양광발전소,경기도 고양시 일산서구 덕이로276번길 26-9,,정상가동,63.08,380,60,2021,발전사업용,고양시,2024-03-28
사랑제2 태양광발전소,경기도 고양시 일산서구 덕이로276번길 26-20,,정상가동,36.52,380,60,2021,발전사업용,고양시,2024-03-28
KEPCO-3-F35 태진스메트2호 태양광발전소,"경기도 고양시 일산동구  장항로 139-6, 141",,정상가동,198.9,380,60,2021,발전사업용,고양시,2024-03-28
명3호 태양광발전소,경기도 고양시 덕양구 통일로 1113-11,,정상가동,85.5,380,60,2021,발전사업용,고양시,2024-03-28
명4호 태양광발전소,경기도 고양시 덕양구 통일로 1113-11,,정상가동,85.5,380,60,2020,발전사업용,고양시,2024-03-28
명5호 태양광발전소,경기도 고양시 덕양구 통일로 1113-11,,정상가동,76.95,380,60,2021,발전사업용,고양시,2024-03-28
김경환3호기태양광발전소,경기도 고양시 일산동구 고봉로 778-15,,정상가동,85.05,380,60,2022,발전사업용,고양시,2024-03-28
장항태양광발전소,경기도 고양시 일산동구 장대길 56,,정상가동,19.8,380,60,2022,발전사업용,고양시,2024-03-28
연산태양광발전소,경기도 고양시 덕양구 고양대로 1345,,정상가동,19.975,380,60,2021,발전사업용,고양시,2024-03-28
법곳수로 태양광발전소,,경기도 고양시 일산서구 법곳동 203-6,정상가동,500,380,60,2022,발전사업용,고양시,2024-03-28
대화수로 태양광발전소,,경기도 고양시 일산서구 대화동 63-4,정상가동,500,380,60,2022,발전사업용,고양시,2024-03-28
경사로 태양광발전소,경기도 고양시 일산동구 공릉천로 187번길 36-25,,정상가동,80.1,380,60,2015,발전사업용,고양시,2024-03-28
벽제농협 빛모아1호 태양광발전소,경기도 고양시 덕양구 성현로 682,,정상가동,96.75,380,60,2021,발전사업용,고양시,2024-03-28
벽제농협 빛모아2호 태양광발전소,경기도 고양시 덕양구 성현로 682,,정상가동,96.75,380,60,2021,발전사업용,고양시,2024-03-28
성은에너지 태양광발전소,경기도 고양시 일산서구 이산포길 364-60,,정상가동,99,380,60,2021,발전사업용,고양시,2024-03-28
장항 태양광발전소,,경기도 고양시 일산동구 장항동 626-191,정상가동,725.76,380,60,2021,발전사업용,고양시,2024-03-28
고양노옥남발전소,경기도 고양시 덕양구 의장로 29-9,,정상가동,14.96,380,60,2021,발전사업용,고양시,2024-03-28
장항야구장주차장태양광발전소,,경기도 고양시 일산동구 장항동 660-55,정상가동,285.2,380,60,2022,발전사업용,고양시,2024-03-28
세븐발전소,경기도 고양시 덕양구 혜음로107번길 61,,정상가동,45,380,60,2021,발전사업용,고양시,2024-03-28
대자-태양광발전소,경기도 고양시 덕양구 동헌로235번길 129-38,,정상가동,19.565,380,60,2022,발전사업용,고양시,2024-03-28
산황6통태양광발전소,경기도 고양시 일산동구 산황로 178-8,,정상가동,10.125,380,60,2022,발전사업용,고양시,2024-03-28
성진태양광발전소,경기도 고양시 일산동구 동국로 137-12,,정상가동,42.24,380,60,2022,발전사업용,고양시,2024-03-28
비앤에스에프씨 태양광발전소,경기도 고양시 덕양구 강매로 214,,정상가동,19.8,380,60,2022,발전사업용,고양시,2024-03-28
블루 일산2호 발전소,경기도 고양시 일산동구 성현로135번안길 126-49,,정상가동,61.425,380,60,2022,발전사업용,고양시,2024-03-28
블루 일산3호 발전소,경기도 고양시 일산동구 성현로135번안길 126-51,,정상가동,85.085,380,60,2022,발전사업용,고양시,2024-03-28
유산 제2태양광발전소,경기도 고양시 덕양구 유산길 106,,정상가동,19.26,380,60,2021,발전사업용,고양시,2024-03-28
천호 발전소,경기도 고양시 일산동구 사리현로 19-1,,정상가동,11.9,380,60,2022,발전사업용,고양시,2024-03-28
천호2 발전소,경기도 고양시 일산동구 사리현로 19-1,,정상가동,28.9,380,60,2022,발전사업용,고양시,2024-03-28
천호3 발전소,경기도 고양시 일산동구 사리현로 19-1,,정상가동,29.325,380,60,2022,발전사업용,고양시,2024-03-28
플럭스 태양광발전소,경기도 고양시 일산동구 백마로502번길 175,,정상가동,29.12,380,60,2022,발전사업용,고양시,2024-03-28
동경1호 태양광발전소,"경기도 고양시 덕양구 고골길 101, 103",,정상가동,92.92,380,60,2022,발전사업용,고양시,2024-03-28
고양시민햇빛발전소5호,,경기도 고양시 일산서구 대화동 1932-166,정상가동,99.8,380,60,2021,발전사업용,고양시,2024-03-28
코스타단조 1호 발전소,경기도 고양시 일산동구 지영로196번길 139-17,,정상가동,29.575,380,60,2021,발전사업용,고양시,2024-03-28
코스타단조 2호 발전소,경기도 고양시 일산동구 지영로196번길 139-17,,정상가동,29.575,380,60,2021,발전사업용,고양시,2024-03-28
코스타단조 3호 발전소,경기도 고양시 일산동구 지영로196번길 139-17,,정상가동,29.575,380,60,2021,발전사업용,고양시,2024-03-28
현대1호 태양광발전소,경기도 고양시 일산동구 공릉천로473번길 59-31,,정상가동,99.645,380,60,2021,발전사업용,고양시,2024-03-28
현대2호 태양광발전소,경기도 고양시 일산동구 공릉천로473번길 59-31,,정상가동,99.645,380,60,2022,발전사업용,고양시,2024-03-28
현대3호 태양광발전소,경기도 고양시 일산동구 공릉천로473번길 59-31,,정상가동,95.55,380,60,2022,발전사업용,고양시,2024-03-28
덕이축산4호 태양광발전소,경기도 고양시 일산서구 송산로 464-38,,정상가동,99.9,380,60,2022,발전사업용,고양시,2024-03-28
덕이축산5호 태양광발전소,경기도 고양시 일산서구 송산로 464-38,,정상가동,99.9,380,60,2022,발전사업용,고양시,2024-03-28
덕이축산1호 태양광발전소,경기도 고양시 일산서구 송산로 464-38,,정상가동,99.9,380,60,2022,발전사업용,고양시,2024-03-28
덕이축산2호 태양광발전소,경기도 고양시 일산서구 송산로 464-38,,정상가동,99.9,380,60,2022,발전사업용,고양시,2024-03-28
덕이축산3호 태양광발전소,경기도 고양시 일산서구 송산로 464-38,,정상가동,99.9,380,60,2022,발전사업용,고양시,2024-03-28
고양빛모아주민발전소 1호기,,"경기도 고양시 일산서구 대화동 1932-158,160,163,166",정상가동,96.32,380,60,2022,발전사업용,고양시,2024-03-28
고양빛모아주민발전소 2호기,경기도 고양시 일산서구 멱절길 78-118,,정상가동,54.18,380,60,2022,발전사업용,고양시,2024-03-28
신창말 태양광발전소,경기도 고양시 일산동구 공릉천로493번길 25,,정상가동,29.76,380,60,2022,발전사업용,고양시,2024-03-28
서진 태양광발전소,경기도 고양시 일산동구 공릉천로493번길 25,,정상가동,29.76,380,60,2022,발전사업용,고양시,2024-03-28
서진2호 태양광발전소,경기도 고양시 일산동구 공릉천로493번길 20,,정상가동,25.92,380,60,2022,발전사업용,고양시,2024-03-28
재욱 태양광발전소,경기도 고양시 일산동구 공릉천로493번길 23,,정상가동,29.76,380,60,2022,발전사업용,고양시,2024-03-28
일산전기자동차충전소1 태양광발전소,경기도 고양시 일산동구 장항로 31,,정상가동,98.94,380,60,2022,발전사업용,고양시,2024-03-28
일산전기자동차충전소2 태양광발전소,경기도 고양시 일산동구 장항로 31,,정상가동,98.94,380,60,2022,발전사업용,고양시,2024-03-28
세인물류1호 발전소,경기도 고양시 일산동구 지영로 230-1,,정상가동,29.76,380,60,2022,발전사업용,고양시,2024-03-28
세인물류2호 발전소,경기도 고양시 일산동구 지영로 230-1,,정상가동,29.76,380,60,2022,발전사업용,고양시,2024-03-28
금호 태양광발선소,경기도 고양시 일산서구 법곳길 241-22,,정상가동,251.45,380,60,2022,발전사업용,고양시,2024-03-28
고양시민참여햇빛발전소4호기,경기도 고양시 덕양구 원당로392번길 165,,정상가동,99.76,380,60,2022,발전사업용,고양시,2024-03-28
호수A태양광발전소,경기도 고양시 일산서구 덕산로173번길 85-27,,정상가동,29.76,380,60,2022,발전사업용,고양시,2024-03-28
호수B태양광발전소,경기도 고양시 일산서구 덕산로173번길 85-27,,정상가동,29.76,380,60,2022,발전사업용,고양시,2024-03-28
스마트라이프 태양광발전소,경기도 고양시 일산서구 송산로 87,,정상가동,97.44,380,60,2022,발전사업용,고양시,2024-03-28
재권1 태양광발전소,경기도 고양시 일산동구 탑삭골길 371-9,,정상가동,92.16,380,60,2022,발전사업용,고양시,2024-03-28
재권2 태양광발전소,경기도 고양시 일산동구 탑삭골길 371-9,,정상가동,92.16,380,60,2022,발전사업용,고양시,2024-03-28
재권3 태양광발전소,경기도 고양시 일산동구 탑삭골길 371-9,,정상가동,69.12,380,60,2022,발전사업용,고양시,2024-03-28
난아 태양광발전소 1호,경기도 고양시 일산서구 송산로 498-12,,정상가동,99.82,380,60,2022,발전사업용,고양시,2024-03-28
난아 태양광발전소 2호,경기도 고양시 일산서구 송산로 498-12,,정상가동,50.6,380,60,2022,발전사업용,고양시,2024-03-28
이산포 태양광발전소,,"경기도 고양시 일산서구 법곳동 307-3, 1778-1, 1787",정상가동,993.6,380,60,2022,발전사업용,고양시,2024-03-28
고양빛모아주민발전소3호기,,경기도 고양시 일산서구 구산동 676-24,정상가동,381.5,380,60,2022,발전사업용,고양시,2024-03-28
플래그라인 태양광발전소,경기도 고양시 일산동구 문원길170번길 44-10,,정상가동,29.585,380,60,2022,발전사업용,고양시,2024-03-28
유진 태양광발전소,경기도 고양시 덕양구 원당로 109,,정상가동,19.68,380,60,2022,발전사업용,고양시,2024-03-28
세인물류3호 발전소,경기도 고양시 일산동구 지영로 230,,정상가동,56.16,380,60,2022,발전사업용,고양시,2024-03-28
디에이치2호 태양광발전소,"경기도 고양시 일산동구 노첨길 50, 48",,정상가동,83.16,380,60,2022,발전사업용,고양시,2024-03-28
야곱 태양광발전소,경기도 고양시 일산동구 노첨길36번길 51,,정상가동,56.7,380,60,2022,발전사업용,고양시,2024-03-28
디에이치1호 태양광발전소,경기도 고양시 일산동구 노첨길36번길 53,,정상가동,86.4,380,60,2022,발전사업용,고양시,2024-03-28
장항 태양광발전소,"경기도 고양시 일산동구 노첨길36번길 51, 가동",,정상가동,81,380,60,2022,발전사업용,고양시,2024-03-28
노첨 태양광발전소,"경기도 고양시 일산동구 노첨길36번길 51, 나동",,정상가동,81,380,60,2022,발전사업용,고양시,2024-03-28
정혜욱 태양광발전소,경기도 고양시 일산동구 고양대로 864-7,,정상가동,29.58,380,60,2022,발전사업용,고양시,2024-03-28
정원재 태양광발전소,경기도 고양시 일산동구 고양대로 864-7,,정상가동,29.58,380,60,2022,발전사업용,고양시,2024-03-28
SK오일파워 태양광발전소,경기도 고양시 일산동구 고양대로 834,,정상가동,21.84,380,60,2022,발전사업용,고양시,2024-03-28
설문농장1호 태양광발전소,경기도 고양시 일산동구 공릉천로 442-59,,정상가동,96.03,380,60,2022,발전사업용,고양시,2024-03-28
설문농장2호 태양광발전소,경기도 고양시 일산동구 공릉천로 442-59,,정상가동,98.94,380,60,2022,발전사업용,고양시,2024-03-28
설문농장3호 태양광발전소,경기도 고양시 일산동구 공릉천로 442-59,,정상가동,52.38,380,60,2022,발전사업용,고양시,2024-03-28
유노아 태양광발전소,경기도 고양시 일산동구 성석로 90,,정상가동,49.88,380,60,2022,발전사업용,고양시,2024-03-28
서원이에스2호태양광발전소,경기도 고양시 일산동구 고봉로770번길 26-20,,정상가동,87.2,380,60,2022,발전사업용,고양시,2024-03-28
준디자인발전소,경기도 고양시 일산동구 성석동 1026-1,,정상가동,93.38,380,60,2022,발전사업용,고양시,2024-03-28
대한4호 태양광발전소,경기도 고양시 일산동구 성현로135번안길 80-13,,정상가동,174.9,380,60,2022,발전사업용,고양시,2024-03-28
대한5호 태양광발전소,경기도 고양시 일산동구 성현로135번안길 80-7,,정상가동,96.3,380,60,2022,발전사업용,고양시,2024-03-28
경일 태양광발전소,경기도 고양시 일산동구 공릉천로405번길 37,,정상가동,149.76,380,60,2022,발전사업용,고양시,2024-03-28
파란들 태양광발전소,경기도 고양시 덕양구 통일로 1161-59,,정상가동,200.1,380,60,2022,발전사업용,고양시,2024-03-28
덕이3통마을회,경기도 고양시 일산서구 장자길 96,,정상가동,9,380,60,2022,발전사업용,고양시,2024-03-28
능곡동삼성당마을회,경기도 고양시 덕양구 양곡1길 349,,정상가동,9.5,380,60,2022,발전사업용,고양시,2024-03-28
송포8통서촌마을회,경기도 고양시 일산서구 송산로334번길 223,,정상가동,9,380,60,2022,발전사업용,고양시,2024-03-28
고양시민햇빛발전소6호,,경기도 고양시 일산서구 구산동 1963-1,정상가동,300.84,380,60,2022,발전사업용,고양시,2024-03-28
고양시민참여햇빛발전소3호기,경기도 고양시 덕양구 원당로402번길 48,,정상가동,52.2,380,60,2022,발전사업용,고양시,2024-03-28
현대4호 태양광발전소,경기도 고양시 일산동구 공릉천로473번길 59-37,,정상가동,165.41,380,60,2022,발전사업용,고양시,2024-03-28
현천동 제2자유로 태양광발전소,,경기도 고양시 일산동구 현천동 530-5,정상가동,343.36,380,60,2022,발전사업용,고양시,2024-03-28
한원영 태양광발전소,경기도 고양시 덕양구 통일로 755,,정상가동,29.58,380,60,2022,발전사업용,고양시,2024-03-28
고봉4통 마을회관 태양광발전소 2호,경기도 고양시 일산동구 문원길 172,,정상가동,9.03,380,60,2022,발전사업용,고양시,2024-03-28
"풍1,7통경로당 태양광발전소",경기도 고양시 일산동구 숲속마을2로 146,,정상가동,9,380,60,2022,발전사업용,고양시,2024-03-28
흰돌13단지경로당 태양광발전소,경기도 고양시 일산동구 호수로430번길 29-14,,정상가동,10.5,380,60,2022,발전사업용,고양시,2024-03-28
거북뫼경로당 태양광발전소,경기도 고양시 일산서구 구산로69번길 32,,정상가동,13.5,380,60,2022,발전사업용,고양시,2024-03-28
구산 태양광발전소,경기도 고양시 일산서구 송산로131번길 26,,정상가동,999.92,380,60,2022,발전사업용,고양시,2024-03-28
보예 발전소,경기도 고양시 덕양구 무원로 52,,정상가동,58.14,380,60,2022,발전사업용,고양시,2024-03-28
베니체지 태양광발전소,경기도 고양시 일산서구 멱절길 7,,정상가동,62.06,380,60,2022,발전사업용,고양시,2024-03-28
마루비젼1태양광발전소,경기도 고양시 일산동구 성현로268번길 199,,정상가동,99.12,380,60,2022,발전사업용,고양시,2024-03-28
마루비젼2태양광발전소,경기도 고양시 일산동구 성현로268번길 199,,정상가동,49.56,380,60,2022,발전사업용,고양시,2024-03-28
마루비젼3태양광발전소,경기도 고양시 일산동구 성현로268번길 203,,정상가동,49.56,380,60,2022,발전사업용,고양시,2024-03-28
가나1호 태양광발전소,경기도 고양시 일산서구 경의로917번길 28-1,,정상가동,99.12,380,60,2022,발전사업용,고양시,2024-03-28
가나2호 태양광발전소,경기도 고양시 일산서구 경의로917번길 28-1 ,,정상가동,99.12,380,60,2022,발전사업용,고양시,2024-03-28
대성포 태양광발전소,경기도 고양시 일산동구 월현길 109,,정상가동,80.92,380,60,2023,발전사업용,고양시,2024-03-28
밀라노푸드 태양광발전소,경기도 고양시 일산동구 구산로69번길 48. 50,,정상가동,82.705,380,60,2023,발전사업용,고양시,2024-03-28
하늘소리 제1발전소,경기도 고양시 덕양구 동헌로 319-25,,정상가동,29.7,380,60,2023,발전사업용,고양시,2024-03-28
하늘소리 제2발전소,경기도 고양시 덕양구 동헌로 319-25,,정상가동,29.7,380,60,2023,발전사업용,고양시,2024-03-28
하늘소리 제3발전소,경기도 고양시 덕양구 동헌로 319-25,,정상가동,29.7,380,60,2023,발전사업용,고양시,2024-03-28
일품 태양광발전소,경기도 고양시 덕양구 통일로 862,,정상가동,79.46,380,60,2023,발전사업용,고양시,2024-03-28
경주실업 태양광발전소,경기도 고양시 일산서구 송포로425번길 78-23,,정상가동,19.8,380,60,2023,발전사업용,고양시,2024-03-28
비즈솔루션 태양광발전소,경기도 고양시 덕양구 행주로17번길 23-1,,정상가동,19.635,380,60,2023,발전사업용,고양시,2024-03-28
㈜진티앤 태양광발전소 1호,경기도 고양시 일산동구 성석로 277,,정상가동,97.44,380,60,2023,발전사업용,고양시,2024-03-28
㈜진티앤 태양광발전소 2호,경기도 고양시 일산동구 성석로 277,,정상가동,97.44,380,60,2023,발전사업용,고양시,2024-03-28
㈜진티앤 태양광발전소 3호,경기도 고양시 일산동구 성석로 277,,정상가동,97.44,380,60,2023,발전사업용,고양시,2024-03-28
고공상사 태양광발전소,경기도 고양시 일산동구 탑삭골길 371-7,,정상가동,124.95,380,60,2023,발전사업용,고양시,2024-03-28
대원지프랜드1호 태양광발전소,"경기도 고양시 덕양구 주교동 1165-1, 1165-4",,정상가동,99.96,380,60,2023,발전사업용,고양시,2024-03-28
대원지프랜드2호 태양광발전소,"경기도 고양시 덕양구 주교동 1165-1, 1165-4",,정상가동,24.395,380,60,2023,발전사업용,고양시,2024-03-28
조은 태양광발전소,경기도 고양시 덕양구 대자동 769-3,,정상가동,33.32,380,60,2023,발전사업용,고양시,2024-03-28
새안말목장 태양광발전소,"경기도 고양시 일산동구 설문동 1228-1,1228-2,1229,1229-1",,정상가동,96.39,380,60,2023,발전사업용,고양시,2024-03-28
성사동 태양광발전소,"경기도 고양시 덕양구 성사동 196-12, 195-3",,정상가동,41.65,380,60,2023,발전사업용,고양시,2024-03-28
주영 태양광발전소,"경기도 고양시 일산동구 문봉길62번길 32-25,32-15,32-21,32-23",,정상가동,76,380,60,2023,발전사업용,고양시,2024-03-28
설문1호 태양광발전소,경기도 고양시 일산동구 설문동 229-14,,정상가동,16.66,380,60,2023,발전사업용,고양시,2024-03-28
설문2호 태양광발전소,경기도 고양시 일산동구 설문동 229-12,,정상가동,44.625,380,60,2023,발전사업용,고양시,2024-03-28
설문3호 태양광발전소,경기도 고양시 일산동구 설문동 229-11,,정상가동,89.25,380,60,2023,발전사업용,고양시,2024-03-28
설문4호 태양광발전소,"경기도 고양시 일산동구 설문동 230-4, 230-6",,정상가동,73.185,380,60,2023,발전사업용,고양시,2024-03-28
이루테크,경기도 고양시 덕양구 호국로 1387-50,,정상가동,56,380,60,2023,발전사업용,고양시,2024-03-28
민정 태양광발전소,"경기도 고양시 일산동구 식사동 1164-2, 1164-3",,정상가동,92.82,380,60,2023,발전사업용,고양시,2024-03-28
늘품 태양광발전소,경기도 고양시 덕양구 통일로 1179-5,,정상가동,29.75,380,60,2023,발전사업용,고양시,2024-03-28
자연과꿈 농장 2호 태양광발전소,"경기도 고양시 일산동구 설문동 1067,1068",,정상가동,99,380,60,2023,발전사업용,고양시,2024-03-28
자연과꿈 농장 3호 태양광발전소,"경기도 고양시 일산동구 설문동 1067,1068",,정상가동,99,380,60,2023,발전사업용,고양시,2024-03-28
앤커머스 태양광발전소,경기도 고양시 일산서구 덕이동 1137-3,,정상가동,134.47,380,60,2023,발전사업용,고양시,2024-03-28
킨텍스 태양광발전소 1호,경기도 고양시 일산동구 장항동 626-191,,정상가동,235.62,380,60,2023,발전사업용,고양시,2024-03-28
킨텍스 태양광발전소 2호,"경기도 고양시 일산동구 장항동 660-55,660-65-,660-87",,정상가동,336.6,380,60,2023,발전사업용,고양시,2024-03-28
우아 태양광발전소,경기도 고양시 일산동구 성석동 541-2,,정상가동,71.4,380,60,2023,발전사업용,고양시,2024-03-28
주식회사 인터트레이드 1호,경기도 고양시 일산동구 고봉로 658번길 177,,정상가동,99.63,380,60,2023,발전사업용,고양시,2024-03-28
주식회사 인터트레이드 2호,경기도 고양시 일산동구 고봉로 658번길 177,,정상가동,99.63,380,60,2023,발전사업용,고양시,2024-03-28
주식회사 인터트레이드 3호,경기도 고양시 일산동구 고봉로 658번길 177,,정상가동,99.63,380,60,2023,발전사업용,고양시,2024-03-28
백석 태양광발전소,경기도 고양시 일산동구 백석동 503-18 외 11필지,,정상가동,499.96,22900,60,2023,발전사업용,고양시,2024-03-28
고봉2통 에너지 발전소,경기도 고양시 일산동구 공릉천로187번길 66,,정상가동,14,380,60,2023,발전사업용,고양시,2024-03-28
DSM 태양광발전소,경기도 고양시 덕양구 고골길 100-16,,정상가동,147.6,380,60,2023,발전사업용,고양시,2024-03-28
지흥 태양광발전소,"경기도 고양시 일산동구 성석동 1035-51,52,17,31",,정상가동,99.63,380,60,2023,발전사업용,고양시,2024-03-28
지흥2 태양광발전소,"경기도 고양시 일산동구 성석동 1035-51,52,17,31",,정상가동,99.63,380,60,2023,발전사업용,고양시,2024-03-28
비로자나고양햇빛발전소,경기도 고양시 덕양구 대자동 1167-4,,정상가동,42.48,380,60,2023,발전사업용,고양시,2024-03-28
만선 태양광발전소,"경기도 고양시 일산서구 가좌동 153-10,153-11",,정상가동,95.2,380,60,2023,발전사업용,고양시,2024-03-28
성진 태양광발전소,경기도 고양시 덕양구 행주로17번길5-28,,정상가동,99,380,60,2023,발전사업용,고양시,2024-03-28
제일중기,경기도 고양시 덕양구 고골길264번길50,,정상가동,24.99,380,60,2023,발전사업용,고양시,2024-03-28
바름 태양광발전소,경기도 고양시 일산동구 견달산로225번길 85,,정상가동,173.145,380,60,2023,발전사업용,고양시,2024-03-28
SY 태양광발전소,경기도 고양시 일산동구 진밭로70번길48-115,,정상가동,99.96,380,60,2023,발전사업용,고양시,2024-03-28
SY1 태양광발전소,경기도 고양시 일산동구 진밭로70번길48-115,,정상가동,80.325,380,60,2023,발전사업용,고양시,2024-03-28
대명 태양광발전소,경기도 고양시 일산동구 지영로194번길 57-16,,정상가동,28.32,380,60,2023,발전사업용,고양시,2024-03-28
은혜 태양광발전소,경기도 고양시 일산동구 문원길 156,,정상가동,99.6,380,60,2023,발전사업용,고양시,2024-03-28
자연과꿈 농장 4호 태양광발전소,"경기도 고양시 일산동구 설문동 1067,1068",,정상가동,99,380,60,2023,발전사업용,고양시,2024-03-28
자연과꿈 농장 5호 태양광발전소,"경기도 고양시 일산동구 설문동 1067,1068",,정상가동,99,380,60,2023,발전사업용,고양시,2024-03-28
오일파워 주유소 연료전지 발전소,경기도 고양시 일산동구 고양대로 834,,정상가동,330,380,60,2023,발전사업용,고양시,2024-03-28
대자주유소 연료전지 발전소,경기도 고양시 덕양구 통일로 499,,정상가동,450,380,60,2023,발전사업용,고양시,2024-03-28
장항동 제2자유로 사면 태양광발전소,경기도 고양시 일산동구 장항동 515-166,,정상가동,781.2,22900,60,2023,발전사업용,고양시,2024-03-28
김건태 태양광발전소,경기도 고양시 일산동구 성현로135번길 122,,정상가동,99.6,380,60,2023,발전사업용,고양시,2024-03-28
내곡1동새마을회 태양광발전소,경기도 고양시 덕양구 내곡길70번길 3,,정상가동,10,380,60,2023,발전사업용,고양시,2024-03-28
다빛 태양광발전소,경기도 고양시 일산동구 설문동 131-37,,정상가동,85.085,380,60,2023,발전사업용,고양시,2024-03-28
사랑의 전원마을 태양광발전소,경기도 고양시 덕양구 통일로214번안길 7,,정상가동,9,380,60,2023,발전사업용,고양시,2024-03-28
하나에너지,경기도 고양시 덕양구 마상로 32,,정상가동,19.5,380,60,2023,발전사업용,고양시,2024-03-28
덕인 태양광발전소,경기도 고양시 일산동구 장대길 42-15,,정상가동,39,380,60,2023,발전사업용,고양시,2024-03-28
자연과꿈 농장 1호 태양광발전소,"경기도 고양시 일산동구 설문동 1067,1068",,정상가동,99,380,60,2023,발전사업용,고양시,2024-03-28
워시멜로 창릉 전기차 충전소 태양광발전소,경기도 고양시 덕양구 항공대학로 40,,정상가동,99.82,380,60,2023,발전사업용,고양시,2024-03-28
나래진열1호,경기도 고양시 일산동구 은마길 31-29,,정상가동,60,380,60,2023,발전사업용,고양시,2024-03-28
나래진열2호,경기도 고양시 일산동구 은마길 31-29,,정상가동,50,380,60,2023,발전사업용,고양시,2024-03-28
유피2호 태양광발전소,"경기도 고양시 일산동구 사리현동 379-16, 375-1, 379-18",,정상가동,99.96,380,60,2023,발전사업용,고양시,2024-03-28
유피3호 태양광발전소,"경기도 고양시 일산동구 사리현동 379-16, 375-1, 379-18",,정상가동,99.96,380,60,2023,발전사업용,고양시,2024-03-28
태건 태양광발전소,"경기도 고양시 일산서구 구산동 277-2, 277-4, 277-5, 277-12, 283-2, 283-7",,정상가동,397.8,380,60,2023,발전사업용,고양시,2024-03-28
로뎀1호 태양광발전소,경기도 고양시 일산동구 고봉로770번길 225-20,,정상가동,77.49,380,60,2023,발전사업용,고양시,2024-03-28
행보 태양광발전소,경기도 고양시 덕양구 행주산성로116번길 58,,정상가동,80,380,60,2023,발전사업용,고양시,2024-03-28
설문 태양광발전소,경기도 고양시 일산동구 고봉로819번길 50,,정상가동,184.8,380,60,2023,발전사업용,고양시,2024-03-28
일산 태양광발전소,경기도 고양시 일산서구 송산로 486-40,,정상가동,178.8,380,60,2024,발전사업용,고양시,2024-03-28
미래 태양광발전소,경기도 고양시 덕양구 통일로1031번길 366-6,,정상가동,57.475,380,60,2024,발전사업용,고양시,2024-03-28
구산 태양광발전소,경기도 고양시 덕양구 통일로1031번길 366-6,,정상가동,396,380,60,2024,발전사업용,고양시,2024-03-28
진택 태양광발전소,경기도 고양시 일산서구 송포백송길 89,,정상가동,67.86,380,60,2024,발전사업용,고양시,2024-03-28
무진 태양광발전소,경기도 고양시 일산동구 공릉천로 493번길 68,,정상가동,50.82,380,60,2024,발전사업용,고양시,2024-03-28
정글라스 태양광발전소,경기도 고양시 덕양구 흥도로278번길 140,,정상가동,92.5,380,60,2024,발전사업용,고양시,2024-03-28
광야 태양광발전소,경기도 고양시 일산동구 장진천길82번길 71-9,,정상가동,99.6,380,60,2024,발전사업용,고양시,2024-03-28
대곡 태양광발전소,경기도 고양시 덕양구 독곶이길 114,,정상가동,99.55,380,60,2024,발전사업용,고양시,2024-03-28
