허가기관,시군명,발전소명,소재지지번주소,소재지도로명주소,설비용량(KW),사업허가일,사업개시일,위도,경도,데이터기준일
경기도,경기도,우민태양광발전소,경기도 성남시 분당구 구미동 273-6,경기도 성남시 분당구 구미로192번길 18,10.64,2008-01-28,2008-06-10,37.342606,127.127235,2026-05-29
경기도,경기도,신성홀딩스 태양광발전소,경기도 성남시 분당구 백현동 404-1,경기도 성남시 분당구 대왕판교로395번길 8,9.22,2008-08-08,2009-01-12,37.378859,127.101048,2026-05-29
경기도,경기도,지역난방공사판교가압장태양광,경기도 성남시 삼평동 732,경기도 성남시 분당구 대왕판교로644번길 68,55.2,2011-08-29,2011-12-05,37.399602,127.114242,2026-05-29
경기도,경기도,지애산업 태양광발전소,경기도 성남시 분당구 백현동 525,경기도 성남시 분당구 판교역로 50,9.87,2011-11-03,2012-01-12,37.414095,127.122058,2026-05-29
경기도,경기도,(주)신성솔라에너지태양광발전소,경기도 성남시 분당구 백현동 404-6,경기도 성남시 분당구 대왕판교로395번길 8,90,2012-05-31,2012-08-24,37.378859,127.101048,2026-05-29
경기도,경기도,한국지역난방공사분당태양광발전소,경기도 성남시 분당구 분당동 186,경기도 성남시 분당구 분당로 378,70,2012-06-08,2012-07-09,37.365662,127.146747,2026-05-29
경기도,경기도,세연태양광발전소,경기도 성남시 수정구 사송동 539,경기도 성남시 수정구 설개로 93,30,2013-06-18,2014-02-01,37.416264,127.110781,2026-05-29
경기도,성남시,코맥스 태양광발전소,경기도 성남시 중원구 상대원동 513-11,경기도 성남시 중원구 둔촌대로 494,45,2014-08-27,2015-04-30,37.431285,127.171778,2026-05-29
경기도,성남시,성남시민제1햇빛발전소 [성남시민햇빛발전사회적협동조합],경기도 성남시 분당구 수내동 1,경기도 성남시 분당구 분당로 50,28.8,2014-12-16,2015-02-17,37.382634,127.118958,2026-05-29
경기도,경기도,비앤디 발전소,경기도 성남시 수정구 복정동 산 42 동서울대학,"경기도 성남시 수정구 복정로 76, 동서울대학 (복정동)",910,2015-04-15,2016-05-30,37.458262,127.128878,2026-05-29
경기도,성남시,조선일보 2호 태양광발전소 성남사옥,경기도 성남시 중원구 상대원동 233-9,경기도 성남시 중원구 둔촌대로541번길 60,181.66,2016-06-08,2016-10-25,37.437312,127.17665,2026-05-29
경기도,성남시,평화 태양광 발전소,경기도 성남시 중원구 하대원동 125-6,경기도 성남시 중원구 원터로 32,38.52,2017-06-19,2017-12-15,37.430066,127.144719,2026-05-29
경기도,성남시,판교해나 태양광 발전소,경기도 성남시 분당구 판교동 564,경기도 성남시 분당구 서판교로58번길 6,15.12,2018-09-20,2018-11-29,37.391623,127.098978,2026-05-29
경기도,성남시,성남 명성 태양광발전소,경기도 성남시 중원고 상대원동 2995-26,경기도 성남시 중원고 희망로 390,18.5,2019-08-07,2019-09-27,37.440092,127.159857,2026-05-29
경기도,경기도,새마을운동중앙회,경기도 성남시 분당구 율동 200 새마을운동중앙연수원,"경기도 성남시 분당구 새마을로 257, 새마을운동중앙연수원 (율동)",783.9,2015-04-15,2016-05-30,37.393159,127.158687,2026-05-29
경기도,성남시,둔전 태양광발전소 [한국기독교장로회 둔전교회],경기도 성남시 수정구 수진동 4762-56,경기도 성남시 수정구 산성대로 61-1,66.6,2020-01-07,2020-04-20,37.433381,127.12592,2026-05-29
경기도,성남시,분당사업소 제2호 주차장 태양광발전소,경기도 성남시 분당구 분당동 186,경기도 성남시 분당구 분당로 368,81.6,2020-02-05,2020-04-08,37.366385,127.146304,2026-05-29
경기도,성남시,모란차량기지 태양광발전소,경기도 성남시 중원구 여수동 226외 2필지,경기도 성남시 중원구 여수대로 182,391.23,2020-03-04,2020-07-16,37.420434,127.122044,2026-05-29
경기도,성남시,민욱태양광발전소,경기도 성남시 중원구 도촌동 603,경기도 성남시 중원구 도촌로26번길 5,19.92,2020-05-15,2020-07-28,37.420662,127.132543,2026-05-29
경기도,성남시,dopco 태양광발전소,경기도 성남시 분당구 석운동 70-5,경기도 성남시 분당구 안양판교로828번길 201,252,2021-02-10,2021-05-27,37.3721,127.0498,2026-05-29
경기도,성남시,이송태양광발전소,경기도 성남시 수정구 고등동 611-12,경기도 성남시 수정구 청계산로4길 15,19.35,2021-05-18,2022-04-01,37.424585,127.099441,2026-05-29
경기도,성남시,혜성 태양광발전소,경기도 성남시 중원구 금광2동 4354,경기도 성남시 중원구 산성대로372번길 13-1,19.62,2021-09-28,2022-05-01,37.44511,127.15869,2026-05-29
경기도,성남시,염광교회 태양광발전소,경기도 성남시 단대동 76-1,경기도 성남시 수정구 단대로 16번길 2,29.76,2022-03-28,2022-07-11,37.452558,127.158377,2026-05-29
경기도,성남시,도하 태양광발전소,경기도 성남시 중원구 갈현동 160,경기도 성남시 갈현로 43,80.16,2022-04-15,2022-06-09,37.424096,127.177493,2026-05-29
경기도,성남시,신성태양광발전소,경기도 성남시 중원구 은행동 978,경기도 성남시 중원구 산성대로 540,19.72,2022-05-10,2022-07-01,37.458714,127.165251,2026-05-29
경기도,성남시,인스코 태양광발전소,경기도 성남시 분당구 금곡동 113-2,경기도 성남시 분당구 대왕판교로 187,59.95,2022-06-29,2022-10-13,37.360337,127.101097,2026-05-29
경기도,성남시,협신푸드 태양광발전소,경기도 성남시 수정구 사송동 489,경기도 성남시 수정구 동판교로 356,78.54,2023-03-03,,37.413504,127.113885,2026-05-29
경기도,성남시,좋은교회태양광발전소,경기도 성남시 중원구 금광동 1006,경기도 성남시 중원구 금광로34번길 20 (금광동),19.84,2024-05-27,,37.442062,127.163463,2026-05-29
경기도,성남시,행복동행 태양광발전소,경기도 성남시 분당구 야탑동 283-8,경기도 성남시 분당구 벌말로49번길 12 (야탑동),17.78,2025-04-23,,37.412603,127.136993,2026-05-29
경기도,성남시,솔라쉐어85호 태양광발전소,서울특별시 성북구 보문동5가 7,"서울특별시 성북구 보문로 91, 엠투 4층 (보문동5가)",29.76,2025-10-16,,37.583449,127.020008,2026-05-29
경기도,성남시,세계평화통일가정연합 태양광발전소,경기도 성남시 중원구 하대원동 27,경기도 성남시 중원구 마지로 46-8(하대원동),37.7,2022-03-30,,37.427876,127.135092,2026-05-29
