관리번호,발전소명(공단),호기,용량(MW),소재지
1,영덕,1,1.65,경북 영덕군 영덕읍 창포리 산24-3
1,영덕,2,1.65,경북 영덕군 영덕읍 창포리 산24-3
1,영덕,3,1.65,경북 영덕군 영덕읍 창포리 산24-3
1,영덕,4,1.65,경북 영덕군 영덕읍 창포리 산24-3
1,영덕,5,1.65,경북 영덕군 영덕읍 창포리 산24-3
1,영덕,6,1.65,경북 영덕군 영덕읍 창포리 산24-3
1,영덕,7,1.65,경북 영덕군 영덕읍 창포리 산24-3
1,영덕,8,1.65,경북 영덕군 영덕읍 창포리 산24-3
1,영덕,9,1.65,경북 영덕군 영덕읍 창포리 산24-3
1,영덕,10,1.65,경북 영덕군 영덕읍 창포리 산24-3
1,영덕,11,1.65,경북 영덕군 영덕읍 창포리 산24-3
1,영덕,12,1.65,경북 영덕군 영덕읍 창포리 산24-3
1,영덕,13,1.65,경북 영덕군 영덕읍 창포리 산24-3
1,영덕,14,1.65,경북 영덕군 영덕읍 창포리 산24-3
1,영덕,15,1.65,경북 영덕군 영덕읍 창포리 산24-3
1,영덕,16,1.65,경북 영덕군 영덕읍 창포리 산24-3
1,영덕,17,1.65,경북 영덕군 영덕읍 창포리 산24-3
1,영덕,19,1.65,경북 영덕군 영덕읍 창포리 산24-3
1,영덕,22,1.65,경북 영덕군 영덕읍 창포리 산24-3
1,영덕,23,1.65,경북 영덕군 영덕읍 창포리 산24-3
1,영덕,24,1.65,경북 영덕군 영덕읍 창포리 산24-3
1,영덕,25,1.65,경북 영덕군 영덕읍 창포리 산24-3
1,영덕,26,1.65,경북 영덕군 영덕읍 창포리 산24-3
2,신창,1,0.85,제주특별자치도 제주시 구좌읍 행원리 438-3
2,신창,2,0.85,제주특별자치도 제주시 구좌읍 행원리 438-3
3,양양,1,1.5,강원특별자치도 인제군 기린면 진동리 112
3,양양,2,1.5,강원특별자치도 인제군 기린면 진동리 112
4,강원풍력,1,2,강원특별자치도 평창군 대관령면 횡계리 470-3
4,강원풍력,2,2,강원특별자치도 평창군 대관령면 횡계리 470-3
4,강원풍력,3,2,강원특별자치도 평창군 대관령면 횡계리 470-3
4,강원풍력,4,2,강원특별자치도 평창군 대관령면 횡계리 470-3
4,강원풍력,5,2,강원특별자치도 평창군 대관령면 횡계리 470-3
4,강원풍력,6,2,강원특별자치도 평창군 대관령면 횡계리 470-3
4,강원풍력,8,2,강원특별자치도 평창군 대관령면 횡계리 470-3
4,강원풍력,9,2,강원특별자치도 평창군 대관령면 횡계리 470-3
4,강원풍력,10,2,강원특별자치도 평창군 대관령면 횡계리 470-3
4,강원풍력,11,2,강원특별자치도 평창군 대관령면 횡계리 470-3
4,강원풍력,12,2,강원특별자치도 평창군 대관령면 횡계리 470-3
4,강원풍력,13,2,강원특별자치도 평창군 대관령면 횡계리 470-3
4,강원풍력,14,2,강원특별자치도 평창군 대관령면 횡계리 470-3
4,강원풍력,15,2,강원특별자치도 평창군 대관령면 횡계리 470-3
4,강원풍력,16,2,강원특별자치도 평창군 대관령면 횡계리 470-3
4,강원풍력,17,2,강원특별자치도 평창군 대관령면 횡계리 470-3
4,강원풍력,18,2,강원특별자치도 평창군 대관령면 횡계리 470-3
4,강원풍력,19,2,강원특별자치도 평창군 대관령면 횡계리 470-3
4,강원풍력,20,2,강원특별자치도 평창군 대관령면 횡계리 470-3
4,강원풍력,21,2,강원특별자치도 평창군 대관령면 횡계리 470-3
4,강원풍력,22,2,강원특별자치도 평창군 대관령면 횡계리 470-3
4,강원풍력,23,2,강원특별자치도 평창군 대관령면 횡계리 470-3
4,강원풍력,24,2,강원특별자치도 평창군 대관령면 횡계리 470-3
4,강원풍력,25,2,강원특별자치도 평창군 대관령면 횡계리 470-3
4,강원풍력,26,2,강원특별자치도 평창군 대관령면 횡계리 470-3
4,강원풍력,27,2,강원특별자치도 평창군 대관령면 횡계리 470-3
4,강원풍력,28,2,강원특별자치도 평창군 대관령면 횡계리 470-3
4,강원풍력,29,2,강원특별자치도 평창군 대관령면 횡계리 470-3
4,강원풍력,31,2,강원특별자치도 평창군 대관령면 횡계리 470-3
4,강원풍력,32,2,강원특별자치도 평창군 대관령면 횡계리 470-3
4,강원풍력,33,2,강원특별자치도 평창군 대관령면 횡계리 470-3
4,강원풍력,34,2,강원특별자치도 평창군 대관령면 횡계리 470-3
5,월정,-,1.5,제주특별자치도 제주시 구좌읍 월정리 1916
6,전북1,1,0.75,전북 군산시 비응도동 17
6,전북1,2,0.75,전북 군산시 비응도동 17
6,전북1,3,0.75,전북 군산시 비응도동 17
6,전북1,4,0.75,전북 군산시 비응도동 17
6,전북1,5,0.75,전북 군산시 비응도동 17
6,전북1,6,0.75,전북 군산시 비응도동 17
7,전북2,7,0.85,전북 군산시 비응도동 17
7,전북2,8,0.85,전북 군산시 비응도동 17
7,전북2,9,0.85,전북 군산시 비응도동 17
7,전북2,10,0.85,전북 군산시 비응도동 17
8,한경1,1,1.5,제주 제주시 한경면 한경해안로 521
8,한경1,2,1.5,제주 제주시 한경면 한경해안로 521
8,한경1,3,1.5,제주 제주시 한경면 한경해안로 521
9,한경2,5,3,제주 제주시 한경면 한경해안로 521
9,한경2,6,3,제주 제주시 한경면 한경해안로 521
9,한경2,7,3,제주 제주시 한경면 한경해안로 521
9,한경2,8,3,제주 제주시 한경면 한경해안로 521
9,한경2,9,3,제주 제주시 한경면 한경해안로 521
10,태기산,1,2,강원특별자치도 평창군 봉평면 진조리 산 80-8
10,태기산,2,2,강원특별자치도 평창군 봉평면 진조리 산 80-8
10,태기산,3,2,강원특별자치도 평창군 봉평면 진조리 산 80-8
10,태기산,4,2,강원특별자치도 평창군 봉평면 진조리 산 80-8
10,태기산,5,2,강원특별자치도 평창군 봉평면 진조리 산 80-8
10,태기산,6,2,강원특별자치도 평창군 봉평면 진조리 산 80-8
10,태기산,7,2,강원특별자치도 평창군 봉평면 진조리 산 80-8
10,태기산,8,2,강원특별자치도 평창군 봉평면 진조리 산 80-8
10,태기산,9,2,강원특별자치도 평창군 봉평면 진조리 산 80-8
10,태기산,10,2,강원특별자치도 평창군 봉평면 진조리 산 80-8
10,태기산,11,2,강원특별자치도 평창군 봉평면 진조리 산 80-8
10,태기산,12,2,강원특별자치도 평창군 봉평면 진조리 산 80-8
10,태기산,13,2,강원특별자치도 평창군 봉평면 진조리 산 80-8
10,태기산,14,2,강원특별자치도 평창군 봉평면 진조리 산 80-8
10,태기산,15,2,강원특별자치도 평창군 봉평면 진조리 산 80-8
10,태기산,16,2,강원특별자치도 평창군 봉평면 진조리 산 80-8
10,태기산,17,2,강원특별자치도 평창군 봉평면 진조리 산 80-8
10,태기산,18,2,강원특별자치도 평창군 봉평면 진조리 산 80-8
10,태기산,19,2,강원특별자치도 평창군 봉평면 진조리 산 80-8
10,태기산,20,2,강원특별자치도 평창군 봉평면 진조리 산 80-8
11,신안,1,1,전남 신안군 비금면 구림리 220-5
11,신안,2,1,전남 신안군 비금면 구림리 220-5
11,신안,3,1,전남 신안군 비금면 구림리 220-5
12,영양,1,1.5,경북 영양군 영양읍 양구리 산9-7
12,영양,2,1.5,경북 영양군 영양읍 양구리 산9-7
12,영양,3,1.5,경북 영양군 영양읍 양구리 산9-7
12,영양,4,1.5,경북 영양군 영양읍 양구리 산9-7
12,영양,5,1.5,경북 영양군 영양읍 양구리 산9-7
12,영양,6,1.5,경북 영양군 영양읍 양구리 산9-7
12,영양,7,1.5,경북 영양군 영양읍 양구리 산9-7
12,영양,8,1.5,경북 영양군 영양읍 양구리 산9-7
12,영양,9,1.5,경북 영양군 영양읍 양구리 산9-7
12,영양,10,1.5,경북 영양군 영양읍 양구리 산9-7
12,영양,11,1.5,경북 영양군 영양읍 양구리 산9-7
12,영양,12,1.5,경북 영양군 영양읍 양구리 산9-7
12,영양,13,1.5,경북 영양군 영양읍 양구리 산9-7
12,영양,14,1.5,경북 영양군 영양읍 양구리 산9-7
12,영양,15,1.5,경북 영양군 영양읍 양구리 산9-7
12,영양,16,1.5,경북 영양군 영양읍 양구리 산9-7
12,영양,17,1.5,경북 영양군 영양읍 양구리 산9-7
12,영양,18,1.5,경북 영양군 영양읍 양구리 산9-7
12,영양,19,1.5,경북 영양군 영양읍 양구리 산9-7
12,영양,20,1.5,경북 영양군 영양읍 양구리 산9-7
12,영양,21,1.5,경북 영양군 영양읍 양구리 산9-7
12,영양,22,1.5,경북 영양군 영양읍 양구리 산9-7
12,영양,23,1.5,경북 영양군 영양읍 양구리 산9-7
12,영양,24,1.5,경북 영양군 영양읍 양구리 산9-7
12,영양,25,1.5,경북 영양군 영양읍 양구리 산9-7
12,영양,26,1.5,경북 영양군 영양읍 양구리 산9-7
12,영양,27,1.5,경북 영양군 영양읍 양구리 산9-7
12,영양,28,1.5,경북 영양군 영양읍 양구리 산9-7
12,영양,29,1.5,경북 영양군 영양읍 양구리 산9-7
12,영양,30,1.5,경북 영양군 영양읍 양구리 산9-7
12,영양,31,1.5,경북 영양군 영양읍 양구리 산9-7
12,영양,32,1.5,경북 영양군 영양읍 양구리 산9-7
12,영양,33,1.5,경북 영양군 영양읍 양구리 산9-7
12,영양,34,1.5,경북 영양군 영양읍 양구리 산9-7
12,영양,35,1.5,경북 영양군 영양읍 양구리 산9-7
12,영양,36,1.5,경북 영양군 영양읍 양구리 산9-7
12,영양,37,1.5,경북 영양군 영양읍 양구리 산9-7
12,영양,38,1.5,경북 영양군 영양읍 양구리 산9-7
12,영양,39,1.5,경북 영양군 영양읍 양구리 산9-7
12,영양,40,1.5,경북 영양군 영양읍 양구리 산9-7
12,영양,41,1.5,경북 영양군 영양읍 양구리 산9-7
13,성산1,1,2,제주특별자치도 서귀포시 성산읍 금백조로 310-40
13,성산1,2,2,제주특별자치도 서귀포시 성산읍 금백조로 310-40
13,성산1,3,2,제주특별자치도 서귀포시 성산읍 금백조로 310-40
13,성산1,4,2,제주특별자치도 서귀포시 성산읍 금백조로 310-40
13,성산1,5,2,제주특별자치도 서귀포시 성산읍 금백조로 310-40
13,성산1,6,2,제주특별자치도 서귀포시 성산읍 금백조로 310-40
14,군산(새만금),-,2,전북 군산시 소룡동 1588-7
15,삼달,1,3,제주특별자치도 서귀포시 표선면 성읍리 371-3
15,삼달,2,3,제주특별자치도 서귀포시 표선면 성읍리 371-3
15,삼달,3,3,제주특별자치도 서귀포시 표선면 성읍리 371-3
15,삼달,4,3,제주특별자치도 서귀포시 표선면 성읍리 371-3
15,삼달,5,3,제주특별자치도 서귀포시 표선면 성읍리 371-3
15,삼달,6,3,제주특별자치도 서귀포시 표선면 성읍리 371-3
15,삼달,7,3,제주특별자치도 서귀포시 표선면 성읍리 371-3
15,삼달,8,3,제주특별자치도 서귀포시 표선면 성읍리 371-3
15,삼달,9,3,제주특별자치도 서귀포시 표선면 성읍리 371-3
15,삼달,10,3,제주특별자치도 서귀포시 표선면 성읍리 371-3
15,삼달,11,3,제주특별자치도 서귀포시 표선면 성읍리 371-3
16,김녕,2,0.75,제주특별자치도 제주시 구좌읍 월정리 1400-17
17,시화-방아머리,1,1.5,경기도 안산시 단원구 대부황금로 1546
17,시화-방아머리,2,1.5,경기도 안산시 단원구 대부황금로 1546
18,영월접산,1,0.75,강원특별자치도 영월군 영월읍 거운리 881-1
18,영월접산,2,0.75,강원특별자치도 영월군 영월읍 거운리 881-1
20,성산2,7,2,제주특별자치도 서귀포시 성산읍 금백조로 310-40
20,성산2,8,2,제주특별자치도 서귀포시 성산읍 금백조로 310-40
20,성산2,9,2,제주특별자치도 서귀포시 성산읍 금백조로 310-40
20,성산2,10,2,제주특별자치도 서귀포시 성산읍 금백조로 310-40
21,영흥1,1,3,인천 옹진군 영흥면 외리 915-7
21,영흥1,2,2,인천 옹진군 영흥면 외리 915-7
21,영흥1,3,2.5,인천 옹진군 영흥면 외리 915-7
21,영흥1,4,2,인천 옹진군 영흥면 외리 915-7
21,영흥1,5,2.5,인천 옹진군 영흥면 외리 915-7
21,영흥1,6,3,인천 옹진군 영흥면 외리 915-7
21,영흥1,7,2.5,인천 옹진군 영흥면 외리 915-7
21,영흥1,8,2,인천 옹진군 영흥면 외리 915-7
21,영흥1,9,2.5,인천 옹진군 영흥면 외리 915-7
22,대명양산,1,1.5,경남 양산시 어곡동 2091-60
22,대명양산,2,1.5,경남 양산시 어곡동 2091-59
24,희승풍력,1,1.5,경북 포항시 남구 장기면 두원리 24-2
25,경인항,1,1.5,인천 서구 오류동 1585
25,경인항,2,1.5,인천 서구 오류동 1585
26,대불,1,0.75,전남 영암군 삼호읍 난전리 1721-1
27,용대 1차,1,0.75,강원특별자치도 인제군 북면 황태길 77
27,용대 1차,2,0.75,강원특별자치도 인제군 북면 황태길 77
27,용대 1차,3,0.75,강원특별자치도 인제군 북면 황태길 77
27,용대 1차,4,0.75,강원특별자치도 인제군 북면 황태길 77
28,용대 2차,5,0.75,강원특별자치도 인제군 북면 황태길 77
28,용대 2차,6,0.75,강원특별자치도 인제군 북면 황태길 77
28,용대 2차,7,1.5,강원특별자치도 인제군 북면 황태길 77
29,가시리,1,0.75,제주특별자치도 서귀포시 표선면 가시리 산 45-1
29,가시리,2,0.75,제주특별자치도 서귀포시 표선면 가시리 산 45-1
29,가시리,3,0.75,제주특별자치도 서귀포시 표선면 가시리 산 45-1
29,가시리,4,0.75,제주특별자치도 서귀포시 표선면 가시리 산 45-1
29,가시리,5,0.75,제주특별자치도 서귀포시 표선면 가시리 산 45-1
29,가시리,6,0.75,제주특별자치도 서귀포시 표선면 가시리 산 45-1
29,가시리,7,1.5,제주특별자치도 서귀포시 표선면 가시리 산 45-1
29,가시리,8,1.5,제주특별자치도 서귀포시 표선면 가시리 산 45-1
29,가시리,9,1.5,제주특별자치도 서귀포시 표선면 가시리 산 45-1
29,가시리,10,1.5,제주특별자치도 서귀포시 표선면 가시리 산 45-1
29,가시리,11,1.5,제주특별자치도 서귀포시 표선면 가시리 산 45-1
29,가시리,12,1.5,제주특별자치도 서귀포시 표선면 가시리 산 45-1
29,가시리,13,1.5,제주특별자치도 서귀포시 표선면 가시리 산 45-1
30,태백,1,2,강원특별자치도 태백시 하사미동 산 37-1
30,태백,2,2,강원특별자치도 태백시 하사미동 산 37-1
30,태백,3,2,강원특별자치도 태백시 하사미동 산 37-1
30,태백,4,2,강원특별자치도 태백시 하사미동 산 37-1
30,태백,5,2,강원특별자치도 태백시 하사미동 산 37-1
30,태백,6,2,강원특별자치도 태백시 하사미동 산 37-1
30,태백,8,2,강원특별자치도 태백시 하사미동 산 37-1
30,태백,9,2,강원특별자치도 태백시 하사미동 산 37-1
31,경주,1,2.4,경북 경주시 문무대왕면 장항리 산599-21
31,경주,2,2.4,경북 경주시 문무대왕면 장항리 산599-21
31,경주,3,2.4,경북 경주시 문무대왕면 장항리 산599-21
31,경주,4,2.4,경북 경주시 문무대왕면 장항리 산599-21
31,경주,5,2.4,경북 경주시 문무대왕면 장항리 산599-21
31,경주,6,2.4,경북 경주시 문무대왕면 장항리 산599-21
31,경주,7,2.4,경북 경주시 문무대왕면 장항리 산599-21
32,영광지산,-,3,전남 영광군 백수읍 지산리 1508-3
34,신안복합,1,3,전남 신안군 지도읍 태천리 941-2
34,신안복합,2,3,전남 신안군 지도읍 태천리 941-2
34,신안복합,3,3,전남 신안군 지도읍 태천리 941-2
35,창죽1,1,2,강원특별자치도 태백시 황지동 287-75
35,창죽1,2,2,강원특별자치도 태백시 황지동 287-75
35,창죽1,3,2,강원특별자치도 태백시 황지동 287-75
35,창죽1,7,2,강원특별자치도 태백시 황지동 287-75
35,창죽1,8,2,강원특별자치도 태백시 황지동 287-75
36,창죽2,4,2,강원특별자치도 태백시 황지동 287-75
36,창죽2,5,2,강원특별자치도 태백시 황지동 287-75
37,창죽3,6,2,강원특별자치도 태백시 황지동 287-75
38,행원마을,-,2,제주특별자치도 제주시 구좌읍 행원리 349-4
39,대관령2,1,2,강원특별자치도 평창군 대관령면 경강로 5754
40,영흥2,#10(#1) ,3,인천 옹진군 영흥면 외리 915-7
40,영흥2,#11(#2) ,3,인천 옹진군 영흥면 외리 915-7
40,영흥2,#12(#3) ,3,인천 옹진군 영흥면 외리 915-7
40,영흥2,#13(#4) ,3,인천 옹진군 영흥면 외리 915-7
40,영흥2,#14(#5) ,3,인천 옹진군 영흥면 외리 915-7
40,영흥2,#15(#6) ,3,인천 옹진군 영흥면 외리 915-7
40,영흥2,#16(#7) ,3,인천 옹진군 영흥면 외리 915-7
40,영흥2,#17(#8) ,3,인천 옹진군 영흥면 외리 915-7
41,대명영암,1,2,전남 영암군 금정면 연보리 산192-5
41,대명영암,2,2,전남 영암군 금정면 연보리 산192-5
41,대명영암,3,2,전남 영암군 금정면 연보리 산192-5
41,대명영암,4,2,전남 영암군 금정면 연보리 산192-5
41,대명영암,5,2,전남 영암군 금정면 연보리 산192-5
41,대명영암,6,2,전남 영암군 금정면 연보리 산192-5
41,대명영암,7,2,전남 영암군 금정면 연보리 산192-5
41,대명영암,8,2,전남 영암군 금정면 연보리 산192-5
41,대명영암,9,2,전남 영암군 금정면 연보리 산192-5
41,대명영암,10,2,전남 영암군 금정면 연보리 산192-5
41,대명영암,11,2,전남 영암군 금정면 연보리 산192-5
41,대명영암,12,2,전남 영암군 금정면 연보리 산192-5
41,대명영암,13,2,전남 영암군 금정면 연보리 산192-5
41,대명영암,14,2,전남 영암군 금정면 연보리 산192-5
41,대명영암,15,2,전남 영암군 금정면 연보리 산192-5
41,대명영암,16,2,전남 영암군 금정면 연보리 산192-5
41,대명영암,17,2,전남 영암군 금정면 연보리 산192-5
41,대명영암,18,2,전남 영암군 금정면 연보리 산192-5
41,대명영암,19,2,전남 영암군 금정면 연보리 산192-5
41,대명영암,20,2,전남 영암군 금정면 연보리 산192-5
42,호남,1,2,전남 영광군 백수읍 하사리 2518
42,호남,2,2,전남 영광군 백수읍 하사리 2518
42,호남,3,2,전남 영광군 백수읍 하사리 2518
42,호남,4,2,전남 영광군 백수읍 하사리 2518
42,호남,5,2,전남 영광군 백수읍 하사리 2518
42,호남,6,2,전남 영광군 백수읍 하사리 2518
42,호남,7,2,전남 영광군 백수읍 하사리 2518
42,호남,8,2,전남 영광군 백수읍 하사리 2518
42,호남,9,2,전남 영광군 백수읍 하사리 2518
42,호남,10,2,전남 영광군 백수읍 하사리 2518
43,행원,4,2,제주특별자치도 제주시 구좌읍 행원리 438-3
43,행원,5,1.5,제주특별자치도 제주시 구좌읍 행원리 438-3
43,행원,11,0.75,제주특별자치도 제주시 구좌읍 행원리 438-3
43,행원,13,0.66,제주특별자치도 제주시 구좌읍 행원리 438-3
43,행원,14,0.66,제주특별자치도 제주시 구좌읍 행원리 438-3
43,행원,15,0.66,제주특별자치도 제주시 구좌읍 행원리 438-3
43,행원,16,1.65,제주특별자치도 제주시 구좌읍 행원리 438-3
44,윈드밀양산,1,2.5,경남 양산시 어곡동 2091-46
44,윈드밀양산,2,2.5,경남 양산시 어곡동 2091-46
44,윈드밀양산,4,2.5,경남 양산시 어곡동 2091-46
45,가사도,,0.1,전남 진도군 조도면 가사도리 130-1
45,가사도,,0.1,전남 진도군 조도면 가사도리 130-1
45,가사도,,0.1,전남 진도군 조도면 가사도리 130-1
45,가사도,,0.1,전남 진도군 조도면 가사도리 130-1
46,감포댐,-,2,경북 경주시 감포읍 오류리 64-2
47,새만금가력,1,1.5,전북 부안군 변산면 대항리 594
47,새만금가력,2,1.5,전북 부안군 변산면 대항리 594
48,대관령3,-,1.65,강원특별자치도 평창군 대관령면 경강로 5754
49,SK가시리,1,3,제주특별자치도 서귀포시 표선면 가시리 산 45-1
49,SK가시리,2,3,제주특별자치도 서귀포시 표선면 가시리 산 45-1
49,SK가시리,3,3,제주특별자치도 서귀포시 표선면 가시리 산 45-1
49,SK가시리,4,3,제주특별자치도 서귀포시 표선면 가시리 산 45-1
49,SK가시리,5,3,제주특별자치도 서귀포시 표선면 가시리 산 45-1
49,SK가시리,6,3,제주특별자치도 서귀포시 표선면 가시리 산 45-1
49,SK가시리,7,3,제주특별자치도 서귀포시 표선면 가시리 산 45-1
49,SK가시리,8,3,제주특별자치도 서귀포시 표선면 가시리 산 45-1
49,SK가시리,9,3,제주특별자치도 서귀포시 표선면 가시리 산 45-1
49,SK가시리,10,3,제주특별자치도 서귀포시 표선면 가시리 산 45-1
50,월정마을,-,3,제주특별자치도 제주시 구좌읍 월정리 1400-45
51,영광백수,1,2,전남 영광군 백수읍 하사리 2551
51,영광백수,2,2,전남 영광군 백수읍 하사리 2551
51,영광백수,3,2,전남 영광군 백수읍 하사리 2551
51,영광백수,4,2,전남 영광군 백수읍 하사리 2551
51,영광백수,5,2,전남 영광군 백수읍 하사리 2551
51,영광백수,6,2,전남 영광군 백수읍 하사리 2551
51,영광백수,7,2,전남 영광군 백수읍 하사리 2551
51,영광백수,8,2,전남 영광군 백수읍 하사리 2551
51,영광백수,9,2,전남 영광군 백수읍 하사리 2551
51,영광백수,10,2,전남 영광군 백수읍 하사리 2551
51,영광백수,11,2,전남 영광군 백수읍 하사리 2551
51,영광백수,12,2,전남 영광군 백수읍 하사리 2551
51,영광백수,13,2,전남 영광군 백수읍 하사리 2551
51,영광백수,14,2,전남 영광군 백수읍 하사리 2551
51,영광백수,15,2,전남 영광군 백수읍 하사리 2551
51,영광백수,16,2,전남 영광군 백수읍 하사리 2551
51,영광백수,17,2,전남 영광군 백수읍 하사리 2551
51,영광백수,18,2,전남 영광군 백수읍 하사리 2551
51,영광백수,19,2,전남 영광군 백수읍 하사리 2551
51,영광백수,20,2,전남 영광군 백수읍 하사리 2551
52,제주김녕,1,3,제주특별자치도 제주시 구좌읍 김녕리 산 70-2
52,제주김녕,2,3,제주특별자치도 제주시 구좌읍 김녕리 산 70-2
52,제주김녕,3,3,제주특별자치도 제주시 구좌읍 김녕리 산 70-2
52,제주김녕,4,3,제주특별자치도 제주시 구좌읍 김녕리 산 70-2
52,제주김녕,5,3,제주특별자치도 제주시 구좌읍 김녕리 산 70-2
52,제주김녕,6,3,제주특별자치도 제주시 구좌읍 김녕리 산 70-2
52,제주김녕,7,3,제주특별자치도 제주시 구좌읍 김녕리 산 70-2
52,제주김녕,8,3,제주특별자치도 제주시 구좌읍 김녕리 산 70-2
52,제주김녕,9,3,제주특별자치도 제주시 구좌읍 김녕리 산 70-2
52,제주김녕,10,3,제주특별자치도 제주시 구좌읍 김녕리 산 70-2
53,동복북촌,1,2,제주특별자치도 제주시 구좌읍 김녕리 5160-110
53,동복북촌,2,2,제주특별자치도 제주시 구좌읍 김녕리 5160-110
53,동복북촌,3,2,제주특별자치도 제주시 구좌읍 김녕리 5160-110
53,동복북촌,4,2,제주특별자치도 제주시 구좌읍 김녕리 5160-110
53,동복북촌,5,2,제주특별자치도 제주시 구좌읍 김녕리 5160-110
53,동복북촌,6,2,제주특별자치도 제주시 구좌읍 김녕리 5160-110
53,동복북촌,7,2,제주특별자치도 제주시 구좌읍 김녕리 5160-110
53,동복북촌,8,2,제주특별자치도 제주시 구좌읍 김녕리 5160-110
53,동복북촌,9,2,제주특별자치도 제주시 구좌읍 김녕리 5160-110
53,동복북촌,10,2,제주특별자치도 제주시 구좌읍 김녕리 5160-110
53,동복북촌,11,2,제주특별자치도 제주시 구좌읍 김녕리 5160-110
53,동복북촌,12,2,제주특별자치도 제주시 구좌읍 김녕리 5160-110
53,동복북촌,13,2,제주특별자치도 제주시 구좌읍 김녕리 5160-110
53,동복북촌,14,2,제주특별자치도 제주시 구좌읍 김녕리 5160-110
53,동복북촌,15,2,제주특별자치도 제주시 구좌읍 김녕리 5160-110
54,GS영양,1,3.3,경북 영양군 영양읍 무창리 산 168(무네미교)
54,GS영양,2,3.3,경북 영양군 영양읍 무창리 산 168(무네미교)
54,GS영양,3,3.3,경북 영양군 영양읍 무창리 산 168(무네미교)
54,GS영양,4,3.3,경북 영양군 영양읍 무창리 산 168(무네미교)
54,GS영양,5,3.3,경북 영양군 영양읍 무창리 산 168(무네미교)
54,GS영양,6,3.3,경북 영양군 영양읍 무창리 산 168(무네미교)
54,GS영양,7,3.3,경북 영양군 영양읍 무창리 산 168(무네미교)
54,GS영양,8,3.3,경북 영양군 영양읍 무창리 산 168(무네미교)
54,GS영양,9,3.3,경북 영양군 영양읍 무창리 산 168(무네미교)
54,GS영양,10,3.3,경북 영양군 영양읍 무창리 산 168(무네미교)
54,GS영양,11,3.3,경북 영양군 영양읍 무창리 산 168(무네미교)
54,GS영양,12,3.3,경북 영양군 영양읍 무창리 산 168(무네미교)
54,GS영양,13,3.3,경북 영양군 영양읍 무창리 산 168(무네미교)
54,GS영양,14,3.3,경북 영양군 영양읍 무창리 산 168(무네미교)
54,GS영양,15,3.3,경북 영양군 영양읍 무창리 산 168(무네미교)
54,GS영양,16,3.3,경북 영양군 영양읍 무창리 산 168(무네미교)
54,GS영양,17,3.3,경북 영양군 영양읍 무창리 산 168(무네미교)
54,GS영양,18,3.3,경북 영양군 영양읍 무창리 산 168(무네미교)
55,군산산단,1,1.65,전라북도 군산시 외항로 1245
55,군산산단,2,1.65,전라북도 군산시 외항로 1245
55,군산산단,3,1.65,전라북도 군산시 외항로 1245
56,부안,-,1.65,전북 부안군 하서면 백련리 1238
57,화순,1,2,전남 화순군 동면 청궁리 408
57,화순,2,2,전남 화순군 동면 청궁리 408
57,화순,3,2,전남 화순군 동면 청궁리 408
57,화순,4,2,전남 화순군 동면 청궁리 408
57,화순,5,2,전남 화순군 동면 청궁리 408
57,화순,6,2,전남 화순군 동면 청궁리 408
57,화순,7,2,전남 화순군 동면 청궁리 408
57,화순,8,2,전남 화순군 동면 청궁리 408
58,하장,1,1.5,강원특별자치도 삼척시 하장면 판문길 717-10
58,하장,2,1.5,강원특별자치도 삼척시 하장면 판문길 717-10
59,거창,1,2,경남 거창군 신원면 덕산리 214-2
59,거창,2,2,경남 거창군 신원면 덕산리 214-2
59,거창,3,2,경남 거창군 신원면 덕산리 214-2
59,거창,4,2,경남 거창군 신원면 덕산리 214-2
59,거창,5,2,경남 거창군 신원면 덕산리 214-2
59,거창,6,2,경남 거창군 신원면 덕산리 214-2
59,거창,7,2,경남 거창군 신원면 덕산리 214-2
60,평창,1,2,강원특별자치도 평창군 미탄면 새터길 61
60,평창,2,2,강원특별자치도 평창군 미탄면 새터길 61
60,평창,3,2,강원특별자치도 평창군 미탄면 새터길 61
60,평창,4,2,강원특별자치도 평창군 미탄면 새터길 61
60,평창,5,2,강원특별자치도 평창군 미탄면 새터길 61
60,평창,6,2,강원특별자치도 평창군 미탄면 새터길 61
60,평창,7,2,강원특별자치도 평창군 미탄면 새터길 61
60,평창,8,2,강원특별자치도 평창군 미탄면 새터길 61
60,평창,9,2,강원특별자치도 평창군 미탄면 새터길 61
60,평창,10,2,강원특별자치도 평창군 미탄면 새터길 61
60,평창,11,2,강원특별자치도 평창군 미탄면 새터길 61
60,평창,12,2,강원특별자치도 평창군 미탄면 새터길 61
60,평창,13,2,강원특별자치도 평창군 미탄면 새터길 61
60,평창,14,2,강원특별자치도 평창군 미탄면 새터길 61
60,평창,15,2,강원특별자치도 평창군 미탄면 새터길 61
61,의령,1,0.75,경남 의령군 궁류면 운계리 81
61,의령,2,0.75,경남 의령군 궁류면 운계리 81
61,의령,3,0.75,경남 의령군 궁류면 운계리 81
61,의령,4,0.75,경남 의령군 궁류면 운계리 81
61,의령,5,0.75,경남 의령군 궁류면 운계리 81
61,의령,6,0.75,경남 의령군 궁류면 운계리 81
61,의령,7,0.75,경남 의령군 궁류면 운계리 81
61,의령,8,0.75,경남 의령군 궁류면 운계리 81
61,의령,9,0.75,경남 의령군 궁류면 운계리 81
61,의령,10,0.75,경남 의령군 궁류면 운계리 81
61,의령,11,0.75,경남 의령군 궁류면 운계리 81
61,의령,12,0.75,경남 의령군 궁류면 운계리 81
61,의령,13,0.75,경남 의령군 궁류면 운계리 81
61,의령,14,0.75,경남 의령군 궁류면 운계리 81
61,의령,15,0.75,경남 의령군 궁류면 운계리 81
61,의령,16,0.75,경남 의령군 궁류면 운계리 81
61,의령,17,0.75,경남 의령군 궁류면 운계리 81
61,의령,18,0.75,경남 의령군 궁류면 운계리 81
61,의령,19,0.75,경남 의령군 궁류면 운계리 81
61,의령,20,0.75,경남 의령군 궁류면 운계리 81
61,의령,21,0.75,경남 의령군 궁류면 운계리 81
61,의령,22,0.75,경남 의령군 궁류면 운계리 81
61,의령,23,0.75,경남 의령군 궁류면 운계리 81
61,의령,24,0.75,경남 의령군 궁류면 운계리 81
61,의령,25,0.75,경남 의령군 궁류면 운계리 81
62,여수금성,1,2.3,전남 여수시 돌산읍 금성리 산 154
62,여수금성,2,0.75,전남 여수시 돌산읍 금성리 산 154
63,고원,1,3,강원특별자치도 태백시 고무덕길 산 150-1번지
63,고원,2,3,강원특별자치도 태백시 고무덕길 산 150-1번지
63,고원,3,3,강원특별자치도 태백시 고무덕길 산 150-1번지
63,고원,4,3,강원특별자치도 태백시 고무덕길 산 150-1번지
63,고원,5,3,강원특별자치도 태백시 고무덕길 산 150-1번지
63,고원,6,3,강원특별자치도 태백시 고무덕길 산 150-1번지
64,제주상명,1,3,제주특별자치도 제주시 한림읍 상명리 121-5
64,제주상명,2,3,제주특별자치도 제주시 한림읍 상명리 121-5
64,제주상명,3,3,제주특별자치도 제주시 한림읍 상명리 121-5
64,제주상명,4,3,제주특별자치도 제주시 한림읍 상명리 121-5
64,제주상명,5,3,제주특별자치도 제주시 한림읍 상명리 121-5
64,제주상명,6,3,제주특별자치도 제주시 한림읍 상명리 121-5
64,제주상명,7,3,제주특별자치도 제주시 한림읍 상명리 121-5
65,홍성모산도,-,2,충남 홍성군 서부면 신리 652-3
66,영광약수,1,3.3,전남 영광군 백수읍 지산리 1514
66,영광약수,2,3.3,전남 영광군 백수읍 지산리 1514
66,영광약수,3,3.3,전남 영광군 백수읍 지산리 1514
66,영광약수,4,3.3,전남 영광군 백수읍 지산리 1514
66,영광약수,5,3.3,전남 영광군 백수읍 지산리 1514
66,영광약수,6,3.3,전남 영광군 백수읍 지산리 1514
67,하장2,1,2.3,강원특별자치도 삼척시 하장면 판문길 717-10
67,하장2,2,0.7,강원특별자치도 삼척시 하장면 판문길 717-10
68,GS천북,1,2.35,경북 경주시 천북면 화산리 1295-3
68,GS천북,2,2.35,경북 경주시 천북면 화산리 1295-3
68,GS천북,3,2.35,경북 경주시 천북면 화산리 1295-3
69,경주강동,1,2.35,경상북도 경주시 강동면 강동산단로 43-3
69,경주강동,2,2.35,경상북도 경주시 강동면 강동산단로 43-3
69,경주강동,3,2.35,경상북도 경주시 강동면 강동산단로 43-3
70,어곡,-,2.08,경남 양산시 어곡동 2091-28
71,강릉대기리,1,2,강원특별자치도 강릉시 왕산면 안반데기길 461
71,강릉대기리,2,2,강원특별자치도 강릉시 왕산면 안반데기길 461
71,강릉대기리,3,2,강원특별자치도 강릉시 왕산면 안반데기길 461
71,강릉대기리,4,2,강원특별자치도 강릉시 왕산면 안반데기길 461
71,강릉대기리,5,2,강원특별자치도 강릉시 왕산면 안반데기길 461
71,강릉대기리,6,2,강원특별자치도 강릉시 왕산면 안반데기길 461
71,강릉대기리,7,2,강원특별자치도 강릉시 왕산면 안반데기길 461
71,강릉대기리,8,2,강원특별자치도 강릉시 왕산면 안반데기길 461
71,강릉대기리,9,2,강원특별자치도 강릉시 왕산면 안반데기길 461
71,강릉대기리,10,2,강원특별자치도 강릉시 왕산면 안반데기길 461
71,강릉대기리,11,2,강원특별자치도 강릉시 왕산면 안반데기길 461
71,강릉대기리,12,2,강원특별자치도 강릉시 왕산면 안반데기길 461
71,강릉대기리,13,2,강원특별자치도 강릉시 왕산면 안반데기길 461
72,신안그린에너지 풍력발전,1,3,전남 신안군 자은면 백산리 1182
72,신안그린에너지 풍력발전,2,3,전남 신안군 자은면 백산리 1182
72,신안그린에너지 풍력발전,3,3,전남 신안군 자은면 백산리 1182
72,신안그린에너지 풍력발전,4,3,전남 신안군 자은면 백산리 1182
72,신안그린에너지 풍력발전,5,3,전남 신안군 자은면 백산리 1182
72,신안그린에너지 풍력발전,6,3,전남 신안군 자은면 백산리 1182
72,신안그린에너지 풍력발전,7,3,전남 신안군 자은면 백산리 1182
72,신안그린에너지 풍력발전,8,3,전남 신안군 자은면 백산리 1182
72,신안그린에너지 풍력발전,9,3,전남 신안군 자은면 백산리 1182
72,신안그린에너지 풍력발전,10,3,전남 신안군 자은면 백산리 1182
72,신안그린에너지 풍력발전,11,3,전남 신안군 자은면 백산리 1182
72,신안그린에너지 풍력발전,12,3,전남 신안군 자은면 백산리 1182
72,신안그린에너지 풍력발전,13,3,전남 신안군 자은면 백산리 1182
72,신안그린에너지 풍력발전,14,3,전남 신안군 자은면 백산리 1182
72,신안그린에너지 풍력발전,5,3.45,전남 신안군 자은면 백산리 1182
72,신안그린에너지 풍력발전,6,3.45,전남 신안군 자은면 백산리 1182
72,신안그린에너지 풍력발전,7,3.45,전남 신안군 자은면 백산리 1182
72,신안그린에너지 풍력발전,8,3.45,전남 신안군 자은면 백산리 1182
72,신안그린에너지 풍력발전,9,3.45,전남 신안군 자은면 백산리 1182
72,신안그린에너지 풍력발전,10,3.45,전남 신안군 자은면 백산리 1182
73,대관령1,1,1.65,강원특별자치도 평창군 대관령면 꽃밭양지길 708-9
73,대관령1,2,1.65,강원특별자치도 평창군 대관령면 꽃밭양지길 708-9
74,대기풍력1,1,2.35,강원특별자치도 강릉시 왕산면 안반데기길 461
75,대기풍력2,2,2.35,강원특별자치도 강릉시 왕산면 안반데기길 461
76,하장3,1,2.3,강원특별자치도 삼척시 하장면 판문길 717-10
76,하장3,2,2.3,강원특별자치도 삼척시 하장면 판문길 717-10
77,경주2,1,2.3,경북 경주시 양남면 신대리 산 307-3
77,경주2,2,2.3,경북 경주시 양남면 신대리 산 307-3
77,경주2,3,2.3,경북 경주시 양남면 신대리 산 307-3
77,경주2,4,2.3,경북 경주시 양남면 신대리 산 307-3
77,경주2,5,2.3,경북 경주시 양남면 신대리 산 307-3
77,경주2,6,2.3,경북 경주시 양남면 신대리 산 307-3
77,경주2,7,2.3,경북 경주시 양남면 신대리 산 307-3
77,경주2,8,2.3,경북 경주시 양남면 신대리 산 307-3
77,경주2,9,2.3,경북 경주시 양남면 신대리 산 307-3
78,동복리마을,-,2,제주특별자치도 제주시 구좌읍 김녕리 5160-110
79,순천계월리,-,3,전남 순천시 서면 학구리 산 234-5
80,영양무창,1,3.45,경북 영덕군 창수면 창수리 산 10-27
80,영양무창,2,3.45,경북 영덕군 창수면 창수리 산 10-27
80,영양무창,3,3.45,경북 영덕군 창수면 창수리 산 10-27
80,영양무창,4,3.45,경북 영덕군 창수면 창수리 산 10-27
80,영양무창,5,3.45,경북 영덕군 창수면 창수리 산 10-27
80,영양무창,6,3.45,경북 영덕군 창수면 창수리 산 10-27
80,영양무창,7,3.45,경북 영덕군 창수면 창수리 산 10-27
81,포항신광,1,3.2,경북 포항시 북구 신광면 냉수리 산 65-7
81,포항신광,2,3.2,경북 포항시 북구 신광면 냉수리 산 65-7
81,포항신광,3,3.2,경북 포항시 북구 신광면 냉수리 산 65-7
81,포항신광,4,3.2,경북 포항시 북구 신광면 냉수리 산 65-7
81,포항신광,5,3.2,경북 포항시 북구 신광면 냉수리 산 65-7
81,포항신광,6,3.2,경북 포항시 북구 신광면 냉수리 산 65-7
82,삼천포,-,0.75,경남 고성군 하이면 덕호리 972-1
83,정암,1,2.3,강원특별자치도 정선군 고한읍 고한리 산 216-37
83,정암,2,2.3,강원특별자치도 정선군 고한읍 고한리 산 216-37
83,정암,3,2.3,강원특별자치도 정선군 고한읍 고한리 산 216-37
83,정암,4,2.3,강원특별자치도 정선군 고한읍 고한리 산 216-37
83,정암,5,2.3,강원특별자치도 정선군 고한읍 고한리 산 216-37
83,정암,6,2.3,강원특별자치도 정선군 고한읍 고한리 산 216-37
83,정암,7,2.3,강원특별자치도 정선군 고한읍 고한리 산 216-37
83,정암,8,2.3,강원특별자치도 정선군 고한읍 고한리 산 216-37
83,정암,9,2.3,강원특별자치도 정선군 고한읍 고한리 산 216-37
83,정암,10,2.3,강원특별자치도 정선군 고한읍 고한리 산 216-37
83,정암,11,2.3,강원특별자치도 정선군 고한읍 고한리 산 216-37
83,정암,12,2.3,강원특별자치도 정선군 고한읍 고한리 산 216-37
83,정암,13,2.3,강원특별자치도 정선군 고한읍 고한리 산 216-37
83,정암,14,2.3,강원특별자치도 정선군 고한읍 고한리 산 216-37
84,노동,-,2.3,강원특별자치도 평창군 용평면 노동리 산1-5
85,하장4,1,2.3,강원특별자치도 삼척시 하장면 판문길 717-10
86,영광육상,12,2.3,전남 영광군 염산면 송암리 68-16
86,영광육상,16,2.3,전남 영광군 염산면 송암리 68-16
86,영광육상,17,2.3,전남 영광군 염산면 송암리 68-16
86,영광육상,18,2.3,전남 영광군 염산면 송암리 68-16
86,영광육상,19,2.3,전남 영광군 염산면 송암리 68-16
86,영광육상,20,2.3,전남 영광군 염산면 송암리 68-16
86,영광육상,21,2.3,전남 영광군 염산면 송암리 68-16
86,영광육상,22,2.3,전남 영광군 염산면 송암리 68-16
86,영광육상,23,2.3,전남 영광군 염산면 송암리 68-16
86,영광육상,24,2.3,전남 영광군 염산면 송암리 68-16
86,영광육상,25,2.3,전남 영광군 염산면 송암리 68-16
86,영광육상,26,2.3,전남 영광군 염산면 송암리 68-16
86,영광육상,27,2.3,전남 영광군 염산면 송암리 68-16
86,영광육상,28,2.3,전남 영광군 염산면 송암리 68-16
86,영광육상,29,2.3,전남 영광군 염산면 송암리 68-16
86,영광육상,30,2.3,전남 영광군 염산면 송암리 68-16
86,영광육상,31,2.3,전남 영광군 염산면 송암리 68-16
86,영광육상,33,2,전남 영광군 염산면 송암리 68-16
86,영광육상,34,2,전남 영광군 염산면 송암리 68-16
86,영광육상,35,2,전남 영광군 염산면 송암리 68-16
87,울진 현종산,1,3.6,경북 울진군 매화면 신흥리 산 50-6
87,울진 현종산,2,3.6,경북 울진군 매화면 신흥리 산 50-6
87,울진 현종산,3,3.6,경북 울진군 매화면 신흥리 산 50-6
87,울진 현종산,4,3.6,경북 울진군 매화면 신흥리 산 50-6
87,울진 현종산,5,3.6,경북 울진군 매화면 신흥리 산 50-6
87,울진 현종산,6,3.6,경북 울진군 매화면 신흥리 산 50-6
87,울진 현종산,7,3.6,경북 울진군 매화면 신흥리 산 50-6
87,울진 현종산,8,3.6,경북 울진군 매화면 신흥리 산 50-6
87,울진 현종산,9,3.6,경북 울진군 매화면 신흥리 산 50-6
87,울진 현종산,10,3.6,경북 울진군 매화면 신흥리 산 50-6
87,울진 현종산,11,3.6,경북 울진군 매화면 신흥리 산 50-6
87,울진 현종산,12,3.6,경북 울진군 매화면 신흥리 산 50-6
87,울진 현종산,13,3.6,경북 울진군 매화면 신흥리 산 50-6
87,울진 현종산,14,3.6,경북 울진군 매화면 신흥리 산 50-6
87,울진 현종산,15,3,경북 울진군 매화면 신흥리 산 50-6
88,완도 신지,1,3.465,전남 완도군 신지면 월양리 산 44-6
88,완도 신지,2,3.465,전남 완도군 신지면 월양리 산 44-6
88,완도 신지,3,3.465,전남 완도군 신지면 월양리 산 44-6
88,완도 신지,4,3.465,전남 완도군 신지면 월양리 산 44-6
88,완도 신지,5,3.465,전남 완도군 신지면 월양리 산 44-6
89,제주수망,1,3.6,제주특별자치도 서귀포시 남원읍 수망리 산 182
89,제주수망,2,3.6,제주특별자치도 서귀포시 남원읍 수망리 산 182
89,제주수망,3,3.6,제주특별자치도 서귀포시 남원읍 수망리 산 182
89,제주수망,4,3.6,제주특별자치도 서귀포시 남원읍 수망리 산 182
89,제주수망,5,3.6,제주특별자치도 서귀포시 남원읍 수망리 산 182
89,제주수망,6,3.6,제주특별자치도 서귀포시 남원읍 수망리 산 182
89,제주수망,7,3.6,제주특별자치도 서귀포시 남원읍 수망리 산 182
90,영양양구,1,3.45,"경북 영양군 석보면 홍계길
449-65(기존동일(도로명)"
90,영양양구,2,3.45,"경북 영양군 석보면 홍계길
449-65(기존동일(도로명)"
90,영양양구,3,3.45,"경북 영양군 석보면 홍계길
449-65(기존동일(도로명)"
90,영양양구,4,3.45,"경북 영양군 석보면 홍계길
449-65(기존동일(도로명)"
90,영양양구,5,3.45,"경북 영양군 석보면 홍계길
449-65(기존동일(도로명)"
90,영양양구,6,3.45,"경북 영양군 석보면 홍계길
449-65(기존동일(도로명)"
90,영양양구,7,3.45,"경북 영양군 석보면 홍계길
449-65(기존동일(도로명)"
90,영양양구,8,3.45,"경북 영양군 석보면 홍계길
449-65(기존동일(도로명)"
90,영양양구,9,3.45,"경북 영양군 석보면 홍계길
449-65(기존동일(도로명)"
90,영양양구,10,3.45,"경북 영양군 석보면 홍계길
449-65(기존동일(도로명)"
90,영양양구,11,3.45,"경북 영양군 석보면 홍계길
449-65(기존동일(도로명)"
90,영양양구,12,3.45,"경북 영양군 석보면 홍계길
449-65(기존동일(도로명)"
90,영양양구,13,3.45,"경북 영양군 석보면 홍계길
449-65(기존동일(도로명)"
90,영양양구,14,3.45,"경북 영양군 석보면 홍계길
449-65(기존동일(도로명)"
90,영양양구,15,3.45,"경북 영양군 석보면 홍계길
449-65(기존동일(도로명)"
90,영양양구,16,3.45,"경북 영양군 석보면 홍계길
449-65(기존동일(도로명)"
90,영양양구,17,3.45,"경북 영양군 석보면 홍계길
449-65(기존동일(도로명)"
90,영양양구,18,3.45,"경북 영양군 석보면 홍계길
449-65(기존동일(도로명)"
90,영양양구,19,3.45,"경북 영양군 석보면 홍계길
449-65(기존동일(도로명)"
90,영양양구,20,3.45,"경북 영양군 석보면 홍계길
449-65(기존동일(도로명)"
90,영양양구,21,3.45,"경북 영양군 석보면 홍계길
449-65(기존동일(도로명)"
90,영양양구,22,3.45,"경북 영양군 석보면 홍계길
449-65(기존동일(도로명)"
91,청송노래산,1,3.2,경상북도 청송군 안덕면 새노래길 382
91,청송노래산,2,3.2,경상북도 청송군 안덕면 새노래길 382
91,청송노래산,3,3.2,경상북도 청송군 안덕면 새노래길 382
91,청송노래산,4,3.2,경상북도 청송군 안덕면 새노래길 382
91,청송노래산,5,3.2,경상북도 청송군 안덕면 새노래길 382
91,청송노래산,6,3.2,경상북도 청송군 안덕면 새노래길 382
92,태백 귀네미,1,1.65,강원특별자치도 태백시 하사미동 산 37-1
92,태백 귀네미,2,1.65,강원특별자치도 태백시 하사미동 산 37-1
92,태백 귀네미,3,1.65,강원특별자치도 태백시 하사미동 산 37-1
92,태백 귀네미,4,1.65,강원특별자치도 태백시 하사미동 산 37-1
92,태백 귀네미,5,1.65,강원특별자치도 태백시 하사미동 산 37-1
92,태백 귀네미,6,1.65,강원특별자치도 태백시 하사미동 산 37-1
92,태백 귀네미,7,1.65,강원특별자치도 태백시 하사미동 산 37-1
92,태백 귀네미,8,1.65,강원특별자치도 태백시 하사미동 산 37-1
92,태백 귀네미,9,1.65,강원특별자치도 태백시 하사미동 산 37-1
92,태백 귀네미,10,1.65,강원특별자치도 태백시 하사미동 산 37-1
92,태백 귀네미,11,1.65,강원특별자치도 태백시 하사미동 산 37-1
92,태백 귀네미,12,1.65,강원특별자치도 태백시 하사미동 산 37-1
93,군위화산,1,1.65,대구 군위군 삼국유사면 화북리 1254-4
93,군위화산,2,1.65,대구 군위군 삼국유사면 화북리 1254-4
93,군위화산,3,1.65,대구 군위군 삼국유사면 화북리 1254-4
93,군위화산,6,1.65,대구 군위군 삼국유사면 화북리 1254-4
93,군위화산,7,1.65,대구 군위군 삼국유사면 화북리 1254-4
93,군위화산,8,1.65,대구 군위군 삼국유사면 화북리 1254-4
93,군위화산,9,1.65,대구 군위군 삼국유사면 화북리 1254-4
94,북촌서모,-,3,제주특별자치도 제주시 조천읍 북촌리 산 63-5
95,태백가덕산,1,3.6,강원특별자치도 태백시 역둔원동로 1149
95,태백가덕산,2,3.6,강원특별자치도 태백시 역둔원동로 1149
95,태백가덕산,3,3.6,강원특별자치도 태백시 역둔원동로 1149
95,태백가덕산,4,3.6,강원특별자치도 태백시 역둔원동로 1149
95,태백가덕산,5,3.6,강원특별자치도 태백시 역둔원동로 1149
95,태백가덕산,6,3.6,강원특별자치도 태백시 역둔원동로 1149
95,태백가덕산,7,3.6,강원특별자치도 태백시 역둔원동로 1149
95,태백가덕산,8,3.6,강원특별자치도 태백시 역둔원동로 1149
95,태백가덕산,9,3.6,강원특별자치도 태백시 역둔원동로 1149
95,태백가덕산,10,3.6,강원특별자치도 태백시 역둔원동로 1149
95,태백가덕산,11,3.6,강원특별자치도 태백시 역둔원동로 1149
95,태백가덕산,12,3.6,강원특별자치도 태백시 역둔원동로 1149
96,태백삼수,1,4.5,강원특별자치도 태백시 백두대간로 789-3
96,태백삼수,2,4.5,강원특별자치도 태백시 백두대간로 789-3
96,태백삼수,3,4.5,강원특별자치도 태백시 백두대간로 789-3
96,태백삼수,4,4.5,강원특별자치도 태백시 백두대간로 789-3
96,태백삼수,5,4.5,강원특별자치도 태백시 백두대간로 789-3
97,평창청산,1,3.6,강원특별자치도 평창군 봉평면 진조리 산 80-5
97,평창청산,2,3.6,강원특별자치도 평창군 봉평면 진조리 산 80-5
97,평창청산,3,3.6,강원특별자치도 평창군 봉평면 진조리 산 80-5
97,평창청산,4,3.6,강원특별자치도 평창군 봉평면 진조리 산 80-5
97,평창청산,5,3.6,강원특별자치도 평창군 봉평면 진조리 산 80-5
97,평창청산,6,3.6,강원특별자치도 평창군 봉평면 진조리 산 80-5
98,장흥,1,3,전남 장흥군 유치면 송정리 산 3-7
98,장흥,2,3,전남 장흥군 유치면 송정리 산 3-7
98,장흥,3,3,전남 장흥군 유치면 송정리 산 3-7
98,장흥,4,3,전남 장흥군 유치면 송정리 산 3-7
98,장흥,5,3,전남 장흥군 유치면 송정리 산 3-7
98,장흥,6,3,전남 장흥군 유치면 송정리 산 3-7
99,태백금봉,1,4,강원특별자치도 태백시 황지동 287-75
99,태백금봉,2,4,강원특별자치도 태백시 황지동 287-75
99,태백금봉,3,4,강원특별자치도 태백시 황지동 287-75
99,태백금봉,4,4,강원특별자치도 태백시 황지동 287-75
99,태백금봉,5,4,강원특별자치도 태백시 황지동 287-75
99,태백금봉,6,4,강원특별자치도 태백시 황지동 287-75
99,태백금봉,7,4,강원특별자치도 태백시 황지동 287-75
100,양산원동,1,4.7,경남 양산시 원동면 영포리 산21-3(늘밭로방향)
100,양산원동,2,4.7,경남 양산시 원동면 영포리 산21-3(늘밭로방향)
100,양산원동,3,4.7,경남 양산시 원동면 영포리 산21-3(늘밭로방향)
100,양산원동,4,4.7,경남 양산시 원동면 영포리 산21-3(늘밭로방향)
100,양산원동,5,4.7,경남 양산시 원동면 영포리 산21-3(늘밭로방향)
100,양산원동,6,4.7,경남 양산시 원동면 영포리 산21-3(늘밭로방향)
100,양산원동,7,4.7,경남 양산시 원동면 영포리 산21-3(늘밭로방향)
100,양산원동,8,4.7,경남 양산시 원동면 영포리 산21-3(늘밭로방향)
101,신흥무안운남,1,5,전남 무안군 운남면 내리 607-9
101,신흥무안운남,2,5,전남 무안군 운남면 내리 607-9
101,신흥무안운남,3,5,전남 무안군 운남면 내리 607-9
101,신흥무안운남,4,5,전남 무안군 운남면 내리 607-9
102,태백원동,1,4.2,강원특별자치도 태백시 원동 산 13-7
102,태백원동,2,4.2,강원특별자치도 태백시 원동 산 13-7
102,태백원동,3,4.2,강원특별자치도 태백시 원동 산 13-7
102,태백원동,4,4.2,강원특별자치도 태백시 원동 산 13-7
102,태백원동,5,4.2,강원특별자치도 태백시 원동 산 13-7
103,영양제2풍력발전,1,4.2,경상북도 영양군 석보면 삼의리 산 54-3
103,영양제2풍력발전,2,4.2,경상북도 영양군 석보면 삼의리 산 54-3
103,영양제2풍력발전,3,4.2,경상북도 영양군 석보면 삼의리 산 54-3
103,영양제2풍력발전,4,4.2,경상북도 영양군 석보면 삼의리 산 54-3
103,영양제2풍력발전,5,4.2,경상북도 영양군 석보면 삼의리 산 54-3
103,영양제2풍력발전,6,4.2,경상북도 영양군 석보면 삼의리 산 54-3
103,영양제2풍력발전,7,4.2,경상북도 영양군 석보면 삼의리 산 54-3
103,영양제2풍력발전,8,4.2,경상북도 영양군 석보면 삼의리 산 54-3
103,영양제2풍력발전,9,4.2,경상북도 영양군 석보면 삼의리 산 54-3
103,영양제2풍력발전,10,4.2,경상북도 영양군 석보면 삼의리 산 54-3
104,구래주민,1,4.2,강원도 영월군 상동읍 구래리 산1-35번지
105,경주호림,-,4.2,경상북도 경주시 강동면 강동산단로 43-3
106,금성산,1,4.7,전라남도 화순군 가동리 306
106,금성산,2,4.7,전라남도 화순군 가동리 306
106,금성산,3,4.7,전라남도 화순군 가동리 306
106,금성산,4,4.7,전라남도 화순군 가동리 306
106,금성산,5,4.7,전라남도 화순군 가동리 306
106,금성산,6,4.7,전라남도 화순군 가동리 306
106,금성산,7,4.7,전라남도 화순군 가동리 306
106,금성산,8,4.7,전라남도 화순군 가동리 306
106,금성산,9,4.7,전라남도 화순군 가동리 306
106,금성산,10,4.7,전라남도 화순군 가동리 306
107,영월에코윈드,2,4.2,강원도 영월군 상동읍 구래리 산1-35번지 일원
107,영월에코윈드,3,4.2,강원도 영월군 상동읍 구래리 산1-35번지 일원
107,영월에코윈드,4,4.2,강원도 영월군 상동읍 구래리 산1-35번지 일원
107,영월에코윈드,5,4.2,강원도 영월군 상동읍 구래리 산1-35번지 일원
107,영월에코윈드,6,4.2,강원도 영월군 상동읍 구래리 산1-35번지 일원
107,영월에코윈드,7,4.2,강원도 영월군 상동읍 구래리 산1-35번지 일원
107,영월에코윈드,8,4.2,강원도 영월군 상동읍 구래리 산1-35번지 일원
107,영월에코윈드,9,4.2,강원도 영월군 상동읍 구래리 산1-35번지 일원
107,영월에코윈드,10,4.2,강원도 영월군 상동읍 구래리 산1-35번지 일원
107,영월에코윈드,11,4.2,강원도 영월군 상동읍 구래리 산1-35번지 일원
108,월천,2,4.2,강원 양양군 현남면 상월천리 276-1
109,어음,1,4.2,제주시 애월읍 어림비로 700
109,어음,2,4.2,제주시 애월읍 어림비로 700
109,어음,3,4.2,제주시 애월읍 어림비로 700
109,어음,4,4.2,제주시 애월읍 어림비로 700
109,어음,5,4.2,제주시 애월읍 어림비로 700
110,양양 만월산,3,4.2,강원 양양군 현남면 상월천리 276-2
110,양양 만월산,4,4.2,강원 양양군 현남면 상월천리 276-3
110,양양 만월산,5,4.2,강원 양양군 현남면 상월천리 276-4
110,양양 만월산,6,4.2,강원 양양군 현남면 상월천리 276-5
110,양양 만월산,7,4.2,강원 양양군 현남면 상월천리 276-6
110,양양 만월산,8,4.2,강원 양양군 현남면 상월천리 276-7
110,양양 만월산,9,4.2,강원 양양군 현남면 상월천리 276-8
110,양양 만월산,10,4.2,강원 양양군 현남면 상월천리 276-9
110,양양 만월산,11,4.2,강원 양양군 현남면 상월천리 276-10
110,양양 만월산,12,4.2,강원 양양군 현남면 상월천리 276-11
111,자은주민바람,1,4.2,전남 신안군 자은면 고장리 산 266-11
111,자은주민바람,2,4.2,전남 신안군 자은면 고장리 산 266-21
111,자은주민바람,3,4.2,전남 신안군 자은면 고장리 1391-37
111,자은주민바람,4,4.2,전남 신안군 자은면 고장리 1383
111,자은주민바람,5,4.2,전남 신안군 자은면 고장리 산 262-1
111,자은주민바람,6,4.2,전남 신안군 자은면 백산리 1085
111,자은주민바람,7,4.2,전남 신안군 자은면 고장리 산 265-28
112,영덕해맞이풍력발전㈜,1,4.3,경북 영덕군 강구면 하저리 산103
112,영덕해맞이풍력발전㈜,2,4.3,경북 영덕군 강구면 하저리 산102
112,영덕해맞이풍력발전㈜,3,4.3,경북 영덕군 강구면 하저리 산101
112,영덕해맞이풍력발전㈜,4,4.3,경북 영덕군 영덕읍 삼계리 산40-1
112,영덕해맞이풍력발전㈜,5,4.3,경북 영덕군 영덕읍 삼계리 산40-1
112,영덕해맞이풍력발전㈜,6,4.3,경북 영덕군 영덕읍 삼계리 산38-1
112,영덕해맞이풍력발전㈜,7,4.3,"경북 영덕군 영덕읍 삼계리 산38, 산25"
112,영덕해맞이풍력발전㈜,8,4.3,"경북 영덕군 영덕읍 삼계리 산38, 산25"
113,봉화 오미산,1,4.3,경북 봉화군 봉화읍 석포리 산1-2
113,봉화 오미산,2,4.3,경북 봉화군 봉화읍 석포리 산1-2
113,봉화 오미산,3,4.3,경북 봉화군 봉화읍 석포리 산1-2
113,봉화 오미산,4,4.3,경북 봉화군 봉화읍 석포리 산1-2
113,봉화 오미산,5,4.3,경북 봉화군 봉화읍 석포리 산1-2
113,봉화 오미산,6,4.3,경북 봉화군 봉화읍 석포리 산1-2
113,봉화 오미산,7,4.3,경북 봉화군 봉화읍 석포리 산1-2
113,봉화 오미산,8,4.3,경북 봉화군 봉화읍 석포리 산1-2
113,봉화 오미산,9,4.3,경북 봉화군 봉화읍 석포리 산1-2
113,봉화 오미산,10,4.3,경북 봉화군 봉화읍 석포리 산1-2
113,봉화 오미산,11,4.3,경북 봉화군 봉화읍 석포리 산1-2
113,봉화 오미산,12,4.3,경북 봉화군 봉화읍 석포리 산1-2
113,봉화 오미산,13,4.3,경북 봉화군 봉화읍 석포리 산1-2
113,봉화 오미산,14,4.3,경북 봉화군 봉화읍 석포리 산1-2
114,영덕 호지마을,1,5.56,경상북도 영덕군 영해면 괴시리 산66-1번지
114,영덕 호지마을,2,5.56,경상북도 영덕군 영해면 괴시리 산67-1번지
114,영덕 호지마을,3,5.56,경상북도 영덕군 영해면 괴시리 산66-5번지
115,양산대리염수봉,1,5.2,경남 양산시 원동면 대리 산 90-2
115,양산대리염수봉,2,5.2,경남 양산시 원동면 대리 산 90-2
115,양산대리염수봉,3,5.2,경남 양산시 원동면 대리 산 90-2
116,정선 가산,1,4.8,강원도 정선군 정선읍 북실리 산50번지 일원
116,정선 가산,2,4.8,강원도 정선군 정선읍 북실리 산50번지 일원
116,정선 가산,3,4.8,강원도 정선군 정선읍 북실리 산50번지 일원
116,정선 가산,4,4.8,강원도 정선군 정선읍 북실리 산50번지 일원
117,청송 면봉산,1,4.2,경상북도 청송군 현서면 월매리 산 49-1
117,청송 면봉산,2,4.2,경상북도 청송군 현서면 월매리 산 49-1
117,청송 면봉산,3,4.2,경상북도 청송군 현서면 월매리 산 49-1
117,청송 면봉산,4,4.2,경상북도 청송군 현서면 월매리 산 49-1
117,청송 면봉산,5,4.2,경상북도 청송군 현서면 월매리 산 49-1
117,청송 면봉산,6,4.2,경상북도 청송군 현서면 월매리 산 49-1
117,청송 면봉산,7,4.2,경상북도 청송군 현서면 월매리 산 49-1
118,군위 풍백,1,5,경상북도 의성군 춘산면 신흥 1길 77-28
118,군위 풍백,2,5,경상북도 의성군 춘산면 신흥 1길 77-28
118,군위 풍백,3,5,경상북도 의성군 춘산면 신흥 1길 77-28
118,군위 풍백,4,5,경상북도 의성군 춘산면 신흥 1길 77-28
118,군위 풍백,5,5,경상북도 의성군 춘산면 신흥 1길 77-28
118,군위 풍백,6,5,경상북도 의성군 춘산면 신흥 1길 77-28
118,군위 풍백,7,5,경상북도 의성군 춘산면 신흥 1길 77-28
118,군위 풍백,8,5,경상북도 의성군 춘산면 신흥 1길 77-28
118,군위 풍백,9,5,경상북도 의성군 춘산면 신흥 1길 77-28
118,군위 풍백,10,5,경상북도 의성군 춘산면 신흥 1길 77-28
118,군위 풍백,11,5,경상북도 의성군 춘산면 신흥 1길 77-28
118,군위 풍백,12,5,경상북도 의성군 춘산면 신흥 1길 77-28
118,군위 풍백,13,5,경상북도 의성군 춘산면 신흥 1길 77-28
118,군위 풍백,14,5,경상북도 의성군 춘산면 신흥 1길 77-28
118,군위 풍백,15,5,경상북도 의성군 춘산면 신흥 1길 77-28
119,평창횡계풍력,1,5.2,강원특별자치도 평창군 대관령면 횡계리 산178 일원
119,평창횡계풍력,5,5.2,강원특별자치도 평창군 대관령면 횡계리 산178 일원
119,평창횡계풍력,2,5.2,강원특별자치도 평창군 대관령면 횡계리 산178 일원
119,평창횡계풍력,3,5.2,강원특별자치도 평창군 대관령면 횡계리 산178 일원
119,평창횡계풍력,4,5.2,강원특별자치도 평창군 대관령면 횡계리 산178 일원
120,태백 하사미,1,4.4,강원특별자치도 태백시 하사미동 산219-2번지
120,태백 하사미,2,4.4,강원특별자치도 태백시 하사미동 산219-2번지
120,태백 하사미,3,4.4,강원특별자치도 태백시 하사미동 산219-2번지
120,태백 하사미,4,4.4,강원특별자치도 태백시 하사미동 산219-2번지
121,김녕(실증단지),1,5.5,제주특별자치도 제주시 구좌읍 월정리 1847-3
121,김녕(실증단지),2,5,제주특별자치도 제주시 구좌읍 월정리 1847-3
