광역,기초,에너지원, 생산량(toe) , 발전량(MWh) , 보급용량_발전_누적(kW) , 보급용량_발전_신규(kW) 
서울,서울,신·재생에너지,387408,1027442,431413,49605
서울,종로구,신·재생에너지,3742,7502,7167,838
서울,중구,신·재생에너지,3355,4958,3973,1137
서울,용산구,신·재생에너지,3334,4597,3640,801
서울,성동구,신·재생에너지,5499,12843,10859,1781
서울,광진구,신·재생에너지,6368,13522,12434,1935
서울,동대문구,신·재생에너지,7046,15835,12335,3019
서울,중랑구,신·재생에너지,6263,12256,10656,596
서울,성북구,신·재생에너지,6839,9941,10098,638
서울,강북구,신·재생에너지,4534,8012,7467,514
서울,도봉구,신·재생에너지,5549,9044,7856,553
서울,노원구,신·재생에너지,19118,30315,22734,509
서울,은평구,신·재생에너지,9462,13953,12687,1033
서울,서대문구,신·재생에너지,5642,9202,8620,933
서울,마포구,신·재생에너지,66306,228102,39732,694
서울,양천구,신·재생에너지,14044,13131,10001,614
서울,강서구,신·재생에너지,23504,62933,35248,7521
서울,구로구,신·재생에너지,7705,14229,12459,1439
서울,금천구,신·재생에너지,5822,14378,10466,2613
서울,영등포구,신·재생에너지,8935,17550,13368,4095
서울,동작구,신·재생에너지,5671,6553,7443,1331
서울,관악구,신·재생에너지,8099,15000,13338,1591
서울,서초구,신·재생에너지,8316,11102,11709,1791
서울,강남구,신·재생에너지,40922,49635,35244,3687
서울,송파구,신·재생에너지,17342,29474,21929,3743
서울,강동구,신·재생에너지,91020,403755,83461,6200
서울,기타,신·재생에너지,2972,9620,6489,0
부산,부산,신·재생에너지,285473,777639,457748,53894
부산,중구,신·재생에너지,949,1697,1304,15
부산,서구,신·재생에너지,2768,4771,3598,68
부산,동구,신·재생에너지,2435,4999,4092,114
부산,영도구,신·재생에너지,3656,8080,6791,470
부산,부산진구,신·재생에너지,6590,8485,9520,4062
부산,동래구,신·재생에너지,7770,7732,6833,234
부산,남구,신·재생에너지,21407,18938,12751,319
부산,북구,신·재생에너지,5462,8308,7535,317
부산,해운대구,신·재생에너지,57598,222044,40501,117
부산,사하구,신·재생에너지,19899,33664,24411,2106
부산,금정구,신·재생에너지,7526,19990,16571,482
부산,강서구,신·재생에너지,116558,345062,243939,31509
부산,연제구,신·재생에너지,4317,6481,4711,261
부산,수영구,신·재생에너지,3276,4740,3810,184
부산,사상구,신·재생에너지,5528,11338,9645,1506
부산,기장군,신·재생에너지,19325,70402,61028,12130
부산,기타,신·재생에너지,408,907,708,0
대구,대구,신·재생에너지,268582,680242,571075,107533
대구,중구,신·재생에너지,2149,2667,2713,1034
대구,동구,신·재생에너지,17427,40596,37283,6580
대구,서구,신·재생에너지,6865,16068,17070,4810
대구,남구,신·재생에너지,3774,7184,5521,419
대구,북구,신·재생에너지,22024,51861,48807,12747
대구,수성구,신·재생에너지,16042,41977,16113,977
대구,달서구,신·재생에너지,73032,114734,100974,30976
대구,달성군,신·재생에너지,77433,184628,170970,44350
대구,군위군,신·재생에너지,49160,218711,170229,5640
대구,기타,신·재생에너지,676,1818,1394,0
인천,인천,신·재생에너지,669423,2268863,867668,76021
인천,중구,신·재생에너지,22392,57357,71591,15101
인천,동구,신·재생에너지,67516,312664,43038,1565
인천,미추홀구,신·재생에너지,72965,27675,18219,790
인천,연수구,신·재생에너지,29851,25497,20217,1403
인천,남동구,신·재생에너지,25280,40908,33510,3673
인천,부평구,신·재생에너지,10936,11488,10235,1726
인천,계양구,신·재생에너지,6797,10470,9125,938
인천,서구,신·재생에너지,400413,1654603,354206,38289
인천,강화군,신·재생에너지,18108,67440,59683,12092
인천,옹진군,신·재생에너지,14171,59296,246647,443
인천,기타,신·재생에너지,992,1466,1197,0
광주,광주,신·재생에너지,182860,679248,489029,93545
광주,동구,신·재생에너지,7503,24759,16600,2320
광주,서구,신·재생에너지,42086,143871,52220,4641
광주,남구,신·재생에너지,11898,34466,28678,3402
광주,북구,신·재생에너지,29599,94788,87547,19413
광주,광산구,신·재생에너지,90795,378260,301373,63768
광주,기타,신·재생에너지,978,3103,2610,0
대전,대전,신·재생에너지,119649,253281,175728,27641
대전,동구,신·재생에너지,8618,21453,18726,2536
대전,중구,신·재생에너지,6576,14042,13198,3055
대전,서구,신·재생에너지,13280,26122,28232,2778
대전,유성구,신·재생에너지,44617,112457,58621,9694
대전,대덕구,신·재생에너지,45949,77412,55522,9579
대전,기타,신·재생에너지,610,1794,1427,0
울산,울산,신·재생에너지,486078,750478,289518,46182
울산,중구,신·재생에너지,6812,7733,11650,1161
울산,남구,신·재생에너지,137058,81832,46568,6681
울산,동구,신·재생에너지,6800,8247,9949,2218
울산,북구,신·재생에너지,47278,202030,59753,8619
울산,울주군,신·재생에너지,287743,449779,160924,27504
울산,기타,신·재생에너지,387,857,673,0
세종,세종,신·재생에너지,99270,199884,142841,19921
경기,경기,신·재생에너지,2040005,6357149,3577256,492938
경기,수원시,신·재생에너지,45889,57710,51717,5053
경기,성남시,신·재생에너지,93245,238370,65513,843
경기,의정부시,신·재생에너지,20730,25172,18825,2536
경기,안양시,신·재생에너지,26481,40803,20389,1621
경기,부천시,신·재생에너지,42507,95886,31979,2066
경기,광명시,신·재생에너지,16418,31642,12280,691
경기,평택시,신·재생에너지,188722,546777,239952,46023
경기,동두천시,신·재생에너지,35559,20275,16320,3175
경기,안산시,신·재생에너지,173251,533866,345877,18090
경기,고양시,신·재생에너지,55361,114787,79737,10436
경기,과천시,신·재생에너지,3930,3200,3321,664
경기,구리시,신·재생에너지,8574,8080,7214,486
경기,남양주시,신·재생에너지,122632,493277,178324,9850
경기,오산시,신·재생에너지,19311,26113,21400,1899
경기,시흥시,신·재생에너지,65028,116414,77816,14677
경기,군포시,신·재생에너지,10600,12039,14573,8137
경기,의왕시,신·재생에너지,19756,79757,17709,301
경기,하남시,신·재생에너지,10542,16636,16377,975
경기,용인시,신·재생에너지,71762,110054,103518,16751
경기,파주시,신·재생에너지,67029,219366,162461,37068
경기,이천시,신·재생에너지,79724,307987,207798,28744
경기,안성시,신·재생에너지,61897,256270,230379,52116
경기,김포시,신·재생에너지,38826,130190,118663,28459
경기,화성시,신·재생에너지,277705,1151772,479671,66046
경기,광주시,신·재생에너지,44448,158375,87280,16322
경기,양주시,신·재생에너지,33815,75596,73207,17540
경기,포천시,신·재생에너지,143802,441965,191049,38867
경기,여주시,신·재생에너지,72601,318701,220841,27479
경기,연천군,신·재생에너지,72388,266492,210593,17717
경기,가평군,신·재생에너지,85236,371269,193754,5098
경기,양평군,신·재생에너지,26156,81013,73046,13207
경기,기타,신·재생에너지,6080,7295,5672,0
강원,강원,신·재생에너지,1948427,7215283,3982677,244589
강원,춘천시,신·재생에너지,264556,1167103,453012,16072
강원,원주시,신·재생에너지,73093,248156,207617,23319
강원,강릉시,신·재생에너지,473046,1940935,672781,8747
강원,동해시,신·재생에너지,198296,388045,152357,4052
강원,태백시,신·재생에너지,85940,390474,249548,1230
강원,속초시,신·재생에너지,9047,21318,14168,871
강원,삼척시,신·재생에너지,137969,332671,306365,10964
강원,홍천군,신·재생에너지,55086,217215,194915,30876
강원,횡성군,신·재생에너지,45193,186518,139029,14721
강원,영월군,신·재생에너지,152322,465426,216380,7763
강원,평창군,신·재생에너지,117241,499745,349203,29864
강원,정선군,신·재생에너지,50822,170700,132065,7476
강원,철원군,신·재생에너지,58621,250026,221405,25595
강원,화천군,신·재생에너지,84337,372866,212571,2025
강원,양구군,신·재생에너지,31639,129700,107398,3856
강원,인제군,신·재생에너지,42154,152053,132941,8460
강원,고성군,신·재생에너지,39038,167070,139232,4533
강원,양양군,신·재생에너지,26335,111256,78617,44163
강원,기타,신·재생에너지,3693,4005,3071,0
충북,충북,신·재생에너지,1060320,3574387,2499824,283630
충북,충주시,신·재생에너지,243894,1090187,624624,22728
충북,제천시,신·재생에너지,80376,161218,136343,21042
충북,청주시,신·재생에너지,256215,778943,521942,69972
충북,보은군,신·재생에너지,49266,213327,177397,27883
충북,옥천군,신·재생에너지,48258,208787,172265,18534
충북,영동군,신·재생에너지,36530,145937,124788,16255
충북,진천군,신·재생에너지,51526,187043,167758,25343
충북,괴산군,신·재생에너지,45634,185682,162011,18656
충북,음성군,신·재생에너지,100210,421220,251473,40879
충북,단양군,신·재생에너지,134232,127268,110078,12101
충북,증평군,신·재생에너지,12409,51528,48495,10238
충북,기타,신·재생에너지,1772,3247,2651,0
충남,충남,신·재생에너지,2524577,10356301,5336810,584258
충남,천안시,신·재생에너지,115338,328805,270162,59425
충남,공주시,신·재생에너지,76539,276956,232293,22172
충남,보령시,신·재생에너지,101020,422932,385720,12059
충남,아산시,신·재생에너지,98195,318338,267345,38059
충남,서산시,신·재생에너지,482638,1890656,713285,175641
충남,논산시,신·재생에너지,112302,472326,376600,26965
충남,계룡시,신·재생에너지,3368,7272,6914,2446
충남,당진시,신·재생에너지,530132,2226380,712553,83508
충남,금산군,신·재생에너지,70788,289492,228791,19683
충남,부여군,신·재생에너지,79189,317262,259035,10370
충남,서천군,신·재생에너지,61986,263130,209860,12492
충남,청양군,신·재생에너지,27253,92037,80161,8025
충남,홍성군,신·재생에너지,60976,245576,205282,9199
충남,예산군,신·재생에너지,58920,221895,206345,45797
충남,태안군,신·재생에너지,642645,2980196,1180096,58417
충남,기타,신·재생에너지,3287,3046,2366,0
전북,전북,신·재생에너지,3215470,11370487,5755170,337315
전북,전주시,신·재생에너지,142361,476658,179193,18647
전북,군산시,신·재생에너지,1661477,5146774,1284212,40169
전북,익산시,신·재생에너지,310599,1066525,737247,55658
전북,정읍시,신·재생에너지,179602,791184,563469,15436
전북,남원시,신·재생에너지,156193,689964,550177,36132
전북,김제시,신·재생에너지,176239,774476,612378,48640
전북,완주군,신·재생에너지,152661,539312,353887,31525
전북,진안군,신·재생에너지,54546,235576,180248,17653
전북,무주군,신·재생에너지,24365,93905,80983,16576
전북,장수군,신·재생에너지,65020,280814,225069,3925
전북,임실군,신·재생에너지,67234,297018,236935,6559
전북,순창군,신·재생에너지,33873,138011,129207,27457
전북,고창군,신·재생에너지,112524,508191,360634,9176
전북,부안군,신·재생에너지,74167,328091,258448,9763
전북,기타,신·재생에너지,4607,3989,3082,0
전남,전남,신·재생에너지,2163480,9176871,7177114,630798
전남,목포시,신·재생에너지,29756,107122,86203,6408
전남,여수시,신·재생에너지,192347,617953,251617,21826
전남,순천시,신·재생에너지,115979,485065,361879,19274
전남,나주시,신·재생에너지,142427,601453,505326,38245
전남,광양시,신·재생에너지,62177,258423,225521,22125
전남,담양군,신·재생에너지,31558,105533,104559,27731
전남,곡성군,신·재생에너지,26278,109380,96277,10233
전남,구례군,신·재생에너지,9161,29280,27578,3362
전남,고흥군,신·재생에너지,161472,716200,559427,12602
전남,보성군,신·재생에너지,66189,288677,225392,30452
전남,화순군,신·재생에너지,92387,391453,283861,13105
전남,장흥군,신·재생에너지,51784,213992,186105,18545
전남,강진군,신·재생에너지,70535,289038,234084,9069
전남,해남군,신·재생에너지,184181,832269,658805,12200
전남,영암군,신·재생에너지,162872,745930,609499,46730
전남,무안군,신·재생에너지,110601,476717,377172,20121
전남,함평군,신·재생에너지,37963,164207,147269,30540
전남,영광군,신·재생에너지,202156,922690,679427,14081
전남,장성군,신·재생에너지,46141,194330,169898,19164
전남,완도군,신·재생에너지,46573,161222,117517,9223
전남,진도군,신·재생에너지,38344,164220,132021,5346
전남,신안군,신·재생에너지,280644,1297271,1134252,240415
전남,기타,신·재생에너지,1956,4445,3426,0
경북,경북,신·재생에너지,1662183,6864780,5048428,689694
경북,포항시,신·재생에너지,115821,410842,220061,33697
경북,경주시,신·재생에너지,101299,411654,323093,66386
경북,김천시,신·재생에너지,99859,392615,319060,28704
경북,안동시,신·재생에너지,142793,601750,451792,40999
경북,구미시,신·재생에너지,100744,360107,279552,40059
경북,영주시,신·재생에너지,71693,310018,260570,45677
경북,영천시,신·재생에너지,71761,303384,252953,56765
경북,상주시,신·재생에너지,140105,615776,481273,34345
경북,문경시,신·재생에너지,75690,327377,176795,17142
경북,경산시,신·재생에너지,64978,239783,210236,50229
경북,의성군,신·재생에너지,96416,430521,338094,28570
경북,청송군,신·재생에너지,23910,97460,66115,4797
경북,영양군,신·재생에너지,164415,756906,406560,7183
경북,영덕군,신·재생에너지,74747,335696,265361,68054
경북,청도군,신·재생에너지,18756,68912,62116,17050
경북,고령군,신·재생에너지,21435,86735,77364,23639
경북,성주군,신·재생에너지,30576,125878,108843,13756
경북,칠곡군,신·재생에너지,81602,307921,195626,65322
경북,예천군,신·재생에너지,62684,270147,225453,29138
경북,봉화군,신·재생에너지,64521,276567,241631,15988
경북,울진군,신·재생에너지,32565,127485,80746,2164
경북,울릉군,신·재생에너지,1384,2763,2863,30
경북,기타,신·재생에너지,4430,4483,2274,0
경남,경남,신·재생에너지,1001738,3722944,3053526,369483
경남,진주시,신·재생에너지,65708,232600,172147,35660
경남,통영시,신·재생에너지,15684,52212,49662,2143
경남,사천시,신·재생에너지,42401,168959,142671,21254
경남,김해시,신·재생에너지,72834,232533,207777,48547
경남,밀양시,신·재생에너지,40453,158691,132285,19775
경남,거제시,신·재생에너지,22698,54856,45539,5647
경남,양산시,신·재생에너지,54902,188216,136799,29815
경남,창원시,신·재생에너지,116595,320122,253793,42379
경남,의령군,신·재생에너지,39685,152337,131131,12422
경남,함안군,신·재생에너지,85703,219741,148068,33466
경남,창녕군,신·재생에너지,37428,154294,134659,28600
경남,고성군,신·재생에너지,49553,211295,272873,11945
경남,남해군,신·재생에너지,29494,123904,101948,13110
경남,하동군,신·재생에너지,102702,463622,377719,10506
경남,산청군,신·재생에너지,32414,136841,111934,7793
경남,함양군,신·재생에너지,26659,110641,91598,8678
경남,거창군,신·재생에너지,50922,222751,187307,28031
경남,합천군,신·재생에너지,111859,510653,348694,9713
경남,기타,신·재생에너지,4043,8675,6922,0
제주,제주도,신·재생에너지,698055,2840502,1596059,110608
제주,제주시,신·재생에너지,282567,1197575,869234,53634
제주,서귀포시,신·재생에너지,339263,1287184,725743,56974
제주,기타,신·재생에너지,76225,355743,1081,0
서울,서울,재생에너지,253628,401201,339165,45479
서울,종로구,재생에너지,3637,7041,7086,804
서울,중구,재생에너지,3013,3463,3595,801
서울,용산구,재생에너지,3078,3476,3437,710
서울,성동구,재생에너지,5352,12202,10713,1669
서울,광진구,재생에너지,6259,13049,12341,1882
서울,동대문구,재생에너지,6743,14511,11993,2707
서울,중랑구,재생에너지,6233,12125,10630,581
서울,성북구,재생에너지,6755,9575,10043,631
서울,강북구,재생에너지,4534,8012,7467,514
서울,도봉구,재생에너지,5491,8791,7808,528
서울,노원구,재생에너지,19094,30208,22718,507
서울,은평구,재생에너지,9365,13529,12617,1012
서울,서대문구,재생에너지,5619,9104,8606,933
서울,마포구,재생에너지,20737,14199,13649,667
서울,양천구,재생에너지,13489,10532,9664,577
서울,강서구,재생에너지,22883,60225,34600,6987
서울,구로구,재생에너지,7558,13588,12324,1349
서울,금천구,재생에너지,4741,9486,9500,1968
서울,영등포구,재생에너지,7856,12664,12553,3439
서울,동작구,재생에너지,5632,6385,7415,1322
서울,관악구,재생에너지,8049,14783,13300,1576
서울,서초구,재생에너지,8194,10571,11590,1702
서울,강남구,재생에너지,40598,48221,34900,3396
서울,송파구,재생에너지,15920,22899,20891,3638
서울,강동구,재생에너지,10378,25356,23575,5580
서울,기타,재생에너지,2419,7206,6150,0
부산,부산,재생에너지,224198,490391,416411,53775
부산,중구,재생에너지,949,1697,1304,15
부산,서구,재생에너지,2752,4700,3588,68
부산,동구,재생에너지,2417,4917,4080,113
부산,영도구,재생에너지,3647,8044,6786,470
부산,부산진구,재생에너지,6513,8151,9473,4062
부산,동래구,재생에너지,7720,7511,6797,224
부산,남구,재생에너지,21261,18297,12661,319
부산,북구,재생에너지,5405,8059,7500,317
부산,해운대구,재생에너지,13156,13442,9616,117
부산,사하구,재생에너지,19638,32460,24369,2106
부산,금정구,재생에너지,7408,19478,16487,458
부산,강서구,재생에너지,100804,271191,234090,31509
부산,연제구,재생에너지,4145,5727,4605,261
부산,수영구,재생에너지,3183,4334,3732,142
부산,사상구,재생에너지,5507,11246,9632,1506
부산,기장군,재생에너지,19291,70253,60986,12088
부산,기타,재생에너지,403,885,705,0
대구,대구,재생에너지,260724,643640,566427,107533
대구,중구,재생에너지,2149,2667,2713,1034
대구,동구,재생에너지,17232,39741,37163,6580
대구,서구,재생에너지,6800,15783,17030,4810
대구,남구,재생에너지,3738,7028,5499,419
대구,북구,재생에너지,21868,51177,48711,12747
대구,수성구,재생에너지,10555,16236,13084,977
대구,달서구,재생에너지,71327,106784,99764,30976
대구,달성군,재생에너지,77232,183752,170847,44350
대구,군위군,재생에너지,49160,218711,170229,5640
대구,기타,재생에너지,663,1761,1386,0
인천,인천,재생에너지,307326,569333,621065,57531
인천,중구,재생에너지,22092,55992,71404,15101
인천,동구,재생에너지,1543,2940,3420,1565
인천,미추홀구,재생에너지,72750,26735,18082,780
인천,연수구,재생에너지,29577,24301,20049,1403
인천,남동구,재생에너지,25024,39790,33353,3673
인천,부평구,재생에너지,10904,11346,10215,1726
인천,계양구,재생에너지,6729,10171,9083,938
인천,서구,재생에너지,105519,270220,147983,19809
인천,강화군,재생에너지,18048,67178,59647,12092
인천,옹진군,재생에너지,14155,59224,246637,443
인천,기타,재생에너지,986,1437,1193,0
광주,광주,재생에너지,145188,502790,467236,93539
광주,동구,재생에너지,7010,22608,16298,2320
광주,서구,재생에너지,20269,41482,39826,4641
광주,남구,재생에너지,11761,33865,28593,3401
광주,북구,재생에너지,28953,91805,87139,19408
광주,광산구,재생에너지,76222,309948,292772,63768
광주,기타,재생에너지,973,3082,2607,0
대전,대전,재생에너지,100699,166499,164386,27470
대전,동구,재생에너지,8410,20542,18573,2486
대전,중구,재생에너지,6462,13544,13128,3055
대전,서구,재생에너지,13065,25182,28075,2728
대전,유성구,재생에너지,32326,54815,51416,9623
대전,대덕구,재생에너지,39841,50686,51774,9579
대전,기타,재생에너지,595,1730,1418,0
울산,울산,재생에너지,429587,485392,251974,44859
울산,중구,재생에너지,6812,7733,11650,1161
울산,남구,재생에너지,128478,41582,38430,6681
울산,동구,재생에너지,6768,8104,9929,2218
울산,북구,재생에너지,14032,45951,38628,7299
울산,울주군,재생에너지,273114,381180,152665,27501
울산,기타,재생에너지,384,842,671,0
세종,세종,재생에너지,90679,159557,137540,19911
경기,경기,재생에너지,1701722,4770352,3317947,492352
경기,수원시,재생에너지,45495,55987,51475,5053
경기,성남시,재생에너지,48999,30761,25699,843
경기,의정부시,재생에너지,20696,25022,18804,2536
경기,안양시,재생에너지,21336,16667,15523,1576
경기,부천시,재생에너지,26268,19712,21299,2066
경기,광명시,재생에너지,12095,11372,9593,691
경기,평택시,재생에너지,166963,444787,223806,46023
경기,동두천시,재생에너지,35559,20275,16320,3175
경기,안산시,재생에너지,168039,509501,341727,17649
경기,고양시,재생에너지,47751,79088,74387,10406
경기,과천시,재생에너지,3928,3193,3320,664
경기,구리시,재생에너지,8574,8080,7214,486
경기,남양주시,재생에너지,122614,493198,178313,9850
경기,오산시,재생에너지,19135,25344,21289,1893
경기,시흥시,재생에너지,56084,74571,71378,14672
경기,군포시,재생에너지,10518,11683,14523,8137
경기,의왕시,재생에너지,4734,9229,7808,301
경기,하남시,재생에너지,10480,16366,16334,965
경기,용인시,재생에너지,71470,108734,103306,16726
경기,파주시,재생에너지,54381,160009,154319,37058
경기,이천시,재생에너지,62955,229313,198104,28744
경기,안성시,재생에너지,61795,255821,230316,52116
경기,김포시,재생에너지,38738,129806,118609,28459
경기,화성시,재생에너지,116470,394963,349283,66033
경기,광주시,재생에너지,27481,78756,77610,16322
경기,양주시,재생에너지,33724,75197,73151,17540
경기,포천시,재생에너지,143089,438625,190598,38867
경기,여주시,재생에너지,72593,318665,220836,27479
경기,연천군,재생에너지,72388,266492,210593,17717
경기,가평군,재생에너지,85236,371269,193754,5098
경기,양평군,재생에너지,26156,81013,73046,13207
경기,기타,재생에너지,5979,6853,5610,0
강원,강원,재생에너지,1772538,6389619,3883957,244524
강원,춘천시,재생에너지,209391,908144,423556,16072
강원,원주시,재생에너지,72929,247440,207489,23264
강원,강릉시,재생에너지,435777,1765978,652961,8747
강원,동해시,재생에너지,167788,244812,133157,4052
강원,태백시,재생에너지,85940,390474,249548,1230
강원,속초시,재생에너지,9047,21318,14168,871
강원,삼척시,재생에너지,137967,332664,306364,10964
강원,홍천군,재생에너지,55086,217215,194915,30876
강원,횡성군,재생에너지,45185,186483,139024,14721
강원,영월군,재생에너지,99706,218404,186380,7763
강원,평창군,재생에너지,117098,499075,349107,29864
강원,정선군,재생에너지,50822,170700,132065,7476
강원,철원군,재생에너지,58621,250026,221405,25595
강원,화천군,재생에너지,84337,372866,212571,2025
강원,양구군,재생에너지,31639,129700,107398,3856
강원,인제군,재생에너지,42154,152053,132941,8460
강원,고성군,재생에너지,39030,167034,139222,4523
강원,양양군,재생에너지,26335,111256,78617,44163
강원,기타,재생에너지,3686,3977,3067,0
충북,충북,재생에너지,990010,3244426,2440162,263805
충북,충주시,재생에너지,243829,1089903,624584,22728
충북,제천시,재생에너지,80360,161147,136333,21042
충북,청주시,재생에너지,224599,630557,502050,69972
충북,보은군,재생에너지,45394,195167,157562,8068
충북,옥천군,재생에너지,48225,208644,172245,18534
충북,영동군,재생에너지,36530,145937,124788,16255
충북,진천군,재생에너지,51477,186829,167728,25343
충북,괴산군,재생에너지,45618,185611,162001,18656
충북,음성군,재생에너지,65575,258625,231658,40879
충북,단양군,재생에너지,134232,127268,110078,12101
충북,증평군,재생에너지,12401,51492,48485,10228
충북,기타,재생에너지,1772,3247,2651,0
충남,충남,재생에너지,1939487,7609677,4907222,584220
충남,천안시,재생에너지,106599,287909,264633,59419
충남,공주시,재생에너지,76457,276599,232243,22172
충남,보령시,재생에너지,89733,369944,378239,12059
충남,아산시,재생에너지,97994,317462,267221,38057
충남,서산시,재생에너지,396130,1484523,663105,175641
충남,논산시,재생에너지,112269,472184,376580,26965
충남,계룡시,재생에너지,3366,7265,6913,2446
충남,당진시,재생에너지,493246,2053214,692720,83478
충남,금산군,재생에너지,70770,289414,228780,19683
충남,부여군,재생에너지,79189,317262,259035,10370
충남,서천군,재생에너지,61986,263130,209860,12492
충남,청양군,재생에너지,27253,92037,80161,8025
충남,홍성군,재생에너지,60943,245433,205262,9199
충남,예산군,재생에너지,58912,221859,206340,45797
충남,태안군,재생에너지,201357,908421,833766,58417
충남,기타,재생에너지,3281,3017,2362,0
전북,전북,재생에너지,3189603,11249291,5738425,337265
전북,전주시,재생에너지,141917,474721,178896,18597
전북,군산시,재생에너지,1661360,5146261,1283930,40169
전북,익산시,재생에너지,286202,952039,721932,55658
전북,정읍시,재생에너지,179602,791184,563469,15436
전북,남원시,재생에너지,156193,689964,550177,36132
전북,김제시,재생에너지,176239,774476,612378,48640
전북,완주군,재생에너지,151770,535130,353047,31525
전북,진안군,재생에너지,54546,235576,180248,17653
전북,무주군,재생에너지,24365,93905,80983,16576
전북,장수군,재생에너지,65020,280814,225069,3925
전북,임실군,재생에너지,67234,297018,236935,6559
전북,순창군,재생에너지,33873,138011,129207,27457
전북,고창군,재생에너지,112524,508191,360634,9176
전북,부안군,재생에너지,74158,328048,258442,9763
전북,기타,재생에너지,4599,3954,3077,0
전남,전남,재생에너지,2090671,8835284,7108104,630788
전남,목포시,재생에너지,29548,106212,86075,6408
전남,여수시,재생에너지,121353,284664,208427,21826
전남,순천시,재생에너지,115744,484040,351335,19274
전남,나주시,재생에너지,142376,601232,505295,38245
전남,광양시,재생에너지,61000,252907,210491,22115
전남,담양군,재생에너지,31550,105498,104554,27731
전남,곡성군,재생에너지,26261,109309,96267,10233
전남,구례군,재생에너지,9161,29280,27578,3362
전남,고흥군,재생에너지,161472,716200,559427,12602
전남,보성군,재생에너지,66189,288677,225392,30452
전남,화순군,재생에너지,92352,391296,283839,13105
전남,장흥군,재생에너지,51784,213992,186105,18545
전남,강진군,재생에너지,70519,288967,234074,9069
전남,해남군,재생에너지,184181,832269,658805,12200
전남,영암군,재생에너지,162872,745930,609499,46730
전남,무안군,재생에너지,110568,476575,377152,20121
전남,함평군,재생에너지,37963,164207,147269,30540
전남,영광군,재생에너지,202122,922540,679406,14081
전남,장성군,재생에너지,46141,194330,169898,19164
전남,완도군,재생에너지,46573,161222,117517,9223
전남,진도군,재생에너지,38344,164220,132021,5346
전남,신안군,재생에너지,280644,1297271,1134252,240415
전남,기타,재생에너지,1956,4445,3426,0
경북,경북,재생에너지,1569320,6429257,4980585,660971
경북,포항시,재생에너지,78824,237214,200135,33697
경북,경주시,재생에너지,101270,411526,323075,66386
경북,김천시,재생에너지,99821,392451,319036,28702
경북,안동시,재생에너지,142695,601322,451732,40999
경북,구미시,재생에너지,96278,339237,276965,40058
경북,영주시,재생에너지,71693,310018,260570,45677
경북,영천시,재생에너지,71727,303234,252932,56765
경북,상주시,재생에너지,140105,615776,481273,34345
경북,문경시,재생에너지,47804,196473,161765,17142
경북,경산시,재생에너지,64883,239370,210178,50229
경북,의성군,재생에너지,96416,430521,338094,28570
경북,청송군,재생에너지,23910,97460,66115,4797
경북,영양군,재생에너지,164415,756906,406560,7183
경북,영덕군,재생에너지,74700,335490,265327,68044
경북,청도군,재생에너지,18739,68841,62106,17050
경북,고령군,재생에너지,21435,86735,77364,23639
경북,성주군,재생에너지,30576,125878,108843,13756
경북,칠곡군,재생에너지,58886,201283,165820,36612
경북,예천군,재생에너지,62684,270147,225453,29138
경북,봉화군,재생에너지,64521,276567,241631,15988
경북,울진군,재생에너지,32532,127343,80726,2164
경북,울릉군,재생에너지,1384,2763,2863,30
경북,기타,재생에너지,4022,2703,2024,0
경남,경남,재생에너지,991184,3673865,3043314,364641
경남,진주시,재생에너지,65574,232016,172065,35660
경남,통영시,재생에너지,15684,52212,49662,2143
경남,사천시,재생에너지,42401,168959,142671,21254
경남,김해시,재생에너지,72578,231415,207620,48547
경남,밀양시,재생에너지,40404,158478,132255,19775
경남,거제시,재생에너지,22649,54642,45509,5647
경남,양산시,재생에너지,54481,186379,136541,29815
경남,창원시,재생에너지,107545,277779,244501,37537
경남,의령군,재생에너지,39656,152209,131113,12422
경남,함안군,재생에너지,85694,219706,148063,33466
경남,창녕군,재생에너지,37428,154294,134659,28600
경남,고성군,재생에너지,49553,211295,272873,11945
경남,남해군,재생에너지,29494,123904,101948,13110
경남,하동군,재생에너지,102702,463622,377719,10506
경남,산청군,재생에너지,32398,136769,111924,7793
경남,함양군,재생에너지,26659,110641,91598,8678
경남,거창군,재생에너지,50388,220253,186982,28031
경남,합천군,재생에너지,111859,510653,348694,9713
경남,기타,재생에너지,4035,8639,6917,0
제주,제주도,재생에너지,697957,2840075,1595999,110608
제주,제주시,재생에너지,282469,1197147,869174,53634
제주,서귀포시,재생에너지,339263,1287184,725743,56974
제주,기타,재생에너지,76225,355743,1081,0
서울,서울,신에너지,133781,626241,92248,4127
서울,종로구,신에너지,106,461,82,34
서울,중구,신에너지,342,1495,378,336
서울,용산구,신에너지,257,1122,203,91
서울,성동구,신에너지,147,641,146,112
서울,광진구,신에너지,108,474,93,53
서울,동대문구,신에너지,303,1324,342,312
서울,중랑구,신에너지,30,132,26,15
서울,성북구,신에너지,84,367,55,7
서울,강북구,신에너지,0,0,0,0
서울,도봉구,신에너지,58,253,48,25
서울,노원구,신에너지,24,107,16,2
서울,은평구,신에너지,97,424,70,21
서울,서대문구,신에너지,22,98,14,0
서울,마포구,신에너지,45569,213903,26083,27
서울,양천구,신에너지,556,2599,337,37
서울,강서구,신에너지,620,2708,648,535
서울,구로구,신에너지,147,641,135,90
서울,금천구,신에너지,1081,4892,966,645
서울,영등포구,신에너지,1079,4886,815,656
서울,동작구,신에너지,38,167,28,9
서울,관악구,신에너지,50,217,38,15
서울,서초구,신에너지,121,531,119,89
서울,강남구,신에너지,324,1414,344,291
서울,송파구,신에너지,1422,6575,1038,105
서울,강동구,신에너지,80642,378399,59886,620
서울,기타,신에너지,553,2414,339,0
부산,부산,신에너지,61275,287248,41337,119
부산,중구,신에너지,0,0,0,0
부산,서구,신에너지,16,71,10,0
부산,동구,신에너지,19,82,12,1
부산,영도구,신에너지,8,36,5,0
부산,부산진구,신에너지,77,335,47,0
부산,동래구,신에너지,51,221,36,10
부산,남구,신에너지,147,641,90,0
부산,북구,신에너지,57,249,35,0
부산,해운대구,신에너지,44442,208602,30885,0
부산,사하구,신에너지,261,1204,42,0
부산,금정구,신에너지,117,513,84,24
부산,강서구,신에너지,15754,73871,9849,0
부산,연제구,신에너지,173,755,106,0
부산,수영구,신에너지,93,406,78,42
부산,사상구,신에너지,21,93,13,0
부산,기장군,신에너지,34,150,42,42
부산,기타,신에너지,5,21,3,0
대구,대구,신에너지,7858,36603,4648,0
대구,중구,신에너지,0,0,0,0
대구,동구,신에너지,196,855,120,0
대구,서구,신에너지,65,285,40,0
대구,남구,신에너지,36,157,22,0
대구,북구,신에너지,157,684,96,0
대구,수성구,신에너지,5486,25741,3029,0
대구,달서구,신에너지,1705,7949,1210,0
대구,달성군,신에너지,201,876,123,0
대구,군위군,신에너지,0,0,0,0
대구,기타,신에너지,13,57,8,0
인천,인천,신에너지,362097,1699530,246603,18490
인천,중구,신에너지,300,1366,187,0
인천,동구,신에너지,65973,309724,39618,0
인천,미추홀구,신에너지,215,940,137,10
인천,연수구,신에너지,274,1196,168,0
인천,남동구,신에너지,256,1118,157,0
인천,부평구,신에너지,33,142,20,0
인천,계양구,신에너지,68,299,42,0
인천,서구,신에너지,294894,1384383,206223,18480
인천,강화군,신에너지,60,262,37,0
인천,옹진군,신에너지,16,71,10,0
인천,기타,신에너지,7,28,4,0
광주,광주,신에너지,37672,176458,21794,6
광주,동구,신에너지,492,2151,302,0
광주,서구,신에너지,21817,102389,12394,0
광주,남구,신에너지,138,602,85,1
광주,북구,신에너지,646,2983,408,5
광주,광산구,신에너지,14574,68312,8602,0
광주,기타,신에너지,5,21,3,0
대전,대전,신에너지,18951,86782,11342,171
대전,동구,신에너지,209,911,153,50
대전,중구,신에너지,114,498,70,0
대전,서구,신에너지,215,940,157,50
대전,유성구,신에너지,12290,57643,7205,71
대전,대덕구,신에너지,6108,26726,3748,0
대전,기타,신에너지,15,64,9,0
울산,울산,신에너지,56491,265085,37544,1323
울산,중구,신에너지,0,0,0,0
울산,남구,신에너지,8580,40251,8138,0
울산,동구,신에너지,33,142,20,0
울산,북구,신에너지,33245,156079,21125,1320
울산,울주군,신에너지,14630,68599,8259,3
울산,기타,신에너지,3,14,2,0
세종,세종,신에너지,8591,40327,5301,10
경기,경기,신에너지,338282,1586797,259309,585
경기,수원시,신에너지,395,1723,242,0
경기,성남시,신에너지,44246,207609,39814,0
경기,의정부시,신에너지,34,150,21,0
경기,안양시,신에너지,5146,24135,4866,45
경기,부천시,신에너지,16239,76174,10680,0
경기,광명시,신에너지,4323,20271,2687,0
경기,평택시,신에너지,21759,101990,16147,0
경기,동두천시,신에너지,0,0,0,0
경기,안산시,신에너지,5212,24366,4150,441
경기,고양시,신에너지,7610,35700,5350,30
경기,과천시,신에너지,2,7,1,0
경기,구리시,신에너지,0,0,0,0
경기,남양주시,신에너지,18,78,11,0
경기,오산시,신에너지,176,769,111,6
경기,시흥시,신에너지,8944,41842,6438,5
경기,군포시,신에너지,82,356,50,0
경기,의왕시,신에너지,15023,70528,9901,0
경기,하남시,신에너지,62,271,43,10
경기,용인시,신에너지,292,1320,213,25
경기,파주시,신에너지,12647,59358,8142,10
경기,이천시,신에너지,16768,78674,9694,0
경기,안성시,신에너지,103,449,63,0
경기,김포시,신에너지,88,385,54,0
경기,화성시,신에너지,161235,756810,130388,13
경기,광주시,신에너지,16967,79619,9670,0
경기,양주시,신에너지,91,399,56,0
경기,포천시,신에너지,713,3340,451,0
경기,여주시,신에너지,8,36,5,0
경기,연천군,신에너지,0,0,0,0
경기,가평군,신에너지,0,0,0,0
경기,양평군,신에너지,0,0,0,0
경기,기타,신에너지,101,441,62,0
강원,강원,신에너지,175888,825664,98720,65
강원,춘천시,신에너지,55165,258958,29456,0
강원,원주시,신에너지,164,716,128,55
강원,강릉시,신에너지,37268,174957,19820,0
강원,동해시,신에너지,30509,143233,19200,0
강원,태백시,신에너지,0,0,0,0
강원,속초시,신에너지,0,0,0,0
강원,삼척시,신에너지,2,7,1,0
강원,홍천군,신에너지,0,0,0,0
강원,횡성군,신에너지,8,36,5,0
강원,영월군,신에너지,52616,247022,30000,0
강원,평창군,신에너지,143,671,96,0
강원,정선군,신에너지,0,0,0,0
강원,철원군,신에너지,0,0,0,0
강원,화천군,신에너지,0,0,0,0
강원,양구군,신에너지,0,0,0,0
강원,인제군,신에너지,0,0,0,0
강원,고성군,신에너지,8,36,10,10
강원,양양군,신에너지,0,0,0,0
강원,기타,신에너지,7,28,4,0
충북,충북,신에너지,70310,329960,59662,19825
충북,충주시,신에너지,65,285,40,0
충북,제천시,신에너지,16,71,10,0
충북,청주시,신에너지,31617,148386,19892,0
충북,보은군,신에너지,3871,18160,19835,19815
충북,옥천군,신에너지,33,142,20,0
충북,영동군,신에너지,0,0,0,0
충북,진천군,신에너지,49,214,30,0
충북,괴산군,신에너지,16,71,10,0
충북,음성군,신에너지,34635,162596,19815,0
충북,단양군,신에너지,0,0,0,0
충북,증평군,신에너지,8,36,10,10
충북,기타,신에너지,0,0,0,0
충남,충남,신에너지,585090,2746625,429588,38
충남,천안시,신에너지,8739,40895,5529,6
충남,공주시,신에너지,82,356,50,0
충남,보령시,신에너지,11287,52988,7481,0
충남,아산시,신에너지,201,876,124,2
충남,서산시,신에너지,86509,406133,50180,0
충남,논산시,신에너지,33,142,20,0
충남,계룡시,신에너지,2,7,1,0
충남,당진시,신에너지,36886,173166,19833,30
충남,금산군,신에너지,18,78,11,0
충남,부여군,신에너지,0,0,0,0
충남,서천군,신에너지,0,0,0,0
충남,청양군,신에너지,0,0,0,0
충남,홍성군,신에너지,33,142,20,0
충남,예산군,신에너지,8,36,5,0
충남,태안군,신에너지,441288,2071775,346330,0
충남,기타,신에너지,7,28,4,0
전북,전북,신에너지,25867,121195,16745,50
전북,전주시,신에너지,444,1937,297,50
전북,군산시,신에너지,117,513,282,0
전북,익산시,신에너지,24397,114485,15315,0
전북,정읍시,신에너지,0,0,0,0
전북,남원시,신에너지,0,0,0,0
전북,김제시,신에너지,0,0,0,0
전북,완주군,신에너지,891,4182,840,0
전북,진안군,신에너지,0,0,0,0
전북,무주군,신에너지,0,0,0,0
전북,장수군,신에너지,0,0,0,0
전북,임실군,신에너지,0,0,0,0
전북,순창군,신에너지,0,0,0,0
전북,고창군,신에너지,0,0,0,0
전북,부안군,신에너지,10,43,6,0
전북,기타,신에너지,8,36,5,0
전남,전남,신에너지,72809,341588,69011,10
전남,목포시,신에너지,208,910,128,0
전남,여수시,신에너지,70994,333290,43190,0
전남,순천시,신에너지,235,1025,10544,0
전남,나주시,신에너지,51,221,31,0
전남,광양시,신에너지,1178,5515,15030,10
전남,담양군,신에너지,8,36,5,0
전남,곡성군,신에너지,16,71,10,0
전남,구례군,신에너지,0,0,0,0
전남,고흥군,신에너지,0,0,0,0
전남,보성군,신에너지,0,0,0,0
전남,화순군,신에너지,36,157,22,0
전남,장흥군,신에너지,0,0,0,0
전남,강진군,신에너지,16,71,10,0
전남,해남군,신에너지,0,0,0,0
전남,영암군,신에너지,0,0,0,0
전남,무안군,신에너지,33,142,20,0
전남,함평군,신에너지,0,0,0,0
전남,영광군,신에너지,34,150,21,0
전남,장성군,신에너지,0,0,0,0
전남,완도군,신에너지,0,0,0,0
전남,진도군,신에너지,0,0,0,0
전남,신안군,신에너지,0,0,0,0
전남,기타,신에너지,0,0,0,0
경북,경북,신에너지,92863,435523,67844,28723
경북,포항시,신에너지,36997,173628,19926,0
경북,경주시,신에너지,29,128,18,0
경북,김천시,신에너지,38,164,24,2
경북,안동시,신에너지,98,427,60,0
경북,구미시,신에너지,4467,20870,2587,1
경북,영주시,신에너지,0,0,0,0
경북,영천시,신에너지,34,150,21,0
경북,상주시,신에너지,0,0,0,0
경북,문경시,신에너지,27886,130904,15030,0
경북,경산시,신에너지,95,413,58,0
경북,의성군,신에너지,0,0,0,0
경북,청송군,신에너지,0,0,0,0
경북,영양군,신에너지,0,0,0,0
경북,영덕군,신에너지,47,207,34,10
경북,청도군,신에너지,16,71,10,0
경북,고령군,신에너지,0,0,0,0
경북,성주군,신에너지,0,0,0,0
경북,칠곡군,신에너지,22716,106639,29806,28710
경북,예천군,신에너지,0,0,0,0
경북,봉화군,신에너지,0,0,0,0
경북,울진군,신에너지,33,142,20,0
경북,울릉군,신에너지,0,0,0,0
경북,기타,신에너지,408,1780,250,0
경남,경남,신에너지,10554,49078,10212,4842
경남,진주시,신에너지,134,584,82,0
경남,통영시,신에너지,0,0,0,0
경남,사천시,신에너지,0,0,0,0
경남,김해시,신에너지,256,1118,157,0
경남,밀양시,신에너지,49,214,30,0
경남,거제시,신에너지,49,214,30,0
경남,양산시,신에너지,421,1837,258,0
경남,창원시,신에너지,9050,42343,9292,4842
경남,의령군,신에너지,29,128,18,0
경남,함안군,신에너지,8,36,5,0
경남,창녕군,신에너지,0,0,0,0
경남,고성군,신에너지,0,0,0,0
경남,남해군,신에너지,0,0,0,0
경남,하동군,신에너지,0,0,0,0
경남,산청군,신에너지,16,71,10,0
경남,함양군,신에너지,0,0,0,0
경남,거창군,신에너지,533,2498,325,0
경남,합천군,신에너지,0,0,0,0
경남,기타,신에너지,8,36,5,0
제주,제주도,신에너지,98,427,60,0
제주,제주시,신에너지,98,427,60,0
제주,서귀포시,신에너지,0,0,0,0
제주,기타,신에너지,0,0,0,0
서울,서울,태양열,397,0,0,0
서울,종로구,태양열,28,0,0,0
서울,중구,태양열,5,0,0,0
서울,용산구,태양열,7,0,0,0
서울,성동구,태양열,15,0,0,0
서울,광진구,태양열,11,0,0,0
서울,동대문구,태양열,23,0,0,0
서울,중랑구,태양열,11,0,0,0
서울,성북구,태양열,7,0,0,0
서울,강북구,태양열,5,0,0,0
서울,도봉구,태양열,7,0,0,0
서울,노원구,태양열,16,0,0,0
서울,은평구,태양열,11,0,0,0
서울,서대문구,태양열,15,0,0,0
서울,마포구,태양열,58,0,0,0
서울,양천구,태양열,17,0,0,0
서울,강서구,태양열,28,0,0,0
서울,구로구,태양열,1,0,0,0
서울,금천구,태양열,6,0,0,0
서울,영등포구,태양열,21,0,0,0
서울,동작구,태양열,27,0,0,0
서울,관악구,태양열,17,0,0,0
서울,서초구,태양열,19,0,0,0
서울,강남구,태양열,11,0,0,0
서울,송파구,태양열,7,0,0,0
서울,강동구,태양열,8,0,0,0
서울,기타,태양열,20,0,0,0
부산,부산,태양열,497,0,0,0
부산,중구,태양열,11,0,0,0
부산,서구,태양열,23,0,0,0
부산,동구,태양열,17,0,0,0
부산,영도구,태양열,30,0,0,0
부산,부산진구,태양열,12,0,0,0
부산,동래구,태양열,21,0,0,0
부산,남구,태양열,7,0,0,0
부산,북구,태양열,11,0,0,0
부산,해운대구,태양열,23,0,0,0
부산,사하구,태양열,54,0,0,0
부산,금정구,태양열,34,0,0,0
부산,강서구,태양열,75,0,0,0
부산,연제구,태양열,14,0,0,0
부산,수영구,태양열,13,0,0,0
부산,사상구,태양열,33,0,0,0
부산,기장군,태양열,113,0,0,0
부산,기타,태양열,7,0,0,0
대구,대구,태양열,521,0,0,0
대구,중구,태양열,10,0,0,0
대구,동구,태양열,61,0,0,0
대구,서구,태양열,17,0,0,0
대구,남구,태양열,26,0,0,0
대구,북구,태양열,39,0,0,0
대구,수성구,태양열,66,0,0,0
대구,달서구,태양열,137,0,0,0
대구,달성군,태양열,88,0,0,0
대구,군위군,태양열,70,0,0,0
대구,기타,태양열,7,0,0,0
인천,인천,태양열,523,0,0,0
인천,중구,태양열,18,0,0,0
인천,동구,태양열,4,0,0,0
인천,미추홀구,태양열,53,0,0,0
인천,연수구,태양열,47,0,0,0
인천,남동구,태양열,68,0,0,0
인천,부평구,태양열,15,0,0,0
인천,계양구,태양열,43,0,0,0
인천,서구,태양열,73,0,0,0
인천,강화군,태양열,69,0,0,0
인천,옹진군,태양열,119,0,0,0
인천,기타,태양열,15,0,0,0
광주,광주,태양열,481,0,0,0
광주,동구,태양열,52,0,0,0
광주,서구,태양열,56,0,0,0
광주,남구,태양열,59,0,0,0
광주,북구,태양열,124,0,0,0
광주,광산구,태양열,178,0,0,0
광주,기타,태양열,11,0,0,0
대전,대전,태양열,441,0,0,0
대전,동구,태양열,77,0,0,0
대전,중구,태양열,27,0,0,0
대전,서구,태양열,71,0,0,0
대전,유성구,태양열,103,0,0,0
대전,대덕구,태양열,158,0,0,0
대전,기타,태양열,6,0,0,0
울산,울산,태양열,236,0,0,0
울산,중구,태양열,21,0,0,0
울산,남구,태양열,36,0,0,0
울산,동구,태양열,15,0,0,0
울산,북구,태양열,53,0,0,0
울산,울주군,태양열,110,0,0,0
울산,기타,태양열,1,0,0,0
세종,세종,태양열,87,0,0,0
경기,경기,태양열,1930,0,0,0
경기,수원시,태양열,72,0,0,0
경기,성남시,태양열,47,0,0,0
경기,의정부시,태양열,10,0,0,0
경기,안양시,태양열,3,0,0,0
경기,부천시,태양열,11,0,0,0
경기,광명시,태양열,13,0,0,0
경기,평택시,태양열,196,0,0,0
경기,동두천시,태양열,1,0,0,0
경기,안산시,태양열,105,0,0,0
경기,고양시,태양열,151,0,0,0
경기,과천시,태양열,12,0,0,0
경기,구리시,태양열,11,0,0,0
경기,남양주시,태양열,51,0,0,0
경기,오산시,태양열,60,0,0,0
경기,시흥시,태양열,16,0,0,0
경기,군포시,태양열,10,0,0,0
경기,의왕시,태양열,3,0,0,0
경기,하남시,태양열,5,0,0,0
경기,용인시,태양열,103,0,0,0
경기,파주시,태양열,64,0,0,0
경기,이천시,태양열,74,0,0,0
경기,안성시,태양열,146,0,0,0
경기,김포시,태양열,36,0,0,0
경기,화성시,태양열,65,0,0,0
경기,광주시,태양열,72,0,0,0
경기,양주시,태양열,76,0,0,0
경기,포천시,태양열,94,0,0,0
경기,여주시,태양열,104,0,0,0
경기,연천군,태양열,34,0,0,0
경기,가평군,태양열,186,0,0,0
경기,양평군,태양열,71,0,0,0
경기,기타,태양열,30,0,0,0
강원,강원,태양열,2058,0,0,0
강원,춘천시,태양열,132,0,0,0
강원,원주시,태양열,164,0,0,0
강원,강릉시,태양열,422,0,0,0
강원,동해시,태양열,178,0,0,0
강원,태백시,태양열,39,0,0,0
강원,속초시,태양열,100,0,0,0
강원,삼척시,태양열,92,0,0,0
강원,홍천군,태양열,40,0,0,0
강원,횡성군,태양열,110,0,0,0
강원,영월군,태양열,40,0,0,0
강원,평창군,태양열,70,0,0,0
강원,정선군,태양열,99,0,0,0
강원,철원군,태양열,196,0,0,0
강원,화천군,태양열,46,0,0,0
강원,양구군,태양열,122,0,0,0
강원,인제군,태양열,131,0,0,0
강원,고성군,태양열,40,0,0,0
강원,양양군,태양열,23,0,0,0
강원,기타,태양열,13,0,0,0
충북,충북,태양열,1297,0,0,0
충북,충주시,태양열,102,0,0,0
충북,제천시,태양열,332,0,0,0
충북,청주시,태양열,306,0,0,0
충북,보은군,태양열,15,0,0,0
충북,옥천군,태양열,27,0,0,0
충북,영동군,태양열,44,0,0,0
충북,진천군,태양열,49,0,0,0
충북,괴산군,태양열,50,0,0,0
충북,음성군,태양열,312,0,0,0
충북,단양군,태양열,34,0,0,0
충북,증평군,태양열,15,0,0,0
충북,기타,태양열,12,0,0,0
충남,충남,태양열,2045,0,0,0
충남,천안시,태양열,166,0,0,0
충남,공주시,태양열,116,0,0,0
충남,보령시,태양열,143,0,0,0
충남,아산시,태양열,153,0,0,0
충남,서산시,태양열,119,0,0,0
충남,논산시,태양열,247,0,0,0
충남,계룡시,태양열,17,0,0,0
충남,당진시,태양열,147,0,0,0
충남,금산군,태양열,46,0,0,0
충남,부여군,태양열,171,0,0,0
충남,서천군,태양열,207,0,0,0
충남,청양군,태양열,34,0,0,0
충남,홍성군,태양열,198,0,0,0
충남,예산군,태양열,197,0,0,0
충남,태안군,태양열,61,0,0,0
충남,기타,태양열,25,0,0,0
전북,전북,태양열,1223,0,0,0
전북,전주시,태양열,135,0,0,0
전북,군산시,태양열,91,0,0,0
전북,익산시,태양열,103,0,0,0
전북,정읍시,태양열,72,0,0,0
전북,남원시,태양열,86,0,0,0
전북,김제시,태양열,91,0,0,0
전북,완주군,태양열,163,0,0,0
전북,진안군,태양열,22,0,0,0
전북,무주군,태양열,49,0,0,0
전북,장수군,태양열,13,0,0,0
전북,임실군,태양열,52,0,0,0
전북,순창군,태양열,83,0,0,0
전북,고창군,태양열,81,0,0,0
전북,부안군,태양열,158,0,0,0
전북,기타,태양열,25,0,0,0
전남,전남,태양열,4212,0,0,0
전남,목포시,태양열,98,0,0,0
전남,여수시,태양열,679,0,0,0
전남,순천시,태양열,95,0,0,0
전남,나주시,태양열,350,0,0,0
전남,광양시,태양열,133,0,0,0
전남,담양군,태양열,127,0,0,0
전남,곡성군,태양열,112,0,0,0
전남,구례군,태양열,124,0,0,0
전남,고흥군,태양열,112,0,0,0
전남,보성군,태양열,98,0,0,0
전남,화순군,태양열,122,0,0,0
전남,장흥군,태양열,186,0,0,0
전남,강진군,태양열,48,0,0,0
전남,해남군,태양열,223,0,0,0
전남,영암군,태양열,88,0,0,0
전남,무안군,태양열,119,0,0,0
전남,함평군,태양열,107,0,0,0
전남,영광군,태양열,85,0,0,0
전남,장성군,태양열,216,0,0,0
전남,완도군,태양열,316,0,0,0
전남,진도군,태양열,144,0,0,0
전남,신안군,태양열,597,0,0,0
전남,기타,태양열,31,0,0,0
경북,경북,태양열,4172,0,0,0
경북,포항시,태양열,365,0,0,0
경북,경주시,태양열,303,0,0,0
경북,김천시,태양열,333,0,0,0
경북,안동시,태양열,215,0,0,0
경북,구미시,태양열,146,0,0,0
경북,영주시,태양열,122,0,0,0
경북,영천시,태양열,237,0,0,0
경북,상주시,태양열,271,0,0,0
경북,문경시,태양열,170,0,0,0
경북,경산시,태양열,297,0,0,0
경북,의성군,태양열,89,0,0,0
경북,청송군,태양열,69,0,0,0
경북,영양군,태양열,66,0,0,0
경북,영덕군,태양열,133,0,0,0
경북,청도군,태양열,253,0,0,0
경북,고령군,태양열,113,0,0,0
경북,성주군,태양열,236,0,0,0
경북,칠곡군,태양열,168,0,0,0
경북,예천군,태양열,304,0,0,0
경북,봉화군,태양열,80,0,0,0
경북,울진군,태양열,148,0,0,0
경북,울릉군,태양열,44,0,0,0
경북,기타,태양열,11,0,0,0
경남,경남,태양열,4166,0,0,0
경남,진주시,태양열,190,0,0,0
경남,통영시,태양열,184,0,0,0
경남,사천시,태양열,340,0,0,0
경남,김해시,태양열,147,0,0,0
경남,밀양시,태양열,284,0,0,0
경남,거제시,태양열,210,0,0,0
경남,양산시,태양열,59,0,0,0
경남,창원시,태양열,410,0,0,0
경남,의령군,태양열,275,0,0,0
경남,함안군,태양열,212,0,0,0
경남,창녕군,태양열,278,0,0,0
경남,고성군,태양열,264,0,0,0
경남,남해군,태양열,147,0,0,0
경남,하동군,태양열,337,0,0,0
경남,산청군,태양열,223,0,0,0
경남,함양군,태양열,107,0,0,0
경남,거창군,태양열,226,0,0,0
경남,합천군,태양열,247,0,0,0
경남,기타,태양열,26,0,0,0
제주,제주도,태양열,247,0,0,0
제주,제주시,태양열,145,0,0,0
제주,서귀포시,태양열,98,0,0,0
제주,기타,태양열,4,0,0,0
서울,서울,태양광,69550,307440,294589,45479
서울,종로구,태양광,1609,7041,7086,804
서울,중구,태양광,790,3463,3595,801
서울,용산구,태양광,794,3476,3437,710
서울,성동구,태양광,2726,12202,10713,1669
서울,광진구,태양광,2941,13049,12341,1882
서울,동대문구,태양광,2476,10865,10928,2707
서울,중랑구,태양광,2721,12125,10614,581
서울,성북구,태양광,2182,9575,10043,631
서울,강북구,태양광,1815,8012,7467,514
서울,도봉구,태양광,1993,8791,7808,528
서울,노원구,태양광,2775,12293,13218,507
서울,은평구,태양광,3080,13529,12617,1012
서울,서대문구,태양광,2072,9104,8606,933
서울,마포구,태양광,1532,6729,8649,667
서울,양천구,태양광,1778,7807,7464,577
서울,강서구,태양광,7035,31443,28730,6987
서울,구로구,태양광,3081,13588,12324,1349
서울,금천구,태양광,2155,9486,9500,1968
서울,영등포구,태양광,2887,12664,12553,3439
서울,동작구,태양광,1453,6385,7115,1322
서울,관악구,태양광,3368,14778,13297,1576
서울,서초구,태양광,2396,10571,11590,1702
서울,강남구,태양광,3431,15160,14449,3396
서울,송파구,태양광,5196,22899,20821,3638
서울,강동구,태양광,5651,25356,23575,5580
서울,기타,태양광,1614,7049,6049,0
부산,부산,태양광,92754,425328,372358,53775
부산,중구,태양광,384,1693,1301,15
부산,서구,태양광,1074,4700,3588,68
부산,동구,태양광,1106,4917,4080,113
부산,영도구,태양광,1831,8044,6786,470
부산,부산진구,태양광,1828,8151,9473,4062
부산,동래구,태양광,1695,7471,6787,224
부산,남구,태양광,3106,14089,12061,319
부산,북구,태양광,1815,8059,7500,317
부산,해운대구,태양광,1795,7963,6816,117
부산,사하구,태양광,5799,26540,22966,2106
부산,금정구,태양광,4271,19270,16377,458
부산,강서구,태양광,47757,222028,194997,31509
부산,연제구,태양광,1306,5727,4605,261
부산,수영구,태양광,987,4329,3729,142
부산,사상구,태양광,2507,11246,9632,1506
부산,기장군,태양광,15290,70216,60954,12088
부산,기타,태양광,203,885,705,0
대구,대구,태양광,128850,595275,530193,107533
대구,중구,태양광,604,2667,2713,1034
대구,동구,태양광,8806,39741,37163,6580
대구,서구,태양광,3443,15783,15530,4810
대구,남구,태양광,1597,7028,5499,419
대구,북구,태양광,11198,51177,47761,12747
대구,수성구,태양광,3245,14391,12524,977
대구,달서구,태양광,21604,99768,94504,30976
대구,달성군,태양광,35222,163057,154941,44350
대구,군위군,태양광,42730,199913,158179,5640
대구,기타,태양광,401,1750,1379,0
인천,인천,태양광,72487,328422,309798,57531
인천,중구,태양광,11925,53784,55534,15101
인천,동구,태양광,649,2940,3420,1565
인천,미추홀구,태양광,2263,10022,10022,780
인천,연수구,태양광,4260,18810,17069,1403
인천,남동구,태양광,8766,39592,33033,3673
인천,부평구,태양광,2551,11346,10215,1726
인천,계양구,태양광,2275,10171,9083,938
인천,서구,태양광,20120,92230,89680,19809
인천,강화군,태양광,14803,67178,59647,12092
인천,옹진군,태양광,4546,20915,20905,443
인천,기타,태양광,328,1434,1191,0
광주,광주,태양광,105618,487051,459322,93539
광주,동구,태양광,3640,16443,15538,2320
광주,서구,태양광,8862,40205,37123,4641
광주,남구,태양광,6407,28703,25402,3401
광주,북구,태양광,20108,91805,87139,19408
광주,광산구,태양광,65895,306813,291512,63768
광주,기타,태양광,706,3082,2607,0
대전,대전,태양광,36425,163820,159021,27470
대전,동구,태양광,4541,20542,18573,2486
대전,중구,태양광,3035,13544,13128,3055
대전,서구,태양광,5664,25182,28075,2728
대전,유성구,태양광,12178,54598,51316,9623
대전,대덕구,태양광,10681,48534,46709,9579
대전,기타,태양광,325,1421,1218,0
울산,울산,태양광,49773,228175,209734,44859
울산,중구,태양광,1763,7733,11650,1161
울산,남구,태양광,8369,37971,35130,6681
울산,동구,태양광,1841,8104,7729,2218
울산,북구,태양광,9970,45951,38628,7299
울산,울주군,태양광,27639,127576,115927,27501
울산,기타,태양광,192,839,669,0
세종,세종,태양광,30026,137531,126860,19911
경기,경기,태양광,625847,2880148,2631810,490712
경기,수원시,태양광,10258,45501,41547,5053
경기,성남시,태양광,6173,27271,24999,843
경기,의정부시,태양광,4020,18067,16883,2536
경기,안양시,태양광,2200,9759,10109,1576
경기,부천시,태양광,3641,16099,15869,2066
경기,광명시,태양광,2526,11372,9593,691
경기,평택시,태양광,41716,191413,179406,46023
경기,동두천시,태양광,3094,14215,13885,3175
경기,안산시,태양광,17422,79632,74857,17649
경기,고양시,태양광,15549,70767,65777,10406
경기,과천시,태양광,724,3193,3320,664
경기,구리시,태양광,1501,6658,6369,486
경기,남양주시,태양광,13418,60613,57563,9850
경기,오산시,태양광,5648,25344,21289,1893
경기,시흥시,태양광,15433,71080,68978,14672
경기,군포시,태양광,2560,11683,14523,8137
경기,의왕시,태양광,2084,9229,7808,301
경기,하남시,태양광,3670,16366,16334,965
경기,용인시,태양광,22198,100563,95112,16726
경기,파주시,태양광,34621,159594,153409,37058
경기,이천시,태양광,46521,216008,190305,28744
경기,안성시,태양광,54677,254596,229696,52116
경기,김포시,태양광,28175,129806,118609,28459
경기,화성시,태양광,83121,383758,342480,66028
경기,광주시,태양광,15981,73097,74660,16322
경기,양주시,태양광,14939,68372,65745,17540
경기,포천시,태양광,39040,181079,173608,38867
경기,여주시,태양광,52026,242093,207891,27434
경기,연천군,태양광,50288,234883,198903,16127
경기,가평군,태양광,13087,60208,53651,5098
경기,양평군,태양광,17975,81013,73046,13207
경기,기타,태양광,1561,6817,5587,0
강원,강원,태양광,535854,2495528,2174744,201414
강원,춘천시,태양광,26714,122858,109560,15872
강원,원주시,태양광,49265,228558,195619,23264
강원,강릉시,태양광,34107,158166,136449,8747
강원,동해시,태양광,9403,43180,38115,4052
강원,태백시,태양광,18162,84966,73450,1230
강원,속초시,태양광,3300,14912,12330,871
강원,삼척시,태양광,40923,190783,166879,10964
강원,홍천군,태양광,46445,216618,194485,30876
강원,횡성군,태양광,22890,106371,96834,14281
강원,영월군,태양광,34883,162851,137912,7763
강원,평창군,태양광,44172,206540,190254,29864
강원,정선군,태양광,23511,109631,95125,7476
강원,철원군,태양광,53357,249409,220940,25595
강원,화천군,태양광,25931,121364,104428,2025
강원,양구군,태양광,27715,129495,107198,3856
강원,인제군,태양광,32349,150860,126601,8460
강원,고성군,태양광,35584,166093,138882,4443
강원,양양군,태양광,6537,30234,27477,1773
강원,기타,태양광,605,2642,2204,0
충북,충북,태양광,463948,2151784,1902164,263805
충북,충주시,태양광,50285,232450,206824,22728
충북,제천시,태양광,32446,150213,132609,21042
충북,청주시,태양광,95633,441276,401201,69972
충북,보은군,태양광,41363,192900,156612,8068
충북,옥천군,태양광,43860,204622,171125,18534
충북,영동군,태양광,31365,145937,124788,16255
충북,진천군,태양광,40251,186150,167298,25343
충북,괴산군,태양광,38132,177454,159401,18656
충북,음성군,태양광,55094,256482,230516,40879
충북,단양군,태양광,23634,109574,100662,12101
충북,증평군,태양광,11145,51492,48485,10228
충북,기타,태양광,741,3234,2643,0
충남,충남,태양광,1024721,4782170,4083348,583190
충남,천안시,태양광,59738,277372,258783,59419
충남,공주시,태양광,58770,273812,228893,22172
충남,보령시,태양광,56111,261863,213664,12059
충남,아산시,태양광,65022,301762,264331,37137
충남,서산시,태양광,114988,537853,530345,175641
충남,논산시,태양광,99925,467185,375400,26965
충남,계룡시,태양광,1621,7265,6913,2446
충남,당진시,태양광,83265,388525,364820,83478
충남,금산군,태양광,59515,277680,226480,19583
충남,부여군,태양광,67870,317259,256395,10370
충남,서천군,태양광,56384,263031,206964,12482
충남,청양군,태양광,19557,90597,78381,8025
충남,홍성군,태양광,52325,243788,202822,9199
충남,예산군,태양광,47511,221647,205860,45797
충남,태안군,태양광,181428,849519,660939,58417
충남,기타,태양광,690,3012,2359,0
전북,전북,태양광,1309467,6119083,4916738,312262
전북,전주시,태양광,31138,142250,124891,18597
전북,군산시,태양광,193674,906426,691136,15169
전북,익산시,태양광,188394,880677,700932,55658
전북,정읍시,태양광,139140,650631,522493,15436
전북,남원시,태양광,146568,686229,549357,36132
전북,김제시,태양광,165052,772351,611320,48640
전북,완주군,태양광,78421,365359,317757,31525
전북,진안군,태양광,43755,204611,174018,17653
전북,무주군,태양광,20080,93363,80583,16576
전북,장수군,태양광,58588,274214,222749,3925
전북,임실군,태양광,62105,290340,235285,6559
전북,순창군,태양광,29458,137667,129097,27457
전북,고창군,태양광,82764,387032,300452,9176
전북,부안군,태양광,69426,323987,253596,9760
전북,기타,태양광,903,3944,3071,0
전남,전남,태양광,1680899,7857960,6529787,630484
전남,목포시,태양광,22661,104808,85051,6408
전남,여수시,태양광,37674,173572,144217,21826
전남,순천시,태양광,82848,385980,324343,19270
전남,나주시,태양광,125512,586962,482085,38245
전남,광양시,태양광,54205,252494,210331,22115
전남,담양군,태양광,22280,103342,103005,27731
전남,곡성군,태양광,23499,109309,96267,10233
전남,구례군,태양광,6237,28567,27408,3362
전남,고흥군,태양광,152943,716200,559427,12602
전남,보성군,태양광,55401,258871,219692,30452
전남,화순군,태양광,53774,251333,215962,13105
전남,장흥군,태양광,41427,193380,167305,18545
전남,강진군,태양광,61731,288967,234074,9069
전남,해남군,태양광,177641,832114,658749,12200
전남,영암군,태양광,143736,673610,568749,46730
전남,무안군,태양광,94851,443197,356629,20121
전남,함평군,태양광,35140,164207,147269,30540
전남,영광군,태양광,139315,652716,496906,14081
전남,장성군,태양광,41387,193344,168506,19164
전남,완도군,태양광,26512,123179,99225,9093
전남,진도군,태양광,34945,163415,131371,5176
전남,신안군,태양광,246271,1154428,1030102,240415
전남,기타,태양광,908,3965,3116,0
경북,경북,태양광,1065008,4970367,4183090,609771
경북,포항시,태양광,39621,182596,165282,33697
경북,경주시,태양광,57360,266980,251535,66386
경북,김천시,태양광,80693,376845,315483,28702
경북,안동시,태양광,74784,349406,293672,40999
경북,구미시,태양광,68870,321097,270515,40058
경북,영주시,태양광,63761,297752,255039,45677
경북,영천시,태양광,62760,293234,250879,56765
경북,상주시,태양광,129017,604496,478079,34345
경북,문경시,태양광,40978,191212,158339,17142
경북,경산시,태양광,50668,236018,208088,50229
경북,의성군,태양광,87828,411172,335094,28570
경북,청송군,태양광,12568,58264,46685,4797
경북,영양군,태양광,40659,190459,143610,7183
경북,영덕군,태양광,45847,214222,174547,16874
경북,청도군,태양광,14595,67382,61746,17050
경북,고령군,태양광,17260,80332,74508,23639
경북,성주군,태양광,26341,122792,107040,13756
경북,칠곡군,태양광,39805,185652,162660,36612
경북,예천군,태양광,57306,268311,224528,29138
경북,봉화군,태양광,46228,215435,175321,15988
경북,울진군,태양광,6946,31848,26647,2135
경북,울릉군,태양광,631,2756,2158,30
경북,기타,태양광,482,2105,1637,0
경남,경남,태양광,597262,2766692,2401850,347531
경남,진주시,태양광,35649,164685,153140,35660
경남,통영시,태양광,11139,50527,47928,2143
경남,사천시,태양광,36174,167799,141921,21254
경남,김해시,태양광,47959,221466,204343,48547
경남,밀양시,태양광,32837,151893,130952,19775
경남,거제시,태양광,11339,50354,42503,5647
경남,양산시,태양광,15332,70280,65841,14215
경남,창원시,태양광,57920,264890,235692,36217
경남,의령군,태양광,28676,133707,112363,12422
경남,함안군,태양광,30860,143449,133163,33466
경남,창녕군,태양광,32008,149227,133869,28410
경남,고성군,태양광,24191,112298,99723,11945
경남,남해군,태양광,26787,123882,101934,13110
경남,하동군,태양광,45845,213900,176703,10506
경남,산청군,태양광,28193,131171,109799,7793
경남,함양군,태양광,23739,110590,91198,8678
경남,거창군,태양광,42241,196825,172199,28031
경남,합천군,태양광,64409,301177,241704,9713
경남,기타,태양광,1963,8573,6874,0
제주,제주도,태양광,162028,752958,717180,66408
제주,제주시,태양광,70006,323637,317902,9434
제주,서귀포시,태양광,77906,363120,398381,56974
제주,기타,태양광,14116,66201,898,0
서울,서울,풍력,37,162,105,0
서울,종로구,풍력,0,0,0,0
서울,중구,풍력,0,0,0,0
서울,용산구,풍력,0,0,0,0
서울,성동구,풍력,0,0,0,0
서울,광진구,풍력,0,0,0,0
서울,동대문구,풍력,0,0,0,0
서울,중랑구,풍력,0,0,0,0
서울,성북구,풍력,0,0,0,0
서울,강북구,풍력,0,0,0,0
서울,도봉구,풍력,0,0,0,0
서울,노원구,풍력,0,0,0,0
서울,은평구,풍력,0,0,0,0
서울,서대문구,풍력,0,0,0,0
서울,마포구,풍력,0,0,0,0
서울,양천구,풍력,0,0,0,0
서울,강서구,풍력,0,0,0,0
서울,구로구,풍력,0,0,0,0
서울,금천구,풍력,0,0,0,0
서울,영등포구,풍력,0,0,0,0
서울,동작구,풍력,0,0,0,0
서울,관악구,풍력,1,5,3,0
서울,서초구,풍력,0,0,0,0
서울,강남구,풍력,0,1,1,0
서울,송파구,풍력,0,0,0,0
서울,강동구,풍력,0,0,0,0
서울,기타,풍력,36,156,101,0
부산,부산,풍력,13,56,45,0
부산,중구,풍력,1,4,3,0
부산,서구,풍력,0,0,0,0
부산,동구,풍력,0,0,0,0
부산,영도구,풍력,0,0,0,0
부산,부산진구,풍력,0,0,0,0
부산,동래구,풍력,0,0,0,0
부산,남구,풍력,0,0,0,0
부산,북구,풍력,0,0,0,0
부산,해운대구,풍력,0,0,0,0
부산,사하구,풍력,1,5,3,0
부산,금정구,풍력,0,0,0,0
부산,강서구,풍력,1,6,4,0
부산,연제구,풍력,0,0,0,0
부산,수영구,풍력,1,5,3,0
부산,사상구,풍력,0,0,0,0
부산,기장군,풍력,8,36,32,0
부산,기타,풍력,0,0,0,0
대구,대구,풍력,3370,15818,11563,0
대구,중구,풍력,0,0,0,0
대구,동구,풍력,0,0,0,0
대구,서구,풍력,0,0,0,0
대구,남구,풍력,0,0,0,0
대구,북구,풍력,0,0,0,0
대구,수성구,풍력,0,0,0,0
대구,달서구,풍력,0,0,0,0
대구,달성군,풍력,2,10,6,0
대구,군위군,풍력,3365,15797,11550,0
대구,기타,풍력,2,11,7,0
인천,인천,풍력,4211,19754,49138,0
인천,중구,풍력,0,0,0,0
인천,동구,풍력,0,0,0,0
인천,미추홀구,풍력,0,0,0,0
인천,연수구,풍력,0,0,0,0
인천,남동구,풍력,0,0,0,0
인천,부평구,풍력,0,0,0,0
인천,계양구,풍력,0,0,0,0
인천,서구,풍력,251,1177,3003,0
인천,강화군,풍력,0,0,0,0
인천,옹진군,풍력,3960,18574,46133,0
인천,기타,풍력,1,3,2,0
광주,광주,풍력,1,6,4,0
광주,동구,풍력,0,0,0,0
광주,서구,풍력,1,5,3,0
광주,남구,풍력,0,2,1,0
광주,북구,풍력,0,0,0,0
광주,광산구,풍력,0,0,0,0
광주,기타,풍력,0,0,0,0
대전,대전,풍력,71,309,200,0
대전,동구,풍력,0,0,0,0
대전,중구,풍력,0,0,0,0
대전,서구,풍력,0,0,0,0
대전,유성구,풍력,0,0,0,0
대전,대덕구,풍력,0,0,0,0
대전,기타,풍력,71,309,200,0
울산,울산,풍력,3,15,10,0
울산,중구,풍력,0,0,0,0
울산,남구,풍력,0,0,0,0
울산,동구,풍력,0,0,0,0
울산,북구,풍력,0,0,0,0
울산,울주군,풍력,3,12,8,0
울산,기타,풍력,1,3,2,0
세종,세종,풍력,0,0,0,0
경기,경기,풍력,603,2825,5316,5
경기,수원시,풍력,0,0,0,0
경기,성남시,풍력,0,0,0,0
경기,의정부시,풍력,0,1,1,0
경기,안양시,풍력,0,0,0,0
경기,부천시,풍력,0,0,0,0
경기,광명시,풍력,0,0,0,0
경기,평택시,풍력,0,0,0,0
경기,동두천시,풍력,0,0,0,0
경기,안산시,풍력,589,2765,5274,0
경기,고양시,풍력,0,0,0,0
경기,과천시,풍력,0,0,0,0
경기,구리시,풍력,0,0,0,0
경기,남양주시,풍력,0,0,0,0
경기,오산시,풍력,0,0,0,0
경기,시흥시,풍력,0,0,0,0
경기,군포시,풍력,0,0,0,0
경기,의왕시,풍력,0,0,0,0
경기,하남시,풍력,0,0,0,0
경기,용인시,풍력,0,0,0,0
경기,파주시,풍력,0,0,0,0
경기,이천시,풍력,0,0,0,0
경기,안성시,풍력,0,0,0,0
경기,김포시,풍력,0,0,0,0
경기,화성시,풍력,2,9,8,5
경기,광주시,풍력,0,0,0,0
경기,양주시,풍력,2,9,6,0
경기,포천시,풍력,0,0,0,0
경기,여주시,풍력,0,0,0,0
경기,연천군,풍력,0,0,0,0
경기,가평군,풍력,1,5,3,0
경기,양평군,풍력,0,0,0,0
경기,기타,풍력,8,37,24,0
강원,강원,풍력,210033,985929,571211,42080
강원,춘천시,풍력,6,25,16,0
강원,원주시,풍력,0,0,0,0
강원,강릉시,풍력,16451,77232,30712,0
강원,동해시,풍력,0,0,0,0
강원,태백시,풍력,65069,305487,175600,0
강원,속초시,풍력,1,5,3,0
강원,삼척시,풍력,13141,61687,28953,0
강원,홍천군,풍력,0,0,0,0
강원,횡성군,풍력,16039,75298,40000,0
강원,영월군,풍력,11833,55553,48468,0
강원,평창군,풍력,62310,292535,158853,0
강원,정선군,풍력,8879,41685,32220,0
강원,철원군,풍력,0,0,0,0
강원,화천군,풍력,1,5,3,0
강원,양구군,풍력,7,31,20,0
강원,인제군,풍력,169,776,6140,0
강원,고성군,풍력,18,80,160,80
강원,양양군,풍력,15804,74197,49200,42000
강원,기타,풍력,306,1335,863,0
충북,충북,풍력,13,59,38,0
충북,충주시,풍력,0,0,0,0
충북,제천시,풍력,9,37,24,0
충북,청주시,풍력,1,5,3,0
충북,보은군,풍력,0,0,0,0
충북,옥천군,풍력,0,0,0,0
충북,영동군,풍력,0,0,0,0
충북,진천군,풍력,0,0,0,0
충북,괴산군,풍력,0,0,0,0
충북,음성군,풍력,0,0,0,0
충북,단양군,풍력,1,5,3,0
충북,증평군,풍력,0,0,0,0
충북,기타,풍력,3,12,8,0
충남,충남,풍력,30,130,2105,10
충남,천안시,풍력,0,0,0,0
충남,공주시,풍력,0,0,0,0
충남,보령시,풍력,0,0,0,0
충남,아산시,풍력,4,19,12,0
충남,서산시,풍력,2,7,20,0
충남,논산시,풍력,0,0,0,0
충남,계룡시,풍력,0,0,0,0
충남,당진시,풍력,0,0,0,0
충남,금산군,풍력,0,0,0,0
충남,부여군,풍력,0,0,0,0
충남,서천군,풍력,9,39,30,10
충남,청양군,풍력,0,0,0,0
충남,홍성군,풍력,4,15,2010,0
충남,예산군,풍력,0,0,0,0
충남,태안군,풍력,10,42,27,0
충남,기타,풍력,1,5,3,0
전북,전북,풍력,28494,133421,82533,3
전북,전주시,풍력,1,5,3,0
전북,군산시,풍력,2085,9439,17856,0
전북,익산시,풍력,0,0,0,0
전북,정읍시,풍력,1,5,3,0
전북,남원시,풍력,0,0,0,0
전북,김제시,풍력,3,14,9,0
전북,완주군,풍력,0,0,0,0
전북,진안군,풍력,0,0,0,0
전북,무주군,풍력,0,0,0,0
전북,장수군,풍력,0,0,0,0
전북,임실군,풍력,0,0,0,0
전북,순창군,풍력,0,0,0,0
전북,고창군,풍력,25763,120952,60003,0
전북,부안군,풍력,639,2998,4653,3
전북,기타,풍력,2,9,6,0
전남,전남,풍력,153218,719146,456486,4
전남,목포시,풍력,9,40,26,0
전남,여수시,풍력,780,3660,3058,0
전남,순천시,풍력,536,2518,3007,4
전남,나주시,풍력,0,0,0,0
전남,광양시,풍력,0,0,0,0
전남,담양군,풍력,0,0,0,0
전남,곡성군,풍력,0,0,0,0
전남,구례군,풍력,0,0,0,0
전남,고흥군,풍력,0,0,0,0
전남,보성군,풍력,0,0,0,0
전남,화순군,풍력,29608,139005,67700,0
전남,장흥군,풍력,3990,18734,18000,0
전남,강진군,풍력,0,0,0,0
전남,해남군,풍력,11,46,30,0
전남,영암군,풍력,15423,72320,40750,0
전남,무안군,풍력,6936,32565,19803,0
전남,함평군,풍력,0,0,0,0
전남,영광군,풍력,57362,269306,181900,0
전남,장성군,풍력,0,0,0,0
전남,완도군,풍력,7884,37009,17351,0
전남,진도군,풍력,142,619,400,0
전남,신안군,풍력,30427,142844,104150,0
전남,기타,풍력,110,480,310,0
경북,경북,풍력,219477,1030354,566975,51200
경북,포항시,풍력,9296,43644,22203,0
경북,경주시,풍력,27729,130185,57800,0
경북,김천시,풍력,1,5,3,0
경북,안동시,풍력,0,0,0,0
경북,구미시,풍력,0,0,0,0
경북,영주시,풍력,0,2,1,0
경북,영천시,풍력,1,5,3,0
경북,상주시,풍력,2,8,5,0
경북,문경시,풍력,2,9,6,0
경북,경산시,풍력,0,0,0,0
경북,의성군,풍력,0,0,0,0
경북,청송군,풍력,8033,37714,19200,0
경북,영양군,풍력,120653,566447,262950,0
경북,영덕군,풍력,25831,121268,90780,51170
경북,청도군,풍력,0,0,0,0
경북,고령군,풍력,0,0,0,0
경북,성주군,풍력,1,5,3,0
경북,칠곡군,풍력,0,0,0,0
경북,예천군,풍력,0,0,0,0
경북,봉화군,풍력,7732,36301,60200,0
경북,울진군,풍력,20056,94157,53430,30
경북,울릉군,풍력,2,7,4,0
경북,기타,풍력,137,598,386,0
경남,경남,풍력,32991,154791,102621,15600
경남,진주시,풍력,0,0,0,0
경남,통영시,풍력,1,4,2,0
경남,사천시,풍력,266,1160,750,0
경남,김해시,풍력,1,4,2,0
경남,밀양시,풍력,1,4,2,0
경남,거제시,풍력,2,8,5,0
경남,양산시,풍력,23959,112485,68280,15600
경남,창원시,풍력,3,14,9,0
경남,의령군,풍력,3941,18502,18750,0
경남,함안군,풍력,0,0,0,0
경남,창녕군,풍력,0,0,0,0
경남,고성군,풍력,20,93,750,0
경남,남해군,풍력,5,22,14,0
경남,하동군,풍력,2,10,12,0
경남,산청군,풍력,0,0,0,0
경남,함양군,풍력,0,0,0,0
경남,거창군,풍력,4775,22418,14000,0
경남,합천군,풍력,0,0,0,0
경남,기타,풍력,15,67,43,0
제주,제주도,풍력,143539,673793,422820,4200
제주,제주시,풍력,60377,283440,298926,4200
제주,서귀포시,풍력,21485,100811,123711,0
제주,기타,풍력,61677,289542,183,0
서울,서울,수력,0,0,457,0
서울,종로구,수력,0,0,0,0
서울,중구,수력,0,0,0,0
서울,용산구,수력,0,0,0,0
서울,성동구,수력,0,0,0,0
서울,광진구,수력,0,0,0,0
서울,동대문구,수력,0,0,0,0
서울,중랑구,수력,0,0,16,0
서울,성북구,수력,0,0,0,0
서울,강북구,수력,0,0,0,0
서울,도봉구,수력,0,0,0,0
서울,노원구,수력,0,0,0,0
서울,은평구,수력,0,0,0,0
서울,서대문구,수력,0,0,0,0
서울,마포구,수력,0,0,0,0
서울,양천구,수력,0,0,0,0
서울,강서구,수력,0,0,70,0
서울,구로구,수력,0,0,0,0
서울,금천구,수력,0,0,0,0
서울,영등포구,수력,0,0,0,0
서울,동작구,수력,0,0,300,0
서울,관악구,수력,0,0,0,0
서울,서초구,수력,0,0,0,0
서울,강남구,수력,0,0,0,0
서울,송파구,수력,0,0,70,0
서울,강동구,수력,0,0,1,0
서울,기타,수력,0,0,0,0
부산,부산,수력,56,254,230,0
부산,중구,수력,0,0,0,0
부산,서구,수력,0,0,0,0
부산,동구,수력,0,0,0,0
부산,영도구,수력,0,0,0,0
부산,부산진구,수력,0,0,0,0
부산,동래구,수력,8,40,10,0
부산,남구,수력,0,0,0,0
부산,북구,수력,0,0,0,0
부산,해운대구,수력,0,0,0,0
부산,사하구,수력,0,0,0,0
부산,금정구,수력,46,207,110,0
부산,강서구,수력,2,7,110,0
부산,연제구,수력,0,0,0,0
부산,수영구,수력,0,0,0,0
부산,사상구,수력,0,0,0,0
부산,기장군,수력,0,0,0,0
부산,기타,수력,0,0,0,0
대구,대구,수력,4084,19172,4060,0
대구,중구,수력,0,0,0,0
대구,동구,수력,0,0,0,0
대구,서구,수력,0,0,0,0
대구,남구,수력,0,0,0,0
대구,북구,수력,0,0,0,0
대구,수성구,수력,393,1845,560,0
대구,달서구,수력,0,0,0,0
대구,달성군,수력,3051,14326,3000,0
대구,군위군,수력,639,3001,500,0
대구,기타,수력,0,0,0,0
인천,인천,수력,4249,19933,12919,0
인천,중구,수력,0,0,0,0
인천,동구,수력,0,0,0,0
인천,미추홀구,수력,0,0,0,0
인천,연수구,수력,0,0,0,0
인천,남동구,수력,45,198,320,0
인천,부평구,수력,0,0,0,0
인천,계양구,수력,0,0,0,0
인천,서구,수력,0,0,0,0
인천,강화군,수력,0,0,0,0
인천,옹진군,수력,4204,19735,12599,0
인천,기타,수력,0,0,0,0
광주,광주,수력,2070,9717,1830,0
광주,동구,수력,1313,6165,760,0
광주,서구,수력,0,0,0,0
광주,남구,수력,757,3552,1070,0
광주,북구,수력,0,0,0,0
광주,광산구,수력,0,0,0,0
광주,기타,수력,0,0,0,0
대전,대전,수력,326,1515,270,0
대전,동구,수력,0,0,0,0
대전,중구,수력,0,0,0,0
대전,서구,수력,0,0,0,0
대전,유성구,수력,50,217,100,0
대전,대덕구,수력,276,1298,170,0
대전,기타,수력,0,0,0,0
울산,울산,수력,352,1651,300,0
울산,중구,수력,0,0,0,0
울산,남구,수력,0,0,0,0
울산,동구,수력,0,0,0,0
울산,북구,수력,0,0,0,0
울산,울주군,수력,352,1651,300,0
울산,기타,수력,0,0,0,0
세종,세종,수력,0,0,2310,0
경기,경기,수력,177148,831605,276464,45
경기,수원시,수력,0,0,0,0
경기,성남시,수력,743,3490,700,0
경기,의정부시,수력,0,0,0,0
경기,안양시,수력,136,595,100,0
경기,부천시,수력,0,0,0,0
경기,광명시,수력,0,0,0,0
경기,평택시,수력,0,0,0,0
경기,동두천시,수력,0,0,0,0
경기,안산시,수력,0,0,0,0
경기,고양시,수력,0,0,250,0
경기,과천시,수력,0,0,0,0
경기,구리시,수력,14,64,45,0
경기,남양주시,수력,92141,432585,120000,0
경기,오산시,수력,0,0,0,0
경기,시흥시,수력,0,0,0,0
경기,군포시,수력,0,0,0,0
경기,의왕시,수력,0,0,0,0
경기,하남시,수력,0,0,0,0
경기,용인시,수력,31,143,54,0
경기,파주시,수력,95,415,410,0
경기,이천시,수력,0,0,0,0
경기,안성시,수력,152,712,360,0
경기,김포시,수력,0,0,0,0
경기,화성시,수력,0,0,0,0
경기,광주시,수력,0,0,0,0
경기,양주시,수력,0,0,0,0
경기,포천시,수력,0,0,0,0
경기,여주시,수력,16310,76573,12945,45
경기,연천군,수력,1272,5971,1500,0
경기,가평군,수력,66255,311057,140100,0
경기,양평군,수력,0,0,0,0
경기,기타,수력,0,0,0,0
강원,강원,수력,235492,1105595,524139,0
강원,춘천시,수력,166551,781931,310280,0
강원,원주시,수력,0,0,0,0
강원,강릉시,수력,553,2595,82870,0
강원,동해시,수력,3113,14617,5042,0
강원,태백시,수력,0,0,0,0
강원,속초시,수력,0,0,0,0
강원,삼척시,수력,4674,21945,8332,0
강원,홍천군,수력,127,597,430,0
강원,횡성군,수력,896,4208,1750,0
강원,영월군,수력,0,0,0,0
강원,평창군,수력,0,0,0,0
강원,정선군,수력,4129,19384,4720,0
강원,철원군,수력,132,617,465,0
강원,화천군,수력,53569,251497,108140,0
강원,양구군,수력,37,174,180,0
강원,인제군,수력,89,418,200,0
강원,고성군,수력,184,862,180,0
강원,양양군,수력,1438,6751,1550,0
강원,기타,수력,0,0,0,0
충북,충북,수력,224705,1054953,518644,0
충북,충주시,수력,182240,855585,417000,0
충북,제천시,수력,0,0,0,0
충북,청주시,수력,37790,177418,91700,0
충북,보은군,수력,483,2267,950,0
충북,옥천군,수력,828,3887,990,0
충북,영동군,수력,0,0,0,0
충북,진천군,수력,145,680,430,0
충북,괴산군,수력,1737,8157,2600,0
충북,음성군,수력,156,731,360,0
충북,단양군,수력,1327,6228,4614,0
충북,증평군,수력,0,0,0,0
충북,기타,수력,0,0,0,0
충남,충남,수력,11193,52551,32287,0
충남,천안시,수력,0,0,0,0
충남,공주시,수력,0,0,3000,0
충남,보령시,수력,6092,28600,13645,0
충남,아산시,수력,54,251,216,0
충남,서산시,수력,0,0,0,0
충남,논산시,수력,193,906,320,0
충남,계룡시,수력,0,0,0,0
충남,당진시,수력,0,0,0,0
충남,금산군,수력,2466,11576,2200,0
충남,부여군,수력,1,3,2640,0
충남,서천군,수력,0,0,2586,0
충남,청양군,수력,0,0,0,0
충남,홍성군,수력,0,0,0,0
충남,예산군,수력,45,212,480,0
충남,태안군,수력,2343,11001,7200,0
충남,기타,수력,0,0,0,0
전북,전북,수력,73680,345918,78917,0
전북,전주시,수력,0,0,0,0
전북,군산시,수력,133,625,350,0
전북,익산시,수력,0,0,0,0
전북,정읍시,수력,28452,133580,39455,0
전북,남원시,수력,795,3734,820,0
전북,김제시,수력,0,0,0,0
전북,완주군,수력,34417,161580,27290,0
전북,진안군,수력,6596,30965,6230,0
전북,무주군,수력,115,542,400,0
전북,장수군,수력,1406,6600,2320,0
전북,임실군,수력,1422,6677,1650,0
전북,순창군,수력,73,344,110,0
전북,고창군,수력,44,208,99,0
전북,부안군,수력,227,1064,193,0
전북,기타,수력,0,0,0,0
전남,전남,수력,28980,136059,36791,300
전남,목포시,수력,0,0,0,0
전남,여수시,수력,0,0,0,0
전남,순천시,수력,20351,95542,23986,0
전남,나주시,수력,396,1861,1220,0
전남,광양시,수력,88,413,160,0
전남,담양군,수력,459,2155,1549,0
전남,곡성군,수력,0,0,0,0
전남,구례군,수력,152,713,170,0
전남,고흥군,수력,0,0,0,0
전남,보성군,수력,6332,29728,5600,0
전남,화순군,수력,204,958,177,0
전남,장흥군,수력,400,1877,800,0
전남,강진군,수력,0,0,0,0
전남,해남군,수력,23,108,26,0
전남,영암군,수력,0,0,0,0
전남,무안군,수력,0,0,0,0
전남,함평군,수력,0,0,0,0
전남,영광군,수력,110,518,600,0
전남,장성군,수력,210,986,1392,0
전남,완도군,수력,220,1034,941,130
전남,진도군,수력,35,164,170,170
전남,신안군,수력,0,0,0,0
전남,기타,수력,0,0,0,0
경북,경북,수력,77027,361630,179285,0
경북,포항시,수력,0,0,0,0
경북,경주시,수력,755,3544,990,0
경북,김천시,수력,952,4468,600,0
경북,안동시,수력,49571,232727,142560,0
경북,구미시,수력,2881,13524,3000,0
경북,영주시,수력,2612,12264,5530,0
경북,영천시,수력,1000,4694,1000,0
경북,상주시,수력,2401,11272,3189,0
경북,문경시,수력,1031,4842,3120,0
경북,경산시,수력,41,195,65,0
경북,의성군,수력,4121,19349,3000,0
경북,청송군,수력,316,1481,230,0
경북,영양군,수력,0,0,0,0
경북,영덕군,수력,0,0,0,0
경북,청도군,수력,311,1459,360,0
경북,고령군,수력,1364,6403,2856,0
경북,성주군,수력,656,3081,1800,0
경북,칠곡군,수력,3266,15332,3000,0
경북,예천군,수력,391,1836,925,0
경북,봉화군,수력,5289,24831,6110,0
경북,울진군,수력,69,326,250,0
경북,울릉군,수력,0,0,700,0
경북,기타,수력,0,0,0,0
경남,경남,수력,78823,370061,145469,0
경남,진주시,수력,14341,67331,18000,0
경남,통영시,수력,0,0,0,0
경남,사천시,수력,0,0,0,0
경남,김해시,수력,0,0,0,0
경남,밀양시,수력,1402,6581,1300,0
경남,거제시,수력,0,0,0,0
경남,양산시,수력,0,0,0,0
경남,창원시,수력,0,0,0,0
경남,의령군,수력,0,0,0,0
경남,함안군,수력,5844,27435,5000,0
경남,창녕군,수력,0,0,0,0
경남,고성군,수력,10740,50423,10000,0
경남,남해군,수력,0,0,0,0
경남,하동군,수력,471,2213,1004,0
경남,산청군,수력,1192,5598,2125,0
경남,함양군,수력,11,51,400,0
경남,거창군,수력,203,951,650,0
경남,합천군,수력,44618,209476,106990,0
경남,기타,수력,0,0,0,0
제주,제주도,수력,612,2875,816,0
제주,제주시,수력,590,2772,747,0
제주,서귀포시,수력,22,103,69,0
제주,기타,수력,0,0,0,0
서울,서울,해양,0,0,0,0
서울,종로구,해양,0,0,0,0
서울,중구,해양,0,0,0,0
서울,용산구,해양,0,0,0,0
서울,성동구,해양,0,0,0,0
서울,광진구,해양,0,0,0,0
서울,동대문구,해양,0,0,0,0
서울,중랑구,해양,0,0,0,0
서울,성북구,해양,0,0,0,0
서울,강북구,해양,0,0,0,0
서울,도봉구,해양,0,0,0,0
서울,노원구,해양,0,0,0,0
서울,은평구,해양,0,0,0,0
서울,서대문구,해양,0,0,0,0
서울,마포구,해양,0,0,0,0
서울,양천구,해양,0,0,0,0
서울,강서구,해양,0,0,0,0
서울,구로구,해양,0,0,0,0
서울,금천구,해양,0,0,0,0
서울,영등포구,해양,0,0,0,0
서울,동작구,해양,0,0,0,0
서울,관악구,해양,0,0,0,0
서울,서초구,해양,0,0,0,0
서울,강남구,해양,0,0,0,0
서울,송파구,해양,0,0,0,0
서울,강동구,해양,0,0,0,0
서울,기타,해양,0,0,0,0
부산,부산,해양,0,0,0,0
부산,중구,해양,0,0,0,0
부산,서구,해양,0,0,0,0
부산,동구,해양,0,0,0,0
부산,영도구,해양,0,0,0,0
부산,부산진구,해양,0,0,0,0
부산,동래구,해양,0,0,0,0
부산,남구,해양,0,0,0,0
부산,북구,해양,0,0,0,0
부산,해운대구,해양,0,0,0,0
부산,사하구,해양,0,0,0,0
부산,금정구,해양,0,0,0,0
부산,강서구,해양,0,0,0,0
부산,연제구,해양,0,0,0,0
부산,수영구,해양,0,0,0,0
부산,사상구,해양,0,0,0,0
부산,기장군,해양,0,0,0,0
부산,기타,해양,0,0,0,0
대구,대구,해양,0,0,0,0
대구,중구,해양,0,0,0,0
대구,동구,해양,0,0,0,0
대구,서구,해양,0,0,0,0
대구,남구,해양,0,0,0,0
대구,북구,해양,0,0,0,0
대구,수성구,해양,0,0,0,0
대구,달서구,해양,0,0,0,0
대구,달성군,해양,0,0,0,0
대구,군위군,해양,0,0,0,0
대구,기타,해양,0,0,0,0
인천,인천,해양,0,0,0,0
인천,중구,해양,0,0,0,0
인천,동구,해양,0,0,0,0
인천,미추홀구,해양,0,0,0,0
인천,연수구,해양,0,0,0,0
인천,남동구,해양,0,0,0,0
인천,부평구,해양,0,0,0,0
인천,계양구,해양,0,0,0,0
인천,서구,해양,0,0,0,0
인천,강화군,해양,0,0,0,0
인천,옹진군,해양,0,0,0,0
인천,기타,해양,0,0,0,0
광주,광주,해양,0,0,0,0
광주,동구,해양,0,0,0,0
광주,서구,해양,0,0,0,0
광주,남구,해양,0,0,0,0
광주,북구,해양,0,0,0,0
광주,광산구,해양,0,0,0,0
광주,기타,해양,0,0,0,0
대전,대전,해양,0,0,0,0
대전,동구,해양,0,0,0,0
대전,중구,해양,0,0,0,0
대전,서구,해양,0,0,0,0
대전,유성구,해양,0,0,0,0
대전,대덕구,해양,0,0,0,0
대전,기타,해양,0,0,0,0
울산,울산,해양,0,0,0,0
울산,중구,해양,0,0,0,0
울산,남구,해양,0,0,0,0
울산,동구,해양,0,0,0,0
울산,북구,해양,0,0,0,0
울산,울주군,해양,0,0,0,0
울산,기타,해양,0,0,0,0
세종,세종,해양,0,0,0,0
경기,경기,해양,89132,418460,254000,0
경기,수원시,해양,0,0,0,0
경기,성남시,해양,0,0,0,0
경기,의정부시,해양,0,0,0,0
경기,안양시,해양,0,0,0,0
경기,부천시,해양,0,0,0,0
경기,광명시,해양,0,0,0,0
경기,평택시,해양,0,0,0,0
경기,동두천시,해양,0,0,0,0
경기,안산시,해양,89132,418460,254000,0
경기,고양시,해양,0,0,0,0
경기,과천시,해양,0,0,0,0
경기,구리시,해양,0,0,0,0
경기,남양주시,해양,0,0,0,0
경기,오산시,해양,0,0,0,0
경기,시흥시,해양,0,0,0,0
경기,군포시,해양,0,0,0,0
경기,의왕시,해양,0,0,0,0
경기,하남시,해양,0,0,0,0
경기,용인시,해양,0,0,0,0
경기,파주시,해양,0,0,0,0
경기,이천시,해양,0,0,0,0
경기,안성시,해양,0,0,0,0
경기,김포시,해양,0,0,0,0
경기,화성시,해양,0,0,0,0
경기,광주시,해양,0,0,0,0
경기,양주시,해양,0,0,0,0
경기,포천시,해양,0,0,0,0
경기,여주시,해양,0,0,0,0
경기,연천군,해양,0,0,0,0
경기,가평군,해양,0,0,0,0
경기,양평군,해양,0,0,0,0
경기,기타,해양,0,0,0,0
강원,강원,해양,0,0,0,0
강원,춘천시,해양,0,0,0,0
강원,원주시,해양,0,0,0,0
강원,강릉시,해양,0,0,0,0
강원,동해시,해양,0,0,0,0
강원,태백시,해양,0,0,0,0
강원,속초시,해양,0,0,0,0
강원,삼척시,해양,0,0,0,0
강원,홍천군,해양,0,0,0,0
강원,횡성군,해양,0,0,0,0
강원,영월군,해양,0,0,0,0
강원,평창군,해양,0,0,0,0
강원,정선군,해양,0,0,0,0
강원,철원군,해양,0,0,0,0
강원,화천군,해양,0,0,0,0
강원,양구군,해양,0,0,0,0
강원,인제군,해양,0,0,0,0
강원,고성군,해양,0,0,0,0
강원,양양군,해양,0,0,0,0
강원,기타,해양,0,0,0,0
충북,충북,해양,0,0,0,0
충북,충주시,해양,0,0,0,0
충북,제천시,해양,0,0,0,0
충북,청주시,해양,0,0,0,0
충북,보은군,해양,0,0,0,0
충북,옥천군,해양,0,0,0,0
충북,영동군,해양,0,0,0,0
충북,진천군,해양,0,0,0,0
충북,괴산군,해양,0,0,0,0
충북,음성군,해양,0,0,0,0
충북,단양군,해양,0,0,0,0
충북,증평군,해양,0,0,0,0
충북,기타,해양,0,0,0,0
충남,충남,해양,0,0,0,0
충남,천안시,해양,0,0,0,0
충남,공주시,해양,0,0,0,0
충남,보령시,해양,0,0,0,0
충남,아산시,해양,0,0,0,0
충남,서산시,해양,0,0,0,0
충남,논산시,해양,0,0,0,0
충남,계룡시,해양,0,0,0,0
충남,당진시,해양,0,0,0,0
충남,금산군,해양,0,0,0,0
충남,부여군,해양,0,0,0,0
충남,서천군,해양,0,0,0,0
충남,청양군,해양,0,0,0,0
충남,홍성군,해양,0,0,0,0
충남,예산군,해양,0,0,0,0
충남,태안군,해양,0,0,0,0
충남,기타,해양,0,0,0,0
전북,전북,해양,0,0,0,0
전북,전주시,해양,0,0,0,0
전북,군산시,해양,0,0,0,0
전북,익산시,해양,0,0,0,0
전북,정읍시,해양,0,0,0,0
전북,남원시,해양,0,0,0,0
전북,김제시,해양,0,0,0,0
전북,완주군,해양,0,0,0,0
전북,진안군,해양,0,0,0,0
전북,무주군,해양,0,0,0,0
전북,장수군,해양,0,0,0,0
전북,임실군,해양,0,0,0,0
전북,순창군,해양,0,0,0,0
전북,고창군,해양,0,0,0,0
전북,부안군,해양,0,0,0,0
전북,기타,해양,0,0,0,0
전남,전남,해양,5,22,80,0
전남,목포시,해양,0,0,0,0
전남,여수시,해양,0,0,0,0
전남,순천시,해양,0,0,0,0
전남,나주시,해양,0,0,0,0
전남,광양시,해양,0,0,0,0
전남,담양군,해양,0,0,0,0
전남,곡성군,해양,0,0,0,0
전남,구례군,해양,0,0,0,0
전남,고흥군,해양,0,0,0,0
전남,보성군,해양,0,0,0,0
전남,화순군,해양,0,0,0,0
전남,장흥군,해양,0,0,0,0
전남,강진군,해양,0,0,0,0
전남,해남군,해양,0,0,0,0
전남,영암군,해양,0,0,0,0
전남,무안군,해양,0,0,0,0
전남,함평군,해양,0,0,0,0
전남,영광군,해양,0,0,0,0
전남,장성군,해양,0,0,0,0
전남,완도군,해양,0,0,0,0
전남,진도군,해양,5,22,80,0
전남,신안군,해양,0,0,0,0
전남,기타,해양,0,0,0,0
경북,경북,해양,0,0,0,0
경북,포항시,해양,0,0,0,0
경북,경주시,해양,0,0,0,0
경북,김천시,해양,0,0,0,0
경북,안동시,해양,0,0,0,0
경북,구미시,해양,0,0,0,0
경북,영주시,해양,0,0,0,0
경북,영천시,해양,0,0,0,0
경북,상주시,해양,0,0,0,0
경북,문경시,해양,0,0,0,0
경북,경산시,해양,0,0,0,0
경북,의성군,해양,0,0,0,0
경북,청송군,해양,0,0,0,0
경북,영양군,해양,0,0,0,0
경북,영덕군,해양,0,0,0,0
경북,청도군,해양,0,0,0,0
경북,고령군,해양,0,0,0,0
경북,성주군,해양,0,0,0,0
경북,칠곡군,해양,0,0,0,0
경북,예천군,해양,0,0,0,0
경북,봉화군,해양,0,0,0,0
경북,울진군,해양,0,0,0,0
경북,울릉군,해양,0,0,0,0
경북,기타,해양,0,0,0,0
경남,경남,해양,0,0,0,0
경남,진주시,해양,0,0,0,0
경남,통영시,해양,0,0,0,0
경남,사천시,해양,0,0,0,0
경남,김해시,해양,0,0,0,0
경남,밀양시,해양,0,0,0,0
경남,거제시,해양,0,0,0,0
경남,양산시,해양,0,0,0,0
경남,창원시,해양,0,0,0,0
경남,의령군,해양,0,0,0,0
경남,함안군,해양,0,0,0,0
경남,창녕군,해양,0,0,0,0
경남,고성군,해양,0,0,0,0
경남,남해군,해양,0,0,0,0
경남,하동군,해양,0,0,0,0
경남,산청군,해양,0,0,0,0
경남,함양군,해양,0,0,0,0
경남,거창군,해양,0,0,0,0
경남,합천군,해양,0,0,0,0
경남,기타,해양,0,0,0,0
제주,제주도,해양,0,1,500,0
제주,제주시,해양,0,1,500,0
제주,서귀포시,해양,0,0,0,0
제주,기타,해양,0,0,0,0
서울,서울,지열,22633,0,0,0
서울,종로구,지열,711,0,0,0
서울,중구,지열,1092,0,0,0
서울,용산구,지열,484,0,0,0
서울,성동구,지열,192,0,0,0
서울,광진구,지열,257,0,0,0
서울,동대문구,지열,278,0,0,0
서울,중랑구,지열,190,0,0,0
서울,성북구,지열,783,0,0,0
서울,강북구,지열,231,0,0,0
서울,도봉구,지열,869,0,0,0
서울,노원구,지열,424,0,0,0
서울,은평구,지열,889,0,0,0
서울,서대문구,지열,737,0,0,0
서울,마포구,지열,1511,0,0,0
서울,양천구,지열,305,0,0,0
서울,강서구,지열,2420,0,0,0
서울,구로구,지열,790,0,0,0
서울,금천구,지열,432,0,0,0
서울,영등포구,지열,1421,0,0,0
서울,동작구,지열,797,0,0,0
서울,관악구,지열,331,0,0,0
서울,서초구,지열,2346,0,0,0
서울,강남구,지열,896,0,0,0
서울,송파구,지열,2799,0,0,0
서울,강동구,지열,724,0,0,0
서울,기타,지열,724,0,0,0
부산,부산,지열,4246,0,0,0
부산,중구,지열,0,0,0,0
부산,서구,지열,305,0,0,0
부산,동구,지열,179,0,0,0
부산,영도구,지열,397,0,0,0
부산,부산진구,지열,27,0,0,0
부산,동래구,지열,54,0,0,0
부산,남구,지열,379,0,0,0
부산,북구,지열,114,0,0,0
부산,해운대구,지열,187,0,0,0
부산,사하구,지열,195,0,0,0
부산,금정구,지열,206,0,0,0
부산,강서구,지열,459,0,0,0
부산,연제구,지열,123,0,0,0
부산,수영구,지열,0,0,0,0
부산,사상구,지열,292,0,0,0
부산,기장군,지열,1182,0,0,0
부산,기타,지열,148,0,0,0
대구,대구,지열,11011,0,0,0
대구,중구,지열,81,0,0,0
대구,동구,지열,2895,0,0,0
대구,서구,지열,156,0,0,0
대구,남구,지열,0,0,0,0
대구,북구,지열,2163,0,0,0
대구,수성구,지열,623,0,0,0
대구,달서구,지열,468,0,0,0
대구,달성군,지열,3743,0,0,0
대구,군위군,지열,628,0,0,0
대구,기타,지열,252,0,0,0
인천,인천,지열,11421,0,0,0
인천,중구,지열,1579,0,0,0
인천,동구,지열,0,0,0,0
인천,미추홀구,지열,877,0,0,0
인천,연수구,지열,3828,0,0,0
인천,남동구,지열,680,0,0,0
인천,부평구,지열,576,0,0,0
인천,계양구,지열,121,0,0,0
인천,서구,지열,1347,0,0,0
인천,강화군,지열,1519,0,0,0
인천,옹진군,지열,250,0,0,0
인천,기타,지열,642,0,0,0
광주,광주,지열,3927,0,0,0
광주,동구,지열,77,0,0,0
광주,서구,지열,504,0,0,0
광주,남구,지열,966,0,0,0
광주,북구,지열,1425,0,0,0
광주,광산구,지열,697,0,0,0
광주,기타,지열,257,0,0,0
대전,대전,지열,7624,0,0,0
대전,동구,지열,646,0,0,0
대전,중구,지열,370,0,0,0
대전,서구,지열,1034,0,0,0
대전,유성구,지열,4746,0,0,0
대전,대덕구,지열,669,0,0,0
대전,기타,지열,158,0,0,0
울산,울산,지열,5013,0,0,0
울산,중구,지열,1905,0,0,0
울산,남구,지열,1139,0,0,0
울산,동구,지열,0,0,0,0
울산,북구,지열,638,0,0,0
울산,울주군,지열,1142,0,0,0
울산,기타,지열,190,0,0,0
세종,세종,지열,18346,0,0,0
경기,경기,지열,64916,0,0,0
경기,수원시,지열,4422,0,0,0
경기,성남시,지열,3909,0,0,0
경기,의정부시,지열,810,0,0,0
경기,안양시,지열,817,0,0,0
경기,부천시,지열,890,0,0,0
경기,광명시,지열,180,0,0,0
경기,평택시,지열,2557,0,0,0
경기,동두천시,지열,429,0,0,0
경기,안산시,지열,1370,0,0,0
경기,고양시,지열,3670,0,0,0
경기,과천시,지열,319,0,0,0
경기,구리시,지열,909,0,0,0
경기,남양주시,지열,4451,0,0,0
경기,오산시,지열,415,0,0,0
경기,시흥시,지열,1206,0,0,0
경기,군포시,지열,136,0,0,0
경기,의왕시,지열,397,0,0,0
경기,하남시,지열,1027,0,0,0
경기,용인시,지열,4910,0,0,0
경기,파주시,지열,1949,0,0,0
경기,이천시,지열,1525,0,0,0
경기,안성시,지열,1445,0,0,0
경기,김포시,지열,1808,0,0,0
경기,화성시,지열,7073,0,0,0
경기,광주시,지열,3854,0,0,0
경기,양주시,지열,904,0,0,0
경기,포천시,지열,1298,0,0,0
경기,여주시,지열,1232,0,0,0
경기,연천군,지열,821,0,0,0
경기,가평군,지열,3383,0,0,0
경기,양평군,지열,3974,0,0,0
경기,기타,지열,2829,0,0,0
강원,강원,지열,37107,0,0,0
강원,춘천시,지열,2078,0,0,0
강원,원주시,지열,5331,0,0,0
강원,강릉시,지열,2617,0,0,0
강원,동해시,지열,242,0,0,0
강원,태백시,지열,123,0,0,0
강원,속초시,지열,763,0,0,0
강원,삼척시,지열,854,0,0,0
강원,홍천군,지열,1158,0,0,0
강원,횡성군,지열,927,0,0,0
강원,영월군,지열,956,0,0,0
강원,평창군,지열,3814,0,0,0
강원,정선군,지열,10522,0,0,0
강원,철원군,지열,218,0,0,0
강원,화천군,지열,870,0,0,0
강원,양구군,지열,972,0,0,0
강원,인제군,지열,2284,0,0,0
강원,고성군,지열,1130,0,0,0
강원,양양군,지열,237,0,0,0
강원,기타,지열,2010,0,0,0
충북,충북,지열,16263,0,0,0
충북,충주시,지열,1726,0,0,0
충북,제천시,지열,1633,0,0,0
충북,청주시,지열,5642,0,0,0
충북,보은군,지열,535,0,0,0
충북,옥천군,지열,387,0,0,0
충북,영동군,지열,545,0,0,0
충북,진천군,지열,3408,0,0,0
충북,괴산군,지열,451,0,0,0
충북,음성군,지열,1403,0,0,0
충북,단양군,지열,320,0,0,0
충북,증평군,지열,123,0,0,0
충북,기타,지열,88,0,0,0
충남,충남,지열,26721,0,0,0
충남,천안시,지열,3335,0,0,0
충남,공주시,지열,2920,0,0,0
충남,보령시,지열,764,0,0,0
충남,아산시,지열,3940,0,0,0
충남,서산시,지열,1007,0,0,0
충남,논산시,지열,1026,0,0,0
충남,계룡시,지열,155,0,0,0
충남,당진시,지열,814,0,0,0
충남,금산군,지열,472,0,0,0
충남,부여군,지열,897,0,0,0
충남,서천군,지열,704,0,0,0
충남,청양군,지열,985,0,0,0
충남,홍성군,지열,2689,0,0,0
충남,예산군,지열,4440,0,0,0
충남,태안군,지열,1124,0,0,0
충남,기타,지열,1447,0,0,0
전북,전북,지열,25938,0,0,0
전북,전주시,지열,6037,0,0,0
전북,군산시,지열,1033,0,0,0
전북,익산시,지열,2274,0,0,0
전북,정읍시,지열,1921,0,0,0
전북,남원시,지열,1145,0,0,0
전북,김제시,지열,3513,0,0,0
전북,완주군,지열,3189,0,0,0
전북,진안군,지열,774,0,0,0
전북,무주군,지열,1019,0,0,0
전북,장수군,지열,2085,0,0,0
전북,임실군,지열,694,0,0,0
전북,순창군,지열,151,0,0,0
전북,고창군,지열,266,0,0,0
전북,부안군,지열,524,0,0,0
전북,기타,지열,1312,0,0,0
전남,전남,지열,20046,0,0,0
전남,목포시,지열,1019,0,0,0
전남,여수시,지열,1045,0,0,0
전남,순천시,지열,1323,0,0,0
전남,나주시,지열,3225,0,0,0
전남,광양시,지열,616,0,0,0
전남,담양군,지열,801,0,0,0
전남,곡성군,지열,91,0,0,0
전남,구례군,지열,210,0,0,0
전남,고흥군,지열,2009,0,0,0
전남,보성군,지열,1048,0,0,0
전남,화순군,지열,1147,0,0,0
전남,장흥군,지열,727,0,0,0
전남,강진군,지열,2933,0,0,0
전남,해남군,지열,658,0,0,0
전남,영암군,지열,230,0,0,0
전남,무안군,지열,587,0,0,0
전남,함평군,지열,540,0,0,0
전남,영광군,지열,784,0,0,0
전남,장성군,지열,835,0,0,0
전남,완도군,지열,55,0,0,0
전남,진도군,지열,22,0,0,0
전남,신안군,지열,37,0,0,0
전남,기타,지열,105,0,0,0
경북,경북,지열,21746,0,0,0
경북,포항시,지열,866,0,0,0
경북,경주시,지열,2819,0,0,0
경북,김천시,지열,2485,0,0,0
경북,안동시,지열,3639,0,0,0
경북,구미시,지열,906,0,0,0
경북,영주시,지열,1286,0,0,0
경북,영천시,지열,828,0,0,0
경북,상주시,지열,1840,0,0,0
경북,문경시,지열,399,0,0,0
경북,경산시,지열,1322,0,0,0
경북,의성군,지열,539,0,0,0
경북,청송군,지열,21,0,0,0
경북,영양군,지열,572,0,0,0
경북,영덕군,지열,141,0,0,0
경북,청도군,지열,296,0,0,0
경북,고령군,지열,369,0,0,0
경북,성주군,지열,488,0,0,0
경북,칠곡군,지열,366,0,0,0
경북,예천군,지열,450,0,0,0
경북,봉화군,지열,674,0,0,0
경북,울진군,지열,430,0,0,0
경북,울릉군,지열,52,0,0,0
경북,기타,지열,956,0,0,0
경남,경남,지열,16904,0,0,0
경남,진주시,지열,3649,0,0,0
경남,통영시,지열,289,0,0,0
경남,사천시,지열,90,0,0,0
경남,김해시,지열,655,0,0,0
경남,밀양시,지열,336,0,0,0
경남,거제시,지열,832,0,0,0
경남,양산시,지열,1858,0,0,0
경남,창원시,지열,2998,0,0,0
경남,의령군,지열,1041,0,0,0
경남,함안군,지열,195,0,0,0
경남,창녕군,지열,1343,0,0,0
경남,고성군,지열,959,0,0,0
경남,남해군,지열,128,0,0,0
경남,하동군,지열,630,0,0,0
경남,산청군,지열,88,0,0,0
경남,함양군,지열,288,0,0,0
경남,거창군,지열,264,0,0,0
경남,합천군,지열,323,0,0,0
경남,기타,지열,938,0,0,0
제주,제주도,지열,1826,0,0,0
제주,제주시,지열,802,0,0,0
제주,서귀포시,지열,974,0,0,0
제주,기타,지열,49,0,0,0
서울,서울,수열,566,0,0,0
서울,종로구,수열,0,0,0,0
서울,중구,수열,0,0,0,0
서울,용산구,수열,0,0,0,0
서울,성동구,수열,0,0,0,0
서울,광진구,수열,9,0,0,0
서울,동대문구,수열,0,0,0,0
서울,중랑구,수열,0,0,0,0
서울,성북구,수열,0,0,0,0
서울,강북구,수열,0,0,0,0
서울,도봉구,수열,0,0,0,0
서울,노원구,수열,0,0,0,0
서울,은평구,수열,0,0,0,0
서울,서대문구,수열,0,0,0,0
서울,마포구,수열,0,0,0,0
서울,양천구,수열,0,0,0,0
서울,강서구,수열,0,0,0,0
서울,구로구,수열,0,0,0,0
서울,금천구,수열,0,0,0,0
서울,영등포구,수열,0,0,0,0
서울,동작구,수열,0,0,0,0
서울,관악구,수열,0,0,0,0
서울,서초구,수열,18,0,0,0
서울,강남구,수열,0,0,0,0
서울,송파구,수열,539,0,0,0
서울,강동구,수열,0,0,0,0
서울,기타,수열,0,0,0,0
부산,부산,수열,85,0,0,0
부산,중구,수열,35,0,0,0
부산,서구,수열,0,0,0,0
부산,동구,수열,0,0,0,0
부산,영도구,수열,0,0,0,0
부산,부산진구,수열,0,0,0,0
부산,동래구,수열,0,0,0,0
부산,남구,수열,0,0,0,0
부산,북구,수열,0,0,0,0
부산,해운대구,수열,0,0,0,0
부산,사하구,수열,0,0,0,0
부산,금정구,수열,0,0,0,0
부산,강서구,수열,27,0,0,0
부산,연제구,수열,0,0,0,0
부산,수영구,수열,0,0,0,0
부산,사상구,수열,0,0,0,0
부산,기장군,수열,23,0,0,0
부산,기타,수열,0,0,0,0
대구,대구,수열,0,0,0,0
대구,중구,수열,0,0,0,0
대구,동구,수열,0,0,0,0
대구,서구,수열,0,0,0,0
대구,남구,수열,0,0,0,0
대구,북구,수열,0,0,0,0
대구,수성구,수열,0,0,0,0
대구,달서구,수열,0,0,0,0
대구,달성군,수열,0,0,0,0
대구,군위군,수열,0,0,0,0
대구,기타,수열,0,0,0,0
인천,인천,수열,209,0,0,0
인천,중구,수열,0,0,0,0
인천,동구,수열,0,0,0,0
인천,미추홀구,수열,0,0,0,0
인천,연수구,수열,0,0,0,0
인천,남동구,수열,0,0,0,0
인천,부평구,수열,0,0,0,0
인천,계양구,수열,0,0,0,0
인천,서구,수열,0,0,0,0
인천,강화군,수열,84,0,0,0
인천,옹진군,수열,125,0,0,0
인천,기타,수열,0,0,0,0
광주,광주,수열,0,0,0,0
광주,동구,수열,0,0,0,0
광주,서구,수열,0,0,0,0
광주,남구,수열,0,0,0,0
광주,북구,수열,0,0,0,0
광주,광산구,수열,0,0,0,0
광주,기타,수열,0,0,0,0
대전,대전,수열,11,0,0,0
대전,동구,수열,0,0,0,0
대전,중구,수열,0,0,0,0
대전,서구,수열,0,0,0,0
대전,유성구,수열,0,0,0,0
대전,대덕구,수열,11,0,0,0
대전,기타,수열,0,0,0,0
울산,울산,수열,17,0,0,0
울산,중구,수열,0,0,0,0
울산,남구,수열,0,0,0,0
울산,동구,수열,0,0,0,0
울산,북구,수열,0,0,0,0
울산,울주군,수열,17,0,0,0
울산,기타,수열,0,0,0,0
세종,세종,수열,0,0,0,0
경기,경기,수열,333,0,0,0
경기,수원시,수열,0,0,0,0
경기,성남시,수열,2,0,0,0
경기,의정부시,수열,0,0,0,0
경기,안양시,수열,0,0,0,0
경기,부천시,수열,0,0,0,0
경기,광명시,수열,0,0,0,0
경기,평택시,수열,0,0,0,0
경기,동두천시,수열,0,0,0,0
경기,안산시,수열,13,0,0,0
경기,고양시,수열,18,0,0,0
경기,과천시,수열,121,0,0,0
경기,구리시,수열,0,0,0,0
경기,남양주시,수열,0,0,0,0
경기,오산시,수열,0,0,0,0
경기,시흥시,수열,16,0,0,0
경기,군포시,수열,0,0,0,0
경기,의왕시,수열,0,0,0,0
경기,하남시,수열,0,0,0,0
경기,용인시,수열,0,0,0,0
경기,파주시,수열,0,0,0,0
경기,이천시,수열,0,0,0,0
경기,안성시,수열,0,0,0,0
경기,김포시,수열,0,0,0,0
경기,화성시,수열,117,0,0,0
경기,광주시,수열,0,0,0,0
경기,양주시,수열,0,0,0,0
경기,포천시,수열,0,0,0,0
경기,여주시,수열,27,0,0,0
경기,연천군,수열,0,0,0,0
경기,가평군,수열,8,0,0,0
경기,양평군,수열,11,0,0,0
경기,기타,수열,0,0,0,0
강원,강원,수열,735,0,0,0
강원,춘천시,수열,0,0,0,0
강원,원주시,수열,0,0,0,0
강원,강릉시,수열,79,0,0,0
강원,동해시,수열,0,0,0,0
강원,태백시,수열,15,0,0,0
강원,속초시,수열,0,0,0,0
강원,삼척시,수열,183,0,0,0
강원,홍천군,수열,273,0,0,0
강원,횡성군,수열,9,0,0,0
강원,영월군,수열,0,0,0,0
강원,평창군,수열,4,0,0,0
강원,정선군,수열,0,0,0,0
강원,철원군,수열,13,0,0,0
강원,화천군,수열,0,0,0,0
강원,양구군,수열,0,0,0,0
강원,인제군,수열,7,0,0,0
강원,고성군,수열,83,0,0,0
강원,양양군,수열,69,0,0,0
강원,기타,수열,0,0,0,0
충북,충북,수열,39,0,0,0
충북,충주시,수열,15,0,0,0
충북,제천시,수열,0,0,0,0
충북,청주시,수열,15,0,0,0
충북,보은군,수열,0,0,0,0
충북,옥천군,수열,0,0,0,0
충북,영동군,수열,0,0,0,0
충북,진천군,수열,0,0,0,0
충북,괴산군,수열,8,0,0,0
충북,음성군,수열,0,0,0,0
충북,단양군,수열,0,0,0,0
충북,증평군,수열,0,0,0,0
충북,기타,수열,0,0,0,0
충남,충남,수열,2354,0,0,0
충남,천안시,수열,0,0,0,0
충남,공주시,수열,4,0,0,0
충남,보령시,수열,1235,0,0,0
충남,아산시,수열,12,0,0,0
충남,서산시,수열,60,0,0,0
충남,논산시,수열,0,0,0,0
충남,계룡시,수열,0,0,0,0
충남,당진시,수열,58,0,0,0
충남,금산군,수열,18,0,0,0
충남,부여군,수열,12,0,0,0
충남,서천군,수열,77,0,0,0
충남,청양군,수열,0,0,0,0
충남,홍성군,수열,0,0,0,0
충남,예산군,수열,19,0,0,0
충남,태안군,수열,858,0,0,0
충남,기타,수열,0,0,0,0
전북,전북,수열,1112,0,0,0
전북,전주시,수열,4,0,0,0
전북,군산시,수열,38,0,0,0
전북,익산시,수열,6,0,0,0
전북,정읍시,수열,83,0,0,0
전북,남원시,수열,8,0,0,0
전북,김제시,수열,0,0,0,0
전북,완주군,수열,4,0,0,0
전북,진안군,수열,0,0,0,0
전북,무주군,수열,0,0,0,0
전북,장수군,수열,0,0,0,0
전북,임실군,수열,16,0,0,0
전북,순창군,수열,50,0,0,0
전북,고창군,수열,235,0,0,0
전북,부안군,수열,667,0,0,0
전북,기타,수열,0,0,0,0
전남,전남,수열,17502,0,0,0
전남,목포시,수열,0,0,0,0
전남,여수시,수열,854,0,0,0
전남,순천시,수열,105,0,0,0
전남,나주시,수열,113,0,0,0
전남,광양시,수열,14,0,0,0
전남,담양군,수열,0,0,0,0
전남,곡성군,수열,0,0,0,0
전남,구례군,수열,155,0,0,0
전남,고흥군,수열,1720,0,0,0
전남,보성군,수열,0,0,0,0
전남,화순군,수열,215,0,0,0
전남,장흥군,수열,622,0,0,0
전남,강진군,수열,888,0,0,0
전남,해남군,수열,879,0,0,0
전남,영암군,수열,29,0,0,0
전남,무안군,수열,403,0,0,0
전남,함평군,수열,289,0,0,0
전남,영광군,수열,402,0,0,0
전남,장성군,수열,0,0,0,0
전남,완도군,수열,8977,0,0,0
전남,진도군,수열,871,0,0,0
전남,신안군,수열,968,0,0,0
전남,기타,수열,0,0,0,0
경북,경북,수열,910,0,0,0
경북,포항시,수열,670,0,0,0
경북,경주시,수열,38,0,0,0
경북,김천시,수열,0,0,0,0
경북,안동시,수열,0,0,0,0
경북,구미시,수열,8,0,0,0
경북,영주시,수열,0,0,0,0
경북,영천시,수열,0,0,0,0
경북,상주시,수열,83,0,0,0
경북,문경시,수열,0,0,0,0
경북,경산시,수열,0,0,0,0
경북,의성군,수열,0,0,0,0
경북,청송군,수열,0,0,0,0
경북,영양군,수열,0,0,0,0
경북,영덕군,수열,17,0,0,0
경북,청도군,수열,8,0,0,0
경북,고령군,수열,0,0,0,0
경북,성주군,수열,0,0,0,0
경북,칠곡군,수열,0,0,0,0
경북,예천군,수열,0,0,0,0
경북,봉화군,수열,0,0,0,0
경북,울진군,수열,86,0,0,0
경북,울릉군,수열,0,0,0,0
경북,기타,수열,0,0,0,0
경남,경남,수열,5481,0,0,0
경남,진주시,수열,39,0,0,0
경남,통영시,수열,1158,0,0,0
경남,사천시,수열,27,0,0,0
경남,김해시,수열,0,0,0,0
경남,밀양시,수열,36,0,0,0
경남,거제시,수열,1527,0,0,0
경남,양산시,수열,0,0,0,0
경남,창원시,수열,68,0,0,0
경남,의령군,수열,0,0,0,0
경남,함안군,수열,0,0,0,0
경남,창녕군,수열,43,0,0,0
경남,고성군,수열,814,0,0,0
경남,남해군,수열,1143,0,0,0
경남,하동군,수열,614,0,0,0
경남,산청군,수열,13,0,0,0
경남,함양군,수열,0,0,0,0
경남,거창군,수열,0,0,0,0
경남,합천군,수열,0,0,0,0
경남,기타,수열,0,0,0,0
제주,제주도,수열,1990,0,0,0
제주,제주시,수열,855,0,0,0
제주,서귀포시,수열,1135,0,0,0
제주,기타,수열,0,0,0,0
서울,서울,바이오,97364,32428,8865,0
서울,종로구,바이오,1289,0,0,0
서울,중구,바이오,1126,0,0,0
서울,용산구,바이오,1793,0,0,0
서울,성동구,바이오,2420,0,0,0
서울,광진구,바이오,3041,0,0,0
서울,동대문구,바이오,3967,3646,1065,0
서울,중랑구,바이오,3311,0,0,0
서울,성북구,바이오,3783,0,0,0
서울,강북구,바이오,2483,0,0,0
서울,도봉구,바이오,2623,0,0,0
서울,노원구,바이오,4295,0,0,0
서울,은평구,바이오,3956,0,0,0
서울,서대문구,바이오,2795,0,0,0
서울,마포구,바이오,3166,0,0,0
서울,양천구,바이오,3671,0,0,0
서울,강서구,바이오,13401,28782,5800,0
서울,구로구,바이오,3687,0,0,0
서울,금천구,바이오,2148,0,0,0
서울,영등포구,바이오,3527,0,0,0
서울,동작구,바이오,3355,0,0,0
서울,관악구,바이오,4332,0,0,0
서울,서초구,바이오,3415,0,0,0
서울,강남구,바이오,8380,0,2000,0
서울,송파구,바이오,7379,0,0,0
서울,강동구,바이오,3995,0,0,0
서울,기타,바이오,25,0,0,0
부산,부산,바이오,67905,25309,6469,0
부산,중구,바이오,518,0,0,0
부산,서구,바이오,1349,0,0,0
부산,동구,바이오,1115,0,0,0
부산,영도구,바이오,1390,0,0,0
부산,부산진구,바이오,4646,0,0,0
부산,동래구,바이오,5942,0,0,0
부산,남구,바이오,17768,4208,600,0
부산,북구,바이오,3466,0,0,0
부산,해운대구,바이오,4776,0,0,0
부산,사하구,바이오,6971,5915,1400,0
부산,금정구,바이오,2841,0,0,0
부산,강서구,바이오,7115,15186,4469,0
부산,연제구,바이오,2701,0,0,0
부산,수영구,바이오,2183,0,0,0
부산,사상구,바이오,2676,0,0,0
부산,기장군,바이오,2404,0,0,0
부산,기타,바이오,45,0,0,0
대구,대구,바이오,72180,5830,5710,0
대구,중구,바이오,1453,0,0,0
대구,동구,바이오,5469,0,0,0
대구,서구,바이오,3185,0,1500,0
대구,남구,바이오,2115,0,0,0
대구,북구,바이오,8467,0,950,0
대구,수성구,바이오,6228,0,0,0
대구,달서구,바이오,38685,5830,3260,0
대구,달성군,바이오,4850,0,0,0
대구,군위군,바이오,1728,0,0,0
대구,기타,바이오,0,0,0,0
인천,인천,바이오,162036,193032,243330,0
인천,중구,바이오,4391,2208,15870,0
인천,동구,바이오,890,0,0,0
인천,미추홀구,바이오,69556,16712,8060,0
인천,연수구,바이오,6946,0,0,0
인천,남동구,바이오,7586,0,0,0
인천,부평구,바이오,7761,0,0,0
인천,계양구,바이오,4290,0,0,0
인천,서구,바이오,58091,174112,52400,0
인천,강화군,바이오,1572,0,0,0
인천,옹진군,바이오,952,0,167000,0
인천,기타,바이오,0,0,0,0
광주,광주,바이오,30381,1608,2120,0
광주,동구,바이오,1929,0,0,0
광주,서구,바이오,10038,0,0,0
광주,남구,바이오,3572,1608,2120,0
광주,북구,바이오,7295,0,0,0
광주,광산구,바이오,7548,0,0,0
광주,기타,바이오,0,0,0,0
대전,대전,바이오,28880,85,95,0
대전,동구,바이오,3145,0,0,0
대전,중구,바이오,3030,0,0,0
대전,서구,바이오,6296,0,0,0
대전,유성구,바이오,8107,0,0,0
대전,대덕구,바이오,8267,85,95,0
대전,기타,바이오,35,0,0,0
울산,울산,바이오,278290,251942,36430,0
울산,중구,바이오,3124,0,0,0
울산,남구,바이오,33308,0,0,0
울산,동구,바이오,2435,0,0,0
울산,북구,바이오,3371,0,0,0
울산,울주군,바이오,236052,251942,36430,0
울산,기타,바이오,0,0,0,0
세종,세종,바이오,26179,18350,5000,0
경기,경기,바이오,515759,564607,82474,0
경기,수원시,바이오,17487,0,0,0
경기,성남시,바이오,24306,0,0,0
경기,의정부시,바이오,7918,4078,720,0
경기,안양시,바이오,13304,1388,2664,0
경기,부천시,바이오,15489,3607,2830,0
경기,광명시,바이오,3987,0,0,0
경기,평택시,바이오,107452,253374,43300,0
경기,동두천시,바이오,28659,6059,2435,0
경기,안산시,바이오,10672,1667,3531,0
경기,고양시,바이오,23807,7521,3060,0
경기,과천시,바이오,1235,0,0,0
경기,구리시,바이오,3136,0,0,0
경기,남양주시,바이오,11322,0,0,0
경기,오산시,바이오,6309,0,0,0
경기,시흥시,바이오,14456,0,0,0
경기,군포시,바이오,3702,0,0,0
경기,의왕시,바이오,2250,0,0,0
경기,하남시,바이오,4843,0,0,0
경기,용인시,바이오,34534,0,0,0
경기,파주시,바이오,10042,0,500,0
경기,이천시,바이오,4769,1688,499,0
경기,안성시,바이오,4152,0,0,0
경기,김포시,바이오,7291,0,0,0
경기,화성시,바이오,16745,2354,495,0
경기,광주시,바이오,6637,0,0,0
경기,양주시,바이오,6610,0,0,0
경기,포천시,바이오,97936,257547,16990,0
경기,여주시,바이오,2838,0,0,0
경기,연천군,바이오,16011,25324,5450,0
경기,가평군,바이오,2317,0,0,0
경기,양평군,바이오,3993,0,0,0
경기,기타,바이오,1551,0,0,0
강원,강원,바이오,457861,1781541,593565,200
강원,춘천시,바이오,9232,2201,800,200
강원,원주시,바이오,13439,5535,1870,0
강원,강릉시,바이오,332234,1522664,397350,0
강원,동해시,바이오,35804,187016,90000,0
강원,태백시,바이오,1583,0,0,0
강원,속초시,바이오,3111,5876,1345,0
강원,삼척시,바이오,16908,58248,102200,0
강원,홍천군,바이오,6410,0,0,0
강원,횡성군,바이오,3472,0,0,0
강원,영월군,바이오,3468,0,0,0
강원,평창군,바이오,6728,0,0,0
강원,정선군,바이오,3681,0,0,0
강원,철원군,바이오,4659,0,0,0
강원,화천군,바이오,3090,0,0,0
강원,양구군,바이오,2786,0,0,0
강원,인제군,바이오,6504,0,0,0
강원,고성군,바이오,1992,0,0,0
강원,양양군,바이오,2004,0,0,0
강원,기타,바이오,753,0,0,0
충북,충북,바이오,72677,8769,3892,0
충북,충주시,바이오,7552,0,0,0
충북,제천시,바이오,6662,2176,840,0
충북,청주시,바이오,25202,5565,2660,0
충북,보은군,바이오,2630,0,0,0
충북,옥천군,바이오,2838,0,0,0
충북,영동군,바이오,4225,0,0,0
충북,진천군,바이오,5524,0,0,0
충북,괴산군,바이오,4561,0,0,0
충북,음성군,바이오,7400,1028,392,0
충북,단양군,바이오,4038,0,0,0
충북,증평군,바이오,1117,0,0,0
충북,기타,바이오,928,0,0,0
충남,충남,바이오,816548,2761321,774960,920
충남,천안시,바이오,19888,0,0,0
충남,공주시,바이오,13814,2788,350,0
충남,보령시,바이오,24712,78515,150490,0
충남,아산시,바이오,14141,15289,2400,920
충남,서산시,바이오,270951,945020,129750,0
충남,논산시,바이오,9393,4093,860,0
충남,계룡시,바이오,1574,0,0,0
충남,당진시,바이오,405430,1664689,323900,0
충남,금산군,바이오,7825,0,0,0
충남,부여군,바이오,10238,0,0,0
충남,서천군,바이오,4185,0,0,0
충남,청양군,바이오,6405,1439,1780,0
충남,홍성군,바이오,5727,1630,430,0
충남,예산군,바이오,6116,0,0,0
충남,태안군,바이오,15031,47858,165000,0
충남,기타,바이오,1118,0,0,0
전북,전북,바이오,1690782,4633086,643812,25000
전북,전주시,바이오,76639,329426,52617,0
전북,군산시,바이오,1446737,4221363,566698,25000
전북,익산시,바이오,85444,65026,13850,0
전북,정읍시,바이오,7151,6969,1518,0
전북,남원시,바이오,7591,0,0,0
전북,김제시,바이오,7580,2111,1049,0
전북,완주군,바이오,35576,8190,8000,0
전북,진안군,바이오,3400,0,0,0
전북,무주군,바이오,3101,0,0,0
전북,장수군,바이오,2653,0,0,0
전북,임실군,바이오,2946,0,0,0
전북,순창군,바이오,4058,0,0,0
전북,고창군,바이오,3032,0,80,0
전북,부안군,바이오,2517,0,0,0
전북,기타,바이오,2357,0,0,0
전남,전남,바이오,121190,68174,31806,0
전남,목포시,바이오,5761,1364,998,0
전남,여수시,바이오,36519,66731,30708,0
전남,순천시,바이오,10485,0,0,0
전남,나주시,바이오,4697,0,0,0
전남,광양시,바이오,5944,0,0,0
전남,담양군,바이오,3003,0,0,0
전남,곡성군,바이오,2559,0,0,0
전남,구례군,바이오,2283,0,0,0
전남,고흥군,바이오,4205,0,0,0
전남,보성군,바이오,3310,78,100,0
전남,화순군,바이오,7281,0,0,0
전남,장흥군,바이오,3018,0,0,0
전남,강진군,바이오,4694,0,0,0
전남,해남군,바이오,4171,0,0,0
전남,영암군,바이오,3029,0,0,0
전남,무안군,바이오,3277,0,0,0
전남,함평군,바이오,1887,0,0,0
전남,영광군,바이오,3890,0,0,0
전남,장성군,바이오,3242,0,0,0
전남,완도군,바이오,2609,0,0,0
전남,진도군,바이오,2180,0,0,0
전남,신안군,바이오,2344,0,0,0
전남,기타,바이오,802,0,0,0
경북,경북,바이오,131677,23326,6600,0
경북,포항시,바이오,13929,0,0,0
경북,경주시,바이오,9022,0,0,0
경북,김천시,바이오,13963,11133,2950,0
경북,안동시,바이오,9149,5291,1400,0
경북,구미시,바이오,10103,0,450,0
경북,영주시,바이오,3911,0,0,0
경북,영천시,바이오,5656,5301,1050,0
경북,상주시,바이오,6492,0,0,0
경북,문경시,바이오,4483,68,200,0
경북,경산시,바이오,7626,522,150,0
경북,의성군,바이오,3582,0,0,0
경북,청송군,바이오,2904,0,0,0
경북,영양군,바이오,2464,0,0,0
경북,영덕군,바이오,2731,0,0,0
경북,청도군,바이오,3277,0,0,0
경북,고령군,바이오,2180,0,0,0
경북,성주군,바이오,2586,0,0,0
경북,칠곡군,바이오,11520,0,0,0
경북,예천군,바이오,4234,0,0,0
경북,봉화군,바이오,4517,0,0,0
경북,울진군,바이오,4302,1011,400,0
경북,울릉군,바이오,610,0,0,0
경북,기타,바이오,2436,0,0,0
경남,경남,바이오,206549,365971,378910,1510
경남,진주시,바이오,8859,0,925,0
경남,통영시,바이오,2520,0,0,0
경남,사천시,바이오,4760,0,0,0
경남,김해시,바이오,19409,6789,1825,0
경남,밀양시,바이오,5510,0,0,0
경남,거제시,바이오,5075,0,0,0
경남,양산시,바이오,8345,2041,1420,0
경남,창원시,바이오,26622,7274,1650,1320
경남,의령군,바이오,1785,0,0,0
경남,함안군,바이오,40888,48821,9900,0
경남,창녕군,바이오,3318,5067,790,190
경남,고성군,바이오,12564,48481,162400,0
경남,남해군,바이오,1284,0,0,0
경남,하동군,바이오,54802,247499,200000,0
경남,산청군,바이오,2497,0,0,0
경남,함양군,바이오,2289,0,0,0
경남,거창군,바이오,2667,0,0,0
경남,합천군,바이오,2261,0,0,0
경남,기타,바이오,1093,0,0,0
제주,제주도,바이오,370918,1382273,435350,40000
제주,제주시,바이오,134336,559184,231900,40000
제주,서귀포시,바이오,236203,823089,203450,0
제주,기타,바이오,379,0,0,0
서울,서울,폐기물,63080,61170,35150,0
서울,종로구,폐기물,0,0,0,0
서울,중구,폐기물,0,0,0,0
서울,용산구,폐기물,0,0,0,0
서울,성동구,폐기물,0,0,0,0
서울,광진구,폐기물,0,0,0,0
서울,동대문구,폐기물,0,0,0,0
서울,중랑구,폐기물,0,0,0,0
서울,성북구,폐기물,0,0,0,0
서울,강북구,폐기물,0,0,0,0
서울,도봉구,폐기물,0,0,0,0
서울,노원구,폐기물,11584,17915,9500,0
서울,은평구,폐기물,1429,0,0,0
서울,서대문구,폐기물,0,0,0,0
서울,마포구,폐기물,14470,7470,5000,0
서울,양천구,폐기물,7719,2726,2200,0
서울,강서구,폐기물,0,0,0,0
서울,구로구,폐기물,0,0,0,0
서울,금천구,폐기물,0,0,0,0
서울,영등포구,폐기물,0,0,0,0
서울,동작구,폐기물,0,0,0,0
서울,관악구,폐기물,0,0,0,0
서울,서초구,폐기물,0,0,0,0
서울,강남구,폐기물,27879,33060,18450,0
서울,송파구,폐기물,0,0,0,0
서울,강동구,폐기물,0,0,0,0
서울,기타,폐기물,0,0,0,0
부산,부산,폐기물,58642,39443,37310,0
부산,중구,폐기물,0,0,0,0
부산,서구,폐기물,0,0,0,0
부산,동구,폐기물,0,0,0,0
부산,영도구,폐기물,0,0,0,0
부산,부산진구,폐기물,0,0,0,0
부산,동래구,폐기물,0,0,0,0
부산,남구,폐기물,0,0,0,0
부산,북구,폐기물,0,0,0,0
부산,해운대구,폐기물,6375,5479,2800,0
부산,사하구,폐기물,6617,0,0,0
부산,금정구,폐기물,12,0,0,0
부산,강서구,폐기물,45369,33964,34510,0
부산,연제구,폐기물,0,0,0,0
부산,수영구,폐기물,0,0,0,0
부산,사상구,폐기물,0,0,0,0
부산,기장군,폐기물,269,0,0,0
부산,기타,폐기물,0,0,0,0
대구,대구,폐기물,40709,7546,14900,0
대구,중구,폐기물,0,0,0,0
대구,동구,폐기물,0,0,0,0
대구,서구,폐기물,0,0,0,0
대구,남구,폐기물,0,0,0,0
대구,북구,폐기물,0,0,0,0
대구,수성구,폐기물,0,0,0,0
대구,달서구,폐기물,10433,1187,2000,0
대구,달성군,폐기물,30275,6359,12900,0
대구,군위군,폐기물,0,0,0,0
대구,기타,폐기물,0,0,0,0
인천,인천,폐기물,52189,8192,5880,0
인천,중구,폐기물,4178,0,0,0
인천,동구,폐기물,0,0,0,0
인천,미추홀구,폐기물,0,0,0,0
인천,연수구,폐기물,14497,5491,2980,0
인천,남동구,폐기물,7878,0,0,0
인천,부평구,폐기물,0,0,0,0
인천,계양구,폐기물,0,0,0,0
인천,서구,폐기물,25637,2701,2900,0
인천,강화군,폐기물,0,0,0,0
인천,옹진군,폐기물,0,0,0,0
인천,기타,폐기물,0,0,0,0
광주,광주,폐기물,2710,4408,3960,0
광주,동구,폐기물,0,0,0,0
광주,서구,폐기물,806,1273,2700,0
광주,남구,폐기물,0,0,0,0
광주,북구,폐기물,0,0,0,0
광주,광산구,폐기물,1904,3135,1260,0
광주,기타,폐기물,0,0,0,0
대전,대전,폐기물,26920,770,4800,0
대전,동구,폐기물,0,0,0,0
대전,중구,폐기물,0,0,0,0
대전,서구,폐기물,0,0,0,0
대전,유성구,폐기물,7142,0,0,0
대전,대덕구,폐기물,19778,770,4800,0
대전,기타,폐기물,0,0,0,0
울산,울산,폐기물,95903,3611,5500,0
울산,중구,폐기물,0,0,0,0
울산,남구,폐기물,85627,3611,3300,0
울산,동구,폐기물,2477,0,2200,0
울산,북구,폐기물,0,0,0,0
울산,울주군,폐기물,7799,0,0,0
울산,기타,폐기물,0,0,0,0
세종,세종,폐기물,16041,3676,3370,0
경기,경기,폐기물,226055,72707,67883,1590
경기,수원시,폐기물,13256,10486,9928,0
경기,성남시,폐기물,13819,0,0,0
경기,의정부시,폐기물,7937,2876,1200,0
경기,안양시,폐기물,4876,4925,2650,0
경기,부천시,폐기물,6237,6,2600,0
경기,광명시,폐기물,5389,0,0,0
경기,평택시,폐기물,15042,0,1100,0
경기,동두천시,폐기물,3377,0,0,0
경기,안산시,폐기물,48736,6976,4065,0
경기,고양시,폐기물,4556,800,5300,0
경기,과천시,폐기물,1518,0,0,0
경기,구리시,폐기물,3003,1357,800,0
경기,남양주시,폐기물,1232,0,750,0
경기,오산시,폐기물,6702,0,0,0
경기,시흥시,폐기물,24957,3491,2400,0
경기,군포시,폐기물,4111,0,0,0
경기,의왕시,폐기물,0,0,0,0
경기,하남시,폐기물,934,0,0,0
경기,용인시,폐기물,9694,8028,8140,0
경기,파주시,폐기물,7609,0,0,0
경기,이천시,폐기물,10066,11617,7300,0
경기,안성시,폐기물,1223,513,260,0
경기,김포시,폐기물,1427,0,0,0
경기,화성시,폐기물,9347,8842,6300,0
경기,광주시,폐기물,937,5659,2950,0
경기,양주시,폐기물,11193,6816,7400,0
경기,포천시,폐기물,4722,0,0,0
경기,여주시,폐기물,57,0,0,0
경기,연천군,폐기물,3963,314,4740,1590
경기,가평군,폐기물,0,0,0,0
경기,양평군,폐기물,133,0,0,0
경기,기타,폐기물,0,0,0,0
강원,강원,폐기물,293398,21025,20298,830
강원,춘천시,폐기물,4679,1130,2900,0
강원,원주시,폐기물,4728,13347,10000,0
강원,강릉시,폐기물,49315,5321,5580,0
강원,동해시,폐기물,119047,0,0,0
강원,태백시,폐기물,948,22,498,0
강원,속초시,폐기물,1772,526,490,0
강원,삼척시,폐기물,61192,0,0,0
강원,홍천군,폐기물,631,0,0,0
강원,횡성군,폐기물,841,605,440,440
강원,영월군,폐기물,48526,0,0,0
강원,평창군,폐기물,0,0,0,0
강원,정선군,폐기물,0,0,0,0
강원,철원군,폐기물,47,0,0,0
강원,화천군,폐기물,829,0,0,0
강원,양구군,폐기물,0,0,0,0
강원,인제군,폐기물,620,0,0,0
강원,고성군,폐기물,0,0,0,0
강원,양양군,폐기물,222,75,390,390
강원,기타,폐기물,0,0,0,0
충북,충북,폐기물,211068,28862,15424,0
충북,충주시,폐기물,1909,1868,760,0
충북,제천시,폐기물,39278,8721,2860,0
충북,청주시,폐기물,60009,6293,6486,0
충북,보은군,폐기물,369,0,0,0
충북,옥천군,폐기물,285,135,130,0
충북,영동군,폐기물,350,0,0,0
충북,진천군,폐기물,2099,0,0,0
충북,괴산군,폐기물,678,0,0,0
충북,음성군,폐기물,1211,384,390,0
충북,단양군,폐기물,104879,11461,4798,0
충북,증평군,폐기물,0,0,0,0
충북,기타,폐기물,0,0,0,0
충남,충남,폐기물,55876,13505,14522,100
충남,천안시,폐기물,23472,10538,5850,0
충남,공주시,폐기물,833,0,0,0
충남,보령시,폐기물,676,965,440,0
충남,아산시,폐기물,14667,141,262,0
충남,서산시,폐기물,9003,1643,2990,0
충남,논산시,폐기물,1484,0,0,0
충남,계룡시,폐기물,0,0,0,0
충남,당진시,폐기물,3533,1,4000,0
충남,금산군,폐기물,427,157,100,100
충남,부여군,폐기물,0,0,0,0
충남,서천군,폐기물,421,61,280,0
충남,청양군,폐기물,272,0,0,0
충남,홍성군,폐기물,0,0,0,0
충남,예산군,폐기물,585,0,0,0
충남,태안군,폐기물,502,0,600,0
충남,기타,폐기물,0,0,0,0
전북,전북,폐기물,58908,17783,16425,0
전북,전주시,폐기물,27962,3040,1385,0
전북,군산시,폐기물,17569,8408,7890,0
전북,익산시,폐기물,9982,6335,7150,0
전북,정읍시,폐기물,2781,0,0,0
전북,남원시,폐기물,0,0,0,0
전북,김제시,폐기물,0,0,0,0
전북,완주군,폐기물,0,0,0,0
전북,진안군,폐기물,0,0,0,0
전북,무주군,폐기물,0,0,0,0
전북,장수군,폐기물,275,0,0,0
전북,임실군,폐기물,0,0,0,0
전북,순창군,폐기물,0,0,0,0
전북,고창군,폐기물,338,0,0,0
전북,부안군,폐기물,0,0,0,0
전북,기타,폐기물,0,0,0,0
전남,전남,폐기물,64619,53923,53154,0
전남,목포시,폐기물,0,0,0,0
전남,여수시,폐기물,43802,40700,30444,0
전남,순천시,폐기물,0,0,0,0
전남,나주시,폐기물,8083,12409,21990,0
전남,광양시,폐기물,0,0,0,0
전남,담양군,폐기물,4879,0,0,0
전남,곡성군,폐기물,0,0,0,0
전남,구례군,폐기물,0,0,0,0
전남,고흥군,폐기물,483,0,0,0
전남,보성군,폐기물,0,0,0,0
전남,화순군,폐기물,0,0,0,0
전남,장흥군,폐기물,1414,0,0,0
전남,강진군,폐기물,225,0,0,0
전남,해남군,폐기물,576,0,0,0
전남,영암군,폐기물,337,0,0,0
전남,무안군,폐기물,4396,813,720,0
전남,함평군,폐기물,0,0,0,0
전남,영광군,폐기물,174,0,0,0
전남,장성군,폐기물,250,0,0,0
전남,완도군,폐기물,0,0,0,0
전남,진도군,폐기물,0,0,0,0
전남,신안군,폐기물,0,0,0,0
전남,기타,폐기물,0,0,0,0
경북,경북,폐기물,49304,43580,44635,0
경북,포항시,폐기물,14077,10974,12650,0
경북,경주시,폐기물,3243,10816,12750,0
경북,김천시,폐기물,1394,0,0,0
경북,안동시,폐기물,5337,13898,14100,0
경북,구미시,폐기물,13365,4616,3000,0
경북,영주시,폐기물,0,0,0,0
경북,영천시,폐기물,1244,0,0,0
경북,상주시,폐기물,0,0,0,0
경북,문경시,폐기물,739,341,100,0
경북,경산시,폐기물,4928,2635,1875,0
경북,의성군,폐기물,256,0,0,0
경북,청송군,폐기물,0,0,0,0
경북,영양군,폐기물,0,0,0,0
경북,영덕군,폐기물,0,0,0,0
경북,청도군,폐기물,0,0,0,0
경북,고령군,폐기물,150,0,0,0
경북,성주군,폐기물,268,0,0,0
경북,칠곡군,폐기물,3761,298,160,0
경북,예천군,폐기물,0,0,0,0
경북,봉화군,폐기물,0,0,0,0
경북,울진군,폐기물,496,0,0,0
경북,울릉군,폐기물,45,0,0,0
경북,기타,폐기물,0,0,0,0
경남,경남,폐기물,49007,16350,14464,0
경남,진주시,폐기물,2845,0,0,0
경남,통영시,폐기물,393,1682,1731,0
경남,사천시,폐기물,744,0,0,0
경남,김해시,폐기물,4408,3156,1450,0
경남,밀양시,폐기물,0,0,0,0
경남,거제시,폐기물,3664,4280,3000,0
경남,양산시,폐기물,4929,1574,1000,0
경남,창원시,폐기물,19524,5600,7150,0
경남,의령군,폐기물,3937,0,0,0
경남,함안군,폐기물,7696,0,0,0
경남,창녕군,폐기물,438,0,0,0
경남,고성군,폐기물,0,0,0,0
경남,남해군,폐기물,0,0,0,0
경남,하동군,폐기물,0,0,0,0
경남,산청군,폐기물,192,0,0,0
경남,함양군,폐기물,225,0,0,0
경남,거창군,폐기물,12,58,133,0
경남,합천군,폐기물,0,0,0,0
경남,기타,폐기물,0,0,0,0
제주,제주도,폐기물,16797,28175,19332,0
제주,제주시,폐기물,15357,28112,19200,0
제주,서귀포시,폐기물,1440,62,132,0
제주,기타,폐기물,0,0,0,0
서울,서울,연료전지,133781,626241,92248,4127
서울,종로구,연료전지,106,461,82,34
서울,중구,연료전지,342,1495,378,336
서울,용산구,연료전지,257,1122,203,91
서울,성동구,연료전지,147,641,146,112
서울,광진구,연료전지,108,474,93,53
서울,동대문구,연료전지,303,1324,342,312
서울,중랑구,연료전지,30,132,26,15
서울,성북구,연료전지,84,367,55,7
서울,강북구,연료전지,0,0,0,0
서울,도봉구,연료전지,58,253,48,25
서울,노원구,연료전지,24,107,16,2
서울,은평구,연료전지,97,424,70,21
서울,서대문구,연료전지,22,98,14,0
서울,마포구,연료전지,45569,213903,26083,27
서울,양천구,연료전지,556,2599,337,37
서울,강서구,연료전지,620,2708,648,535
서울,구로구,연료전지,147,641,135,90
서울,금천구,연료전지,1081,4892,966,645
서울,영등포구,연료전지,1079,4886,815,656
서울,동작구,연료전지,38,167,28,9
서울,관악구,연료전지,50,217,38,15
서울,서초구,연료전지,121,531,119,89
서울,강남구,연료전지,324,1414,344,291
서울,송파구,연료전지,1422,6575,1038,105
서울,강동구,연료전지,80642,378399,59886,620
서울,기타,연료전지,553,2414,339,0
부산,부산,연료전지,61275,287248,41337,119
부산,중구,연료전지,0,0,0,0
부산,서구,연료전지,16,71,10,0
부산,동구,연료전지,19,82,12,1
부산,영도구,연료전지,8,36,5,0
부산,부산진구,연료전지,77,335,47,0
부산,동래구,연료전지,51,221,36,10
부산,남구,연료전지,147,641,90,0
부산,북구,연료전지,57,249,35,0
부산,해운대구,연료전지,44442,208602,30885,0
부산,사하구,연료전지,261,1204,42,0
부산,금정구,연료전지,117,513,84,24
부산,강서구,연료전지,15754,73871,9849,0
부산,연제구,연료전지,173,755,106,0
부산,수영구,연료전지,93,406,78,42
부산,사상구,연료전지,21,93,13,0
부산,기장군,연료전지,34,150,42,42
부산,기타,연료전지,5,21,3,0
대구,대구,연료전지,7858,36603,4648,0
대구,중구,연료전지,0,0,0,0
대구,동구,연료전지,196,855,120,0
대구,서구,연료전지,65,285,40,0
대구,남구,연료전지,36,157,22,0
대구,북구,연료전지,157,684,96,0
대구,수성구,연료전지,5486,25741,3029,0
대구,달서구,연료전지,1705,7949,1210,0
대구,달성군,연료전지,201,876,123,0
대구,군위군,연료전지,0,0,0,0
대구,기타,연료전지,13,57,8,0
인천,인천,연료전지,362097,1699530,246603,18490
인천,중구,연료전지,300,1366,187,0
인천,동구,연료전지,65973,309724,39618,0
인천,미추홀구,연료전지,215,940,137,10
인천,연수구,연료전지,274,1196,168,0
인천,남동구,연료전지,256,1118,157,0
인천,부평구,연료전지,33,142,20,0
인천,계양구,연료전지,68,299,42,0
인천,서구,연료전지,294894,1384383,206223,18480
인천,강화군,연료전지,60,262,37,0
인천,옹진군,연료전지,16,71,10,0
인천,기타,연료전지,7,28,4,0
광주,광주,연료전지,37672,176458,21794,6
광주,동구,연료전지,492,2151,302,0
광주,서구,연료전지,21817,102389,12394,0
광주,남구,연료전지,138,602,85,1
광주,북구,연료전지,646,2983,408,5
광주,광산구,연료전지,14574,68312,8602,0
광주,기타,연료전지,5,21,3,0
대전,대전,연료전지,18951,86782,11342,171
대전,동구,연료전지,209,911,153,50
대전,중구,연료전지,114,498,70,0
대전,서구,연료전지,215,940,157,50
대전,유성구,연료전지,12290,57643,7205,71
대전,대덕구,연료전지,6108,26726,3748,0
대전,기타,연료전지,15,64,9,0
울산,울산,연료전지,56491,265085,37544,1323
울산,중구,연료전지,0,0,0,0
울산,남구,연료전지,8580,40251,8138,0
울산,동구,연료전지,33,142,20,0
울산,북구,연료전지,33245,156079,21125,1320
울산,울주군,연료전지,14630,68599,8259,3
울산,기타,연료전지,3,14,2,0
세종,세종,연료전지,8591,40327,5301,10
경기,경기,연료전지,338282,1586797,259309,585
경기,수원시,연료전지,395,1723,242,0
경기,성남시,연료전지,44246,207609,39814,0
경기,의정부시,연료전지,34,150,21,0
경기,안양시,연료전지,5146,24135,4866,45
경기,부천시,연료전지,16239,76174,10680,0
경기,광명시,연료전지,4323,20271,2687,0
경기,평택시,연료전지,21759,101990,16147,0
경기,동두천시,연료전지,0,0,0,0
경기,안산시,연료전지,5212,24366,4150,441
경기,고양시,연료전지,7610,35700,5350,30
경기,과천시,연료전지,2,7,1,0
경기,구리시,연료전지,0,0,0,0
경기,남양주시,연료전지,18,78,11,0
경기,오산시,연료전지,176,769,111,6
경기,시흥시,연료전지,8944,41842,6438,5
경기,군포시,연료전지,82,356,50,0
경기,의왕시,연료전지,15023,70528,9901,0
경기,하남시,연료전지,62,271,43,10
경기,용인시,연료전지,292,1320,213,25
경기,파주시,연료전지,12647,59358,8142,10
경기,이천시,연료전지,16768,78674,9694,0
경기,안성시,연료전지,103,449,63,0
경기,김포시,연료전지,88,385,54,0
경기,화성시,연료전지,161235,756810,130388,13
경기,광주시,연료전지,16967,79619,9670,0
경기,양주시,연료전지,91,399,56,0
경기,포천시,연료전지,713,3340,451,0
경기,여주시,연료전지,8,36,5,0
경기,연천군,연료전지,0,0,0,0
경기,가평군,연료전지,0,0,0,0
경기,양평군,연료전지,0,0,0,0
경기,기타,연료전지,101,441,62,0
강원,강원,연료전지,175888,825664,98720,65
강원,춘천시,연료전지,55165,258958,29456,0
강원,원주시,연료전지,164,716,128,55
강원,강릉시,연료전지,37268,174957,19820,0
강원,동해시,연료전지,30509,143233,19200,0
강원,태백시,연료전지,0,0,0,0
강원,속초시,연료전지,0,0,0,0
강원,삼척시,연료전지,2,7,1,0
강원,홍천군,연료전지,0,0,0,0
강원,횡성군,연료전지,8,36,5,0
강원,영월군,연료전지,52616,247022,30000,0
강원,평창군,연료전지,143,671,96,0
강원,정선군,연료전지,0,0,0,0
강원,철원군,연료전지,0,0,0,0
강원,화천군,연료전지,0,0,0,0
강원,양구군,연료전지,0,0,0,0
강원,인제군,연료전지,0,0,0,0
강원,고성군,연료전지,8,36,10,10
강원,양양군,연료전지,0,0,0,0
강원,기타,연료전지,7,28,4,0
충북,충북,연료전지,70310,329960,59662,19825
충북,충주시,연료전지,65,285,40,0
충북,제천시,연료전지,16,71,10,0
충북,청주시,연료전지,31617,148386,19892,0
충북,보은군,연료전지,3871,18160,19835,19815
충북,옥천군,연료전지,33,142,20,0
충북,영동군,연료전지,0,0,0,0
충북,진천군,연료전지,49,214,30,0
충북,괴산군,연료전지,16,71,10,0
충북,음성군,연료전지,34635,162596,19815,0
충북,단양군,연료전지,0,0,0,0
충북,증평군,연료전지,8,36,10,10
충북,기타,연료전지,0,0,0,0
충남,충남,연료전지,143802,674849,83258,38
충남,천안시,연료전지,8739,40895,5529,6
충남,공주시,연료전지,82,356,50,0
충남,보령시,연료전지,11287,52988,7481,0
충남,아산시,연료전지,201,876,124,2
충남,서산시,연료전지,86509,406133,50180,0
충남,논산시,연료전지,33,142,20,0
충남,계룡시,연료전지,2,7,1,0
충남,당진시,연료전지,36886,173166,19833,30
충남,금산군,연료전지,18,78,11,0
충남,부여군,연료전지,0,0,0,0
충남,서천군,연료전지,0,0,0,0
충남,청양군,연료전지,0,0,0,0
충남,홍성군,연료전지,33,142,20,0
충남,예산군,연료전지,8,36,5,0
충남,태안군,연료전지,0,0,0,0
충남,기타,연료전지,7,28,4,0
전북,전북,연료전지,25867,121195,16745,50
전북,전주시,연료전지,444,1937,297,50
전북,군산시,연료전지,117,513,282,0
전북,익산시,연료전지,24397,114485,15315,0
전북,정읍시,연료전지,0,0,0,0
전북,남원시,연료전지,0,0,0,0
전북,김제시,연료전지,0,0,0,0
전북,완주군,연료전지,891,4182,840,0
전북,진안군,연료전지,0,0,0,0
전북,무주군,연료전지,0,0,0,0
전북,장수군,연료전지,0,0,0,0
전북,임실군,연료전지,0,0,0,0
전북,순창군,연료전지,0,0,0,0
전북,고창군,연료전지,0,0,0,0
전북,부안군,연료전지,10,43,6,0
전북,기타,연료전지,8,36,5,0
전남,전남,연료전지,72809,341588,69011,10
전남,목포시,연료전지,208,910,128,0
전남,여수시,연료전지,70994,333290,43190,0
전남,순천시,연료전지,235,1025,10544,0
전남,나주시,연료전지,51,221,31,0
전남,광양시,연료전지,1178,5515,15030,10
전남,담양군,연료전지,8,36,5,0
전남,곡성군,연료전지,16,71,10,0
전남,구례군,연료전지,0,0,0,0
전남,고흥군,연료전지,0,0,0,0
전남,보성군,연료전지,0,0,0,0
전남,화순군,연료전지,36,157,22,0
전남,장흥군,연료전지,0,0,0,0
전남,강진군,연료전지,16,71,10,0
전남,해남군,연료전지,0,0,0,0
전남,영암군,연료전지,0,0,0,0
전남,무안군,연료전지,33,142,20,0
전남,함평군,연료전지,0,0,0,0
전남,영광군,연료전지,34,150,21,0
전남,장성군,연료전지,0,0,0,0
전남,완도군,연료전지,0,0,0,0
전남,진도군,연료전지,0,0,0,0
전남,신안군,연료전지,0,0,0,0
전남,기타,연료전지,0,0,0,0
경북,경북,연료전지,92863,435523,67844,28723
경북,포항시,연료전지,36997,173628,19926,0
경북,경주시,연료전지,29,128,18,0
경북,김천시,연료전지,38,164,24,2
경북,안동시,연료전지,98,427,60,0
경북,구미시,연료전지,4467,20870,2587,1
경북,영주시,연료전지,0,0,0,0
경북,영천시,연료전지,34,150,21,0
경북,상주시,연료전지,0,0,0,0
경북,문경시,연료전지,27886,130904,15030,0
경북,경산시,연료전지,95,413,58,0
경북,의성군,연료전지,0,0,0,0
경북,청송군,연료전지,0,0,0,0
경북,영양군,연료전지,0,0,0,0
경북,영덕군,연료전지,47,207,34,10
경북,청도군,연료전지,16,71,10,0
경북,고령군,연료전지,0,0,0,0
경북,성주군,연료전지,0,0,0,0
경북,칠곡군,연료전지,22716,106639,29806,28710
경북,예천군,연료전지,0,0,0,0
경북,봉화군,연료전지,0,0,0,0
경북,울진군,연료전지,33,142,20,0
경북,울릉군,연료전지,0,0,0,0
경북,기타,연료전지,408,1780,250,0
경남,경남,연료전지,10554,49078,10212,4842
경남,진주시,연료전지,134,584,82,0
경남,통영시,연료전지,0,0,0,0
경남,사천시,연료전지,0,0,0,0
경남,김해시,연료전지,256,1118,157,0
경남,밀양시,연료전지,49,214,30,0
경남,거제시,연료전지,49,214,30,0
경남,양산시,연료전지,421,1837,258,0
경남,창원시,연료전지,9050,42343,9292,4842
경남,의령군,연료전지,29,128,18,0
경남,함안군,연료전지,8,36,5,0
경남,창녕군,연료전지,0,0,0,0
경남,고성군,연료전지,0,0,0,0
경남,남해군,연료전지,0,0,0,0
경남,하동군,연료전지,0,0,0,0
경남,산청군,연료전지,16,71,10,0
경남,함양군,연료전지,0,0,0,0
경남,거창군,연료전지,533,2498,325,0
경남,합천군,연료전지,0,0,0,0
경남,기타,연료전지,8,36,5,0
제주,제주도,연료전지,98,427,60,0
제주,제주시,연료전지,98,427,60,0
제주,서귀포시,연료전지,0,0,0,0
제주,기타,연료전지,0,0,0,0
서울,서울,IGCC,0,0,0,0
서울,종로구,IGCC,0,0,0,0
서울,중구,IGCC,0,0,0,0
서울,용산구,IGCC,0,0,0,0
서울,성동구,IGCC,0,0,0,0
서울,광진구,IGCC,0,0,0,0
서울,동대문구,IGCC,0,0,0,0
서울,중랑구,IGCC,0,0,0,0
서울,성북구,IGCC,0,0,0,0
서울,강북구,IGCC,0,0,0,0
서울,도봉구,IGCC,0,0,0,0
서울,노원구,IGCC,0,0,0,0
서울,은평구,IGCC,0,0,0,0
서울,서대문구,IGCC,0,0,0,0
서울,마포구,IGCC,0,0,0,0
서울,양천구,IGCC,0,0,0,0
서울,강서구,IGCC,0,0,0,0
서울,구로구,IGCC,0,0,0,0
서울,금천구,IGCC,0,0,0,0
서울,영등포구,IGCC,0,0,0,0
서울,동작구,IGCC,0,0,0,0
서울,관악구,IGCC,0,0,0,0
서울,서초구,IGCC,0,0,0,0
서울,강남구,IGCC,0,0,0,0
서울,송파구,IGCC,0,0,0,0
서울,강동구,IGCC,0,0,0,0
서울,기타,IGCC,0,0,0,
부산,부산,IGCC,0,0,0,0
부산,중구,IGCC,0,0,0,0
부산,서구,IGCC,0,0,0,0
부산,동구,IGCC,0,0,0,0
부산,영도구,IGCC,0,0,0,0
부산,부산진구,IGCC,0,0,0,0
부산,동래구,IGCC,0,0,0,0
부산,남구,IGCC,0,0,0,0
부산,북구,IGCC,0,0,0,0
부산,해운대구,IGCC,0,0,0,0
부산,사하구,IGCC,0,0,0,0
부산,금정구,IGCC,0,0,0,0
부산,강서구,IGCC,0,0,0,0
부산,연제구,IGCC,0,0,0,0
부산,수영구,IGCC,0,0,0,0
부산,사상구,IGCC,0,0,0,0
부산,기장군,IGCC,0,0,0,0
부산,기타,IGCC,0,0,0,0
대구,대구,IGCC,0,0,0,0
대구,중구,IGCC,0,0,0,0
대구,동구,IGCC,0,0,0,0
대구,서구,IGCC,0,0,0,0
대구,남구,IGCC,0,0,0,0
대구,북구,IGCC,0,0,0,0
대구,수성구,IGCC,0,0,0,0
대구,달서구,IGCC,0,0,0,0
대구,달성군,IGCC,0,0,0,0
대구,군위군,IGCC,0,0,0,0
대구,기타,IGCC,0,0,0,0
인천,인천,IGCC,0,0,0,0
인천,중구,IGCC,0,0,0,0
인천,동구,IGCC,0,0,0,0
인천,미추홀구,IGCC,0,0,0,0
인천,연수구,IGCC,0,0,0,0
인천,남동구,IGCC,0,0,0,0
인천,부평구,IGCC,0,0,0,0
인천,계양구,IGCC,0,0,0,0
인천,서구,IGCC,0,0,0,0
인천,강화군,IGCC,0,0,0,0
인천,옹진군,IGCC,0,0,0,0
인천,기타,IGCC,0,0,0,0
광주,광주,IGCC,0,0,0,0
광주,동구,IGCC,0,0,0,0
광주,서구,IGCC,0,0,0,0
광주,남구,IGCC,0,0,0,0
광주,북구,IGCC,0,0,0,0
광주,광산구,IGCC,0,0,0,0
광주,기타,IGCC,0,0,0,0
대전,대전,IGCC,0,0,0,0
대전,동구,IGCC,0,0,0,0
대전,중구,IGCC,0,0,0,0
대전,서구,IGCC,0,0,0,0
대전,유성구,IGCC,0,0,0,0
대전,대덕구,IGCC,0,0,0,0
대전,기타,IGCC,0,0,0,0
울산,울산,IGCC,0,0,0,0
울산,중구,IGCC,0,0,0,0
울산,남구,IGCC,0,0,0,0
울산,동구,IGCC,0,0,0,0
울산,북구,IGCC,0,0,0,0
울산,울주군,IGCC,0,0,0,0
울산,기타,IGCC,0,0,0,0
세종,세종,IGCC,0,0,0,0
경기,경기,IGCC,0,0,0,0
경기,수원시,IGCC,0,0,0,0
경기,성남시,IGCC,0,0,0,0
경기,의정부시,IGCC,0,0,0,0
경기,안양시,IGCC,0,0,0,0
경기,부천시,IGCC,0,0,0,0
경기,광명시,IGCC,0,0,0,0
경기,평택시,IGCC,0,0,0,0
경기,동두천시,IGCC,0,0,0,0
경기,안산시,IGCC,0,0,0,0
경기,고양시,IGCC,0,0,0,0
경기,과천시,IGCC,0,0,0,0
경기,구리시,IGCC,0,0,0,0
경기,남양주시,IGCC,0,0,0,0
경기,오산시,IGCC,0,0,0,0
경기,시흥시,IGCC,0,0,0,0
경기,군포시,IGCC,0,0,0,0
경기,의왕시,IGCC,0,0,0,0
경기,하남시,IGCC,0,0,0,0
경기,용인시,IGCC,0,0,0,0
경기,파주시,IGCC,0,0,0,0
경기,이천시,IGCC,0,0,0,0
경기,안성시,IGCC,0,0,0,0
경기,김포시,IGCC,0,0,0,0
경기,화성시,IGCC,0,0,0,0
경기,광주시,IGCC,0,0,0,0
경기,양주시,IGCC,0,0,0,0
경기,포천시,IGCC,0,0,0,0
경기,여주시,IGCC,0,0,0,0
경기,연천군,IGCC,0,0,0,0
경기,가평군,IGCC,0,0,0,0
경기,양평군,IGCC,0,0,0,0
경기,기타,IGCC,0,0,0,0
강원,강원,IGCC,0,0,0,0
강원,춘천시,IGCC,0,0,0,0
강원,원주시,IGCC,0,0,0,0
강원,강릉시,IGCC,0,0,0,0
강원,동해시,IGCC,0,0,0,0
강원,태백시,IGCC,0,0,0,0
강원,속초시,IGCC,0,0,0,0
강원,삼척시,IGCC,0,0,0,0
강원,홍천군,IGCC,0,0,0,0
강원,횡성군,IGCC,0,0,0,0
강원,영월군,IGCC,0,0,0,0
강원,평창군,IGCC,0,0,0,0
강원,정선군,IGCC,0,0,0,0
강원,철원군,IGCC,0,0,0,0
강원,화천군,IGCC,0,0,0,0
강원,양구군,IGCC,0,0,0,0
강원,인제군,IGCC,0,0,0,0
강원,고성군,IGCC,0,0,0,0
강원,양양군,IGCC,0,0,0,0
강원,기타,IGCC,0,0,0,0
충북,충북,IGCC,0,0,0,0
충북,충주시,IGCC,0,0,0,0
충북,제천시,IGCC,0,0,0,0
충북,청주시,IGCC,0,0,0,0
충북,보은군,IGCC,0,0,0,0
충북,옥천군,IGCC,0,0,0,0
충북,영동군,IGCC,0,0,0,0
충북,진천군,IGCC,0,0,0,0
충북,괴산군,IGCC,0,0,0,0
충북,음성군,IGCC,0,0,0,0
충북,단양군,IGCC,0,0,0,0
충북,증평군,IGCC,0,0,0,0
충북,기타,IGCC,0,0,0,0
충남,충남,IGCC,441288,2071775,346330,0
충남,천안시,IGCC,0,0,0,0
충남,공주시,IGCC,0,0,0,0
충남,보령시,IGCC,0,0,0,0
충남,아산시,IGCC,0,0,0,0
충남,서산시,IGCC,0,0,0,0
충남,논산시,IGCC,0,0,0,0
충남,계룡시,IGCC,0,0,0,0
충남,당진시,IGCC,0,0,0,0
충남,금산군,IGCC,0,0,0,0
충남,부여군,IGCC,0,0,0,0
충남,서천군,IGCC,0,0,0,0
충남,청양군,IGCC,0,0,0,0
충남,홍성군,IGCC,0,0,0,0
충남,예산군,IGCC,0,0,0,0
충남,태안군,IGCC,441288,2071775,346330,0
충남,기타,IGCC,0,0,0,0
전북,전북,IGCC,0,0,0,0
전북,전주시,IGCC,0,0,0,0
전북,군산시,IGCC,0,0,0,0
전북,익산시,IGCC,0,0,0,0
전북,정읍시,IGCC,0,0,0,0
전북,남원시,IGCC,0,0,0,0
전북,김제시,IGCC,0,0,0,0
전북,완주군,IGCC,0,0,0,0
전북,진안군,IGCC,0,0,0,0
전북,무주군,IGCC,0,0,0,0
전북,장수군,IGCC,0,0,0,0
전북,임실군,IGCC,0,0,0,0
전북,순창군,IGCC,0,0,0,0
전북,고창군,IGCC,0,0,0,0
전북,부안군,IGCC,0,0,0,0
전북,기타,IGCC,0,0,0,0
전남,전남,IGCC,0,0,0,0
전남,목포시,IGCC,0,0,0,0
전남,여수시,IGCC,0,0,0,0
전남,순천시,IGCC,0,0,0,0
전남,나주시,IGCC,0,0,0,0
전남,광양시,IGCC,0,0,0,0
전남,담양군,IGCC,0,0,0,0
전남,곡성군,IGCC,0,0,0,0
전남,구례군,IGCC,0,0,0,0
전남,고흥군,IGCC,0,0,0,0
전남,보성군,IGCC,0,0,0,0
전남,화순군,IGCC,0,0,0,0
전남,장흥군,IGCC,0,0,0,0
전남,강진군,IGCC,0,0,0,0
전남,해남군,IGCC,0,0,0,0
전남,영암군,IGCC,0,0,0,0
전남,무안군,IGCC,0,0,0,0
전남,함평군,IGCC,0,0,0,0
전남,영광군,IGCC,0,0,0,0
전남,장성군,IGCC,0,0,0,0
전남,완도군,IGCC,0,0,0,0
전남,진도군,IGCC,0,0,0,0
전남,신안군,IGCC,0,0,0,0
전남,기타,IGCC,0,0,0,0
경북,경북,IGCC,0,0,0,0
경북,포항시,IGCC,0,0,0,0
경북,경주시,IGCC,0,0,0,0
경북,김천시,IGCC,0,0,0,0
경북,안동시,IGCC,0,0,0,0
경북,구미시,IGCC,0,0,0,0
경북,영주시,IGCC,0,0,0,0
경북,영천시,IGCC,0,0,0,0
경북,상주시,IGCC,0,0,0,0
경북,문경시,IGCC,0,0,0,0
경북,경산시,IGCC,0,0,0,0
경북,의성군,IGCC,0,0,0,0
경북,청송군,IGCC,0,0,0,0
경북,영양군,IGCC,0,0,0,0
경북,영덕군,IGCC,0,0,0,0
경북,청도군,IGCC,0,0,0,0
경북,고령군,IGCC,0,0,0,0
경북,성주군,IGCC,0,0,0,0
경북,칠곡군,IGCC,0,0,0,0
경북,예천군,IGCC,0,0,0,0
경북,봉화군,IGCC,0,0,0,0
경북,울진군,IGCC,0,0,0,0
경북,울릉군,IGCC,0,0,0,0
경북,기타,IGCC,0,0,0,0
경남,경남,IGCC,0,0,0,0
경남,진주시,IGCC,0,0,0,0
경남,통영시,IGCC,0,0,0,0
경남,사천시,IGCC,0,0,0,0
경남,김해시,IGCC,0,0,0,0
경남,밀양시,IGCC,0,0,0,0
경남,거제시,IGCC,0,0,0,0
경남,양산시,IGCC,0,0,0,0
경남,창원시,IGCC,0,0,0,0
경남,의령군,IGCC,0,0,0,0
경남,함안군,IGCC,0,0,0,0
경남,창녕군,IGCC,0,0,0,0
경남,고성군,IGCC,0,0,0,0
경남,남해군,IGCC,0,0,0,0
경남,하동군,IGCC,0,0,0,0
경남,산청군,IGCC,0,0,0,0
경남,함양군,IGCC,0,0,0,0
경남,거창군,IGCC,0,0,0,0
경남,합천군,IGCC,0,0,0,0
경남,기타,IGCC,0,0,0,0
제주,제주도,IGCC,0,0,0,0
제주,제주시,IGCC,0,0,0,0
제주,서귀포시,IGCC,0,0,0,0
제주,기타,IGCC,0,0,0,0
