발전원,지역구분,시도구분,개수,용량,지역개수,지역용량
태양광,강원특별자치도,강릉시,20,2899.18,1035,113619.2
태양광,강원특별자치도,고성군,5,167.62,1035,113619.2
태양광,강원특별자치도,동해시,5호미만제거, , , 
태양광,강원특별자치도,삼척시,8,4091.03,1035,113619.2
태양광,강원특별자치도,속초시,5호미만제거, , , 
태양광,강원특별자치도,양구군,18,362.88,1035,113619.2
태양광,강원특별자치도,양양군,10,961.35,1035,113619.2
태양광,강원특별자치도,영월군,12,624.51,1035,113619.2
태양광,강원특별자치도,원주시,319,31669.34,1035,113619.2
태양광,강원특별자치도,인제군,6,146.65,1035,113619.2
태양광,강원특별자치도,정선군,5호미만제거, , , 
태양광,강원특별자치도,철원군,71,9754.31,1035,113619.2
태양광,강원특별자치도,춘천시,134,14766.36,1035,113619.2
태양광,강원특별자치도,태백시,5호미만제거, , , 
태양광,강원특별자치도,평창군,40,9116.19,1035,113619.2
태양광,강원특별자치도,홍천군,112,10783.77,1035,113619.2
태양광,강원특별자치도,화천군,40,4388.73,1035,113619.2
태양광,강원특별자치도,횡성군,240,23887.28,1035,113619.2
태양광,경기도,가평군,61,6781.52,4675,464127
태양광,경기도,고양시 덕양구,17,1290.51,4675,464127
태양광,경기도,고양시 일산동구,88,6566.75,4675,464127
태양광,경기도,고양시 일산서구,23,2491.02,4675,464127
태양광,경기도,광주시,118,9543.1,4675,464127
태양광,경기도,구리시,5호미만제거, , , 
태양광,경기도,군포시,5호미만제거, , , 
태양광,경기도,김포시,484,43862.65,4675,464127
태양광,경기도,남양주시,125,11433.55,4675,464127
태양광,경기도,동두천시,21,2371.17,4675,464127
태양광,경기도,부천시 소사구,5호미만제거, , , 
태양광,경기도,부천시 오정구,5호미만제거, , , 
태양광,경기도,부천시 원미구,5호미만제거, , , 
태양광,경기도,성남시 분당구,5호미만제거, , , 
태양광,경기도,성남시 중원구,5호미만제거, , , 
태양광,경기도,수원시 권선구,12,1074.17,4675,464127
태양광,경기도,수원시 영통구,5호미만제거, , , 
태양광,경기도,수원시 장안구,18,1334.12,4675,464127
태양광,경기도,수원시 팔달구,6,1036.85,4675,464127
태양광,경기도,시흥시,151,17289.53,4675,464127
태양광,경기도,안산시 단원구,76,11304.04,4675,464127
태양광,경기도,안산시 상록구,7,457.84,4675,464127
태양광,경기도,안성시,400,38834.78,4675,464127
태양광,경기도,안양시 동안구,5호미만제거, , , 
태양광,경기도,양주시,239,21669.52,4675,464127
태양광,경기도,양평군,98,5165.04,4675,464127
태양광,경기도,여주시,285,23283.75,4675,464127
태양광,경기도,연천군,112,22575.07,4675,464127
태양광,경기도,오산시,5,1622.06,4675,464127
태양광,경기도,용인시 기흥구,8,1641.16,4675,464127
태양광,경기도,용인시 처인구,115,8807.99,4675,464127
태양광,경기도,의왕시,5호미만제거, , , 
태양광,경기도,의정부시,15,947.22,4675,464127
태양광,경기도,이천시,255,24066.44,4675,464127
태양광,경기도,파주시,370,37951.53,4675,464127
태양광,경기도,평택시,239,25655.28,4675,464127
태양광,경기도,포천시,650,66952.58,4675,464127
태양광,경기도,화성시,677,68117.76,4675,464127
태양광,경상남도,거제시,77,3943.78,2834,325471.52
태양광,경상남도,거창군,44,8944.17,2834,325471.52
태양광,경상남도,고성군,128,14122.25,2834,325471.52
태양광,경상남도,김해시,627,70506.89,2834,325471.52
태양광,경상남도,남해군,154,12234.48,2834,325471.52
태양광,경상남도,밀양시,270,25276.91,2834,325471.52
태양광,경상남도,사천시,147,18568.52,2834,325471.52
태양광,경상남도,산청군,32,2330.67,2834,325471.52
태양광,경상남도,양산시,139,17899.04,2834,325471.52
태양광,경상남도,의령군,63,13718.68,2834,325471.52
태양광,경상남도,진주시,279,35348.74,2834,325471.52
태양광,경상남도,창녕군,185,26891.83,2834,325471.52
태양광,경상남도,창원시 마산합포구,30,4478.28,2834,325471.52
태양광,경상남도,창원시 마산회원구,53,6121.23,2834,325471.52
태양광,경상남도,창원시 성산구,49,8178.29,2834,325471.52
태양광,경상남도,창원시 의창구,121,12289.71,2834,325471.52
태양광,경상남도,창원시 진해구,13,1462.3,2834,325471.52
태양광,경상남도,통영시,35,2075.29,2834,325471.52
태양광,경상남도,하동군,109,9818.5,2834,325471.52
태양광,경상남도,함안군,187,23523.32,2834,325471.52
태양광,경상남도,함양군,35,3159.66,2834,325471.52
태양광,경상남도,합천군,57,4578.98,2834,325471.52
태양광,경상북도,경산시,535,53579.14,4911,511202.71
태양광,경상북도,경주시,623,71990.99,4911,511202.71
태양광,경상북도,고령군,134,10294.59,4911,511202.71
태양광,경상북도,구미시,475,50171.52,4911,511202.71
태양광,경상북도,김천시,374,38973.37,4911,511202.71
태양광,경상북도,문경시,149,12950.2,4911,511202.71
태양광,경상북도,봉화군,40,3185.55,4911,511202.71
태양광,경상북도,상주시,123,15489.29,4911,511202.71
태양광,경상북도,성주군,249,24163.44,4911,511202.71
태양광,경상북도,안동시,288,27748.06,4911,511202.71
태양광,경상북도,영덕군,104,14201.06,4911,511202.71
태양광,경상북도,영양군,34,4313.96,4911,511202.71
태양광,경상북도,영주시,116,10606.44,4911,511202.71
태양광,경상북도,영천시,520,58533.34,4911,511202.71
태양광,경상북도,예천군,332,36149.93,4911,511202.71
태양광,경상북도,울진군,8,1223.32,4911,511202.71
태양광,경상북도,의성군,68,6265.21,4911,511202.71
태양광,경상북도,청도군,139,11576.2,4911,511202.71
태양광,경상북도,청송군,17,360.81,4911,511202.71
태양광,경상북도,칠곡군,454,45348.2,4911,511202.71
태양광,경상북도,포항시 남구,76,7463.54,4911,511202.71
태양광,경상북도,포항시 북구,53,6614.55,4911,511202.71
태양광,광주광역시,광산구,249,40904.27,370,57818.21
태양광,광주광역시,남구,25,5087.03,370,57818.21
태양광,광주광역시,동구,5호미만제거, , , 
태양광,광주광역시,북구,66,8697.64,370,57818.21
태양광,광주광역시,서구,30,3129.27,370,57818.21
태양광,대구광역시,군위군,67,6283.84,1073,112292.56
태양광,대구광역시,남구,5,288.51,1073,112292.56
태양광,대구광역시,달서구,320,37625.81,1073,112292.56
태양광,대구광역시,달성군,341,38786.84,1073,112292.56
태양광,대구광역시,동구,75,6074.91,1073,112292.56
태양광,대구광역시,북구,153,12096.6,1073,112292.56
태양광,대구광역시,서구,103,10817.46,1073,112292.56
태양광,대구광역시,수성구,9,318.59,1073,112292.56
태양광,대구광역시,중구,5호미만제거, , , 
태양광,대전광역시,대덕구,45,4670.28,123,10019.09
태양광,대전광역시,동구,24,1372.49,123,10019.09
태양광,대전광역시,서구,10,385.22,123,10019.09
태양광,대전광역시,유성구,31,2903.03,123,10019.09
태양광,대전광역시,중구,13,688.07,123,10019.09
태양광,부산광역시,강서구,267,39709.6,382,54888.58
태양광,부산광역시,금정구,5호미만제거, , , 
태양광,부산광역시,기장군,67,9582.45,382,54888.58
태양광,부산광역시,남구,5호미만제거, , , 
태양광,부산광역시,동래구,5호미만제거, , , 
태양광,부산광역시,부산진구,5호미만제거, , , 
태양광,부산광역시,북구,5호미만제거, , , 
태양광,부산광역시,사상구,18,1577.42,382,54888.58
태양광,부산광역시,사하구,30,4019.11,382,54888.58
태양광,부산광역시,서구,5호미만제거, , , 
태양광,부산광역시,수영구,5호미만제거, , , 
태양광,부산광역시,중구,5호미만제거, , , 
태양광,부산광역시,해운대구,5호미만제거, , , 
태양광,서울특별시,강북구,5호미만제거, , , 
태양광,서울특별시,광진구,5호미만제거, , , 
태양광,서울특별시,구로구,5호미만제거, , , 
태양광,서울특별시,금천구,5호미만제거, , , 
태양광,서울특별시,양천구,5호미만제거, , , 
태양광,세종특별자치시,,165,15494.57,165,15494.57
태양광,울산광역시,남구,32,4411.42,311,44520.18
태양광,울산광역시,동구,5,497.7,311,44520.18
태양광,울산광역시,북구,95,15276.96,311,44520.18
태양광,울산광역시,울주군,179,24334.1,311,44520.18
태양광,울산광역시,중구,5호미만제거, , , 
태양광,인천광역시,강화군,99,9056.62,298,33768.79
태양광,인천광역시,계양구,12,677.43,298,33768.79
태양광,인천광역시,남동구,35,4881.03,298,33768.79
태양광,인천광역시,동구,5호미만제거, , , 
태양광,인천광역시,미추홀구,5호미만제거, , , 
태양광,인천광역시,부평구,5,397.29,298,33768.79
태양광,인천광역시,서구,142,18175.37,298,33768.79
태양광,인천광역시,연수구,5호미만제거, , , 
태양광,인천광역시,중구,5,581.05,298,33768.79
태양광,전라남도,강진군,56,2109.38,1833,204133.6
태양광,전라남도,고흥군,198,22781.61,1833,204133.6
태양광,전라남도,곡성군,29,448.89,1833,204133.6
태양광,전라남도,광양시,73,9040.33,1833,204133.6
태양광,전라남도,구례군,24,1520.58,1833,204133.6
태양광,전라남도,나주시,166,23326.82,1833,204133.6
태양광,전라남도,담양군,157,15134.94,1833,204133.6
태양광,전라남도,목포시,25,2424.7,1833,204133.6
태양광,전라남도,무안군,64,8710.82,1833,204133.6
태양광,전라남도,보성군,89,12763.04,1833,204133.6
태양광,전라남도,순천시,99,12136.03,1833,204133.6
태양광,전라남도,신안군,45,14385.22,1833,204133.6
태양광,전라남도,여수시,90,10949.97,1833,204133.6
태양광,전라남도,영광군,71,6318.23,1833,204133.6
태양광,전라남도,영암군,118,8365.1,1833,204133.6
태양광,전라남도,완도군,102,7260.51,1833,204133.6
태양광,전라남도,장성군,54,4042.67,1833,204133.6
태양광,전라남도,장흥군,107,8959.86,1833,204133.6
태양광,전라남도,진도군,14,1773.15,1833,204133.6
태양광,전라남도,함평군,103,13855.75,1833,204133.6
태양광,전라남도,해남군,88,11439.57,1833,204133.6
태양광,전라남도,화순군,61,6386.43,1833,204133.6
태양광,전북특별자치도,고창군,50,2244.43,2242,263979.74
태양광,전북특별자치도,군산시,100,13875.28,2242,263979.74
태양광,전북특별자치도,김제시,77,6711.39,2242,263979.74
태양광,전북특별자치도,남원시,206,23038.9,2242,263979.74
태양광,전북특별자치도,무주군,28,2418.05,2242,263979.74
태양광,전북특별자치도,부안군,811,120068.72,2242,263979.74
태양광,전북특별자치도,순창군,54,2357.35,2242,263979.74
태양광,전북특별자치도,완주군,245,26744.57,2242,263979.74
태양광,전북특별자치도,익산시,220,23992.4,2242,263979.74
태양광,전북특별자치도,임실군,41,3738.95,2242,263979.74
태양광,전북특별자치도,장수군,7,254.06,2242,263979.74
태양광,전북특별자치도,전주시 덕진구,77,5641.8,2242,263979.74
태양광,전북특별자치도,전주시 완산구,45,3564.33,2242,263979.74
태양광,전북특별자치도,정읍시,227,24622.65,2242,263979.74
태양광,전북특별자치도,진안군,54,4706.86,2242,263979.74
태양광,제주특별자치도,서귀포시,77,18372.05,175,36886.67
태양광,제주특별자치도,제주시,98,18514.62,175,36886.67
태양광,충청남도,계룡시,20,1547.91,2970,288649.17
태양광,충청남도,공주시,128,10191.76,2970,288649.17
태양광,충청남도,금산군,56,6317.49,2970,288649.17
태양광,충청남도,논산시,84,4590.05,2970,288649.17
태양광,충청남도,당진시,368,41001.69,2970,288649.17
태양광,충청남도,보령시,161,10205.71,2970,288649.17
태양광,충청남도,부여군,144,13108.17,2970,288649.17
태양광,충청남도,서산시,196,16761.61,2970,288649.17
태양광,충청남도,서천군,128,14811.69,2970,288649.17
태양광,충청남도,아산시,396,42249.05,2970,288649.17
태양광,충청남도,예산군,283,26902.6,2970,288649.17
태양광,충청남도,천안시 동남구,414,46751.75,2970,288649.17
태양광,충청남도,천안시 서북구,367,35107.15,2970,288649.17
태양광,충청남도,청양군,85,8342.56,2970,288649.17
태양광,충청남도,태안군,31,1192.82,2970,288649.17
태양광,충청남도,홍성군,109,9567.16,2970,288649.17
태양광,충청북도,괴산군,82,10971.31,2113,203987.46
태양광,충청북도,단양군,65,11431.68,2113,203987.46
태양광,충청북도,보은군,14,356.28,2113,203987.46
태양광,충청북도,영동군,69,6568.47,2113,203987.46
태양광,충청북도,옥천군,73,8476.58,2113,203987.46
태양광,충청북도,음성군,350,36740.55,2113,203987.46
태양광,충청북도,제천시,97,9820.2,2113,203987.46
태양광,충청북도,증평군,66,4314.29,2113,203987.46
태양광,충청북도,진천군,242,24392.27,2113,203987.46
태양광,충청북도,청주시 상당구,98,9417.61,2113,203987.46
태양광,충청북도,청주시 서원구,90,8885.53,2113,203987.46
태양광,충청북도,청주시 청원구,435,43776.94,2113,203987.46
태양광,충청북도,청주시 흥덕구,147,12457.5,2113,203987.46
태양광,충청북도,충주시,285,16378.25,2113,203987.46
소수력,경상남도,하동군,5호미만제거, , , 
소수력,전라남도,완도군,5호미만제거, , , 
소수력,전라남도,진도군,5호미만제거, , , 
폐기물소각,경상남도,밀양시,5호미만제거, , , 
바이오에너지,경상남도,창녕군,5호미만제거, , , 
바이오에너지,경상남도,창원시 마산회원구,5호미만제거, , , 
바이오에너지,전라남도,순천시,5호미만제거, , , 
바이오매스,충청북도,괴산군,5호미만제거, , , 
