하천명,본류,제1지류,제2지류,제3지류,제4지류,제5지류,제6지류,하천등급,하천 기점,시군구1,읍면동1,경계1,하천 종점,시군구2,읍면동2,경계2,하천연장_킬로미터,유로연장_킬로미터,유역면적_제곱킬로미터,제방정비,제방보강,제방신설,하천지정근거 및 일자
황룡강,영산강,황룡강,,,,,,지방,전남,징성,북하,쌍웅리 쌍웅교,전남,장성,황룡,광주.전남도계,20.8,,,31.80,,5.80,대통령령제16535호
황룡강,영산강,황룡강,,,,,,지방,전남,장성,북하,신성460-2번지선,전남,장성,북하,황룡강(지방) 기점,4.79,8.93,22.23,2.40,,1.10,전남453호 (2003.12.27 )
옥과천,섬진강,옥과천,,,,,,지방,전남,곡성,오산,성덕제 방수로,전남,곡성,옥과,섬진강(국가)합류점,20.71,25.25,132.31,18.57,1.20,5.23,전남453호 (2003.12.27 )
단사천,섬진강,옥과천,단사천,,,,,지방,전남,곡성,오산,단사제 방수로 하단,전남,곡성,오산,옥과천(지방) 합류점,2.7,3.48,4.13,1.53,0.57,1.79,전남453호 (2003.12.27 )
연화천,섬진강,옥과천,연화천,,,,,지방,전남,곡성,오산,연화제 방수로,전남,곡성,오산,옥과천(지방) 합류점,1.2,3.76,2.92,0.18,,2.06,전남453호 (2003.12.27 )
운곡천,섬진강,옥과천,운곡천,,,,,지방,전남,곡성,오산,운곡500번지선,전남,곡성,오산,옥과천(지방)합류점,2.85,4.68,5.67,,2.50,2.50,전남453호 (2003.12.27 )
설옥천,섬진강,옥과천,설옥천,,,,,지방,전남,곡성,옥과,설옥1제 방수로,전남,곡성,옥과,옥과천(지방) 합류점,3.2,4.01,5.88,,3.90,,전남453호 (2003.12.27 )
삼기천,섬진강,옥과천,삼기천,,,,,지방,전남,곡성,삼기,농소리73-5번지선,전남,곡성,옥과,옥과천(지방)합류점,13.47,13.77,54.25, 8.25 , 11.71 ,,전남453호 (2003.12.27 )
금반천,섬진강,옥과천,삼기천,금반천,,,,지방,전남,곡성,삼기,금반 561-1번지선,전남,곡성,삼기,삼기천(지방)합류점,2.3,4.61,4.55,0.53,1.78,0.47,전남453호 (2003.12.27 )
의암천,섬진강,옥과천,삼기천,의암천,,,,지방,전남,곡성,삼기,의암리 의암제   방수로,전남,곡성,삼기,삼기천(지방)     합류점,1.59,3.96,2.52,0.90,1.08,,전남453호 (2003.12.27 )
대명천,섬진강,옥과천,삼기천,대명천,,,,지방,전남,곡성,겸,대명 690-1번지선,전남,곡성,겸,삼기천(지방) 합류점,1.34,3.69,2.64,,1.77 ,,전남453호 (2003.12.27 )
상덕천,섬진강,옥과천,삼기천,상덕천,,,,지방,전남,곡성,겸,상덕제 방수로,전남,곡성,겸,삼기천(지방) 합류점,2,3.22,5.42,3.63,,,전남453호 (2003.12.27 )
송강천,섬진강,옥과천,삼기천,송강천,,,,지방,전남,곡성,겸,운교리 운강제   방수로,전남,곡성,겸,삼기천(지방)합류점,2.2,4.34,7.1,1.86,1.63,0.91,전남453호 (2003.12.27 )
입천,섬진강,입천,,,,,,지방,전남,곡성,입,약천630번지선,전남,곡성,입,섬진강(국가)합류점,5.1,7.78,32.94,5.98,2.95,1.20,전남453호 (2003.12.27 )
창정천,섬진강,입천,창정천,,,,,지방,전남,곡성,겸,산정470번지선,전남,곡성,입,입천(지방) 합류점,5.01,6.38,13.46,8.34,,,전남453호 (2003.12.27 )
신기천,섬진강,신기천,,,,,,지방,전남,곡성,곡성,신기881번지선,전남,곡성,곡성,섬진강(국가) 합류점,2.1,3.16,2.63,,,3.64,전남453호 (2003.12.27 )
뇌죽천,섬진강,뇌죽천,,,,,,지방,전남,곡성,고달,뇌죽제 방수로111번지선,전남,곡성,고달,섬진강(국가)합류점,2.46,4.99,4.53,0.80 ,2.83 ,1.31 ,전남453호 (2003.12.27 )
고달천,섬진강,고달천,,,,,,지방,전남,곡성,고달,고달47번지선,전남,곡성,고달,섬진강(국가) 합류점,3.66,6.6,7.74, 3.92 , 3.40 ,,전남453호 (2003.12.27 )
곡성천,섬진강,곡성천,,,,,,지방,전남,곡성,곡성,서계246번지선,전남,곡성,오곡,섬진강(국가) 합류점,11.78,10.73,38.34,16.00,2.68,0.49,전남453호 (2003.12.27 )
월봉천,섬진강,곡성천,월봉천,,,,,지방,전남,곡성,곡성,월봉326번지선,전남,곡성,곡성,곡성천(지방) 합류점,2.32,4.87,4.93,0.84,1.08,,전남453호 (2003.12.27 )
죽동천,섬진강,곡성천,죽동천,,,,,지방,전남,곡성,곡성,죽동 산10번지선,전남,곡성,곡성,곡성천(지방)     합류점,1.65,3.21,2.57,1.52,0.65,0.32,전남453호 (2003.12.27 )
학정천,섬진강,곡성천,학정천,,,,,지방,전남,곡성,곡성,학정726번지선,전남,곡성,곡성,곡성천(지방) 합류점,2.5,4.93,4.66,0.70,,1.38,전남453호 (2003.12.27 )
오곡천,섬진강,곡성천,오곡천,,,,,지방,전남,곡성,오곡,구성556번지선,전남,곡성,오곡,곡성천(지방) 합류점,8.43,10.28,29.18,6.17,,4.76,전남453호 (2003.12.27 )
명산천,섬진강,곡성천,오곡천,명산천,,,,지방,전남,곡성,오곡,명산9-1번지선,전남,곡성,오곡,오곡천(지방) 합류점,1.55,4.17,4.71,,2.23 ,,전남453호 (2003.12.27 )
미산천,섬진강,곡성천,오곡천,미산천,,,,지방,전남,곡성,오곡,미산리 산 99-2번지선,전남,곡성,오곡,오곡천(지방) 합류점,3.69,5.19,8.51,,,3.40,전남453호 (2003.12.27 )
침곡천,섬진강,침곡천,,,,,,지방,전남,곡성,오곡,침곡리249번지선,전남,곡성,오곡,섬진강(국가) 합류점,2.02,4.48,4.89,1.11,0.22,0.08,전남453호 (2003.12.27 )
두가천,섬진강,두가천,,,,,,지방,전남,곡성,고달,두가76-4번지선,전남,곡성,고달,섬진강(국가) 합류점,2.45,5.61,8.37, 0.96 , 1.03 ,,전남453호 (2003.12.27 )
송정천,섬진강,송정천,,,,,,지방,전남,곡성,오곡,송정262번지선,전남,곡성,오곡,섬진강(국가) 합류점,2.04,3.55,2.77,,0.59 ,,전남453호 (2003.12.27 )
봉조천,섬진강,봉조천,,,,,,지방,전남,곡성,오곡,봉조리597번지선,전남,곡성,오곡,섬진강(국가) 합류점,3.77,6.01,14.37,3.92,,3.10,전남453호 (2003.12.27 )
보성강,섬진강,보성강,,,,,,지방,전남,보성,웅치,봉산 834-4번지선,전남,보성,문덕,보성강(국가)기점,70.97,73.62,468.86,23.75,33.83,15.21,전남453호 (2003.12.27 )
용반천,섬진강,보성강,용반천,,,,,지방,전남,보성,웅치,용반 639-2번지선,전남,보성,웅치,보성강(지방)합류점,2.19,4.97,5.14,1.51 ,0.32 ,1.64 ,전남453호 (2003.12.27 )
대산천,섬진강,보성강,대산천,,,,,지방,전남,보성,웅치,담안제 여수로하단,전남,보성,웅치,보성강(지방)합류점,4.06,6.31,9.14,4.83,0.48,1.68,전남453호 (2003.12.27 )
구암천,섬진강,보성강,구암천,,,,,지방,전남,보성,웅치,서동제 여수로하단,전남,보성,웅치,보성강(지방) 합류점,2.42,5.39,4.81,2.12,2.48,0.21,전남453호 (2003.12.27 )
석교천,섬진강,보성강,석교천,,,,,지방,전남,장흥,장동,북교 796-1번지선,전남,장흥,장동,보성강(지방) 합류점,4.47,6.53,14.89,0.92,3.34,2.92,전남453호 (2003.12.27 )
배산천,섬진강,보성강,석교천,배산천,,,,지방,전남,장흥,장동,반산 외반제 여수로하단,전남,장흥,장동,석교천(지방) 합류점,3.06,5.19,8.39,0.06,,5.80,전남453호 (2003.12.27 )
용강천,섬진강,보성강,용강천,,,,,지방,전남,장흥,장평,등촌 412번지선,전남,장흥,장평,보성강(지방) 합류점,3.07,4.59,4.42,0.58,1.40,3.90,전남453호 (2003.12.27 )
장평천,섬진강,보성강,장평천,,,,,지방,전남,장흥,장평,병동 193-1 번지선,전남,장흥,장평,보성강(지방) 합류점,10.78,12.31,37.32,13.18,6.40,0.93,전남453호 (2003.12.27 )
임천천,섬진강,보성강,임천천,,,,,지방,전남,장흥,장평,복흥제 방수로 하단,전남,장흥,장평,보성강(지방) 합류점,5.77,7.6,16.65,2.61,2.62,4.87,전남453호 (2003.12.27 )
명동천,섬진강,보성강,명동천,,,,,지방,전남,장흥,장평,진산 진산제 여수로하단,전남,장흥,장평,보성강(지방) 합류점,3.88,6.8,9.71,2.86,0.83,3.94,전남453호 (2003.12.27 )
대련천,섬진강,보성강,대련천,,,,,지방,전남,보성,노동,대련 절련제 여수로하단,전남,보성,노동,보성강(지방) 합류점,3.09,4.14,5.43,0.14,4.39,0.73,전남453호 (2003.12.27 )
노동천,섬진강,보성강,노동천,,,,,지방,전남,보성,노동,학동 갑동제 여수로하단,전남,보성,노동,보성강(지방) 합류점,7.82,10.68,23.27,2.16,1.39,6.44,전남453호 (2003.12.27 )
광곡천,섬진강,보성강,노동천,광곡천,,,,지방,전남,보성,노동,거석 중의제 여수로하단,전남,보성,노동,노동천(지방)합류점,3.55,5.32,7.31,0.19,,4.92,전남453호 (2003.12.27 )
봉화천,섬진강,보성강,봉화천,,,,,지방,전남,보성,웅치,봉선1262번지선,전남,보성,미력,보성강(지방) 합류점,9.7,11.05,39.98,1.66,5.38,11.86,전남453호 (2003.12.27 )
미력천,섬진강,보성강,미력천,,,,,지방,전남,보성,미력,미력 717-4번지선,전남,보성,미력,보성강(지방) 합류점,4.54,5.54,8.05,1.11,0.22,6.12,전남453호 (2003.12.27 )
장동천,섬진강,보성강,장동천,,,,,지방,전남,보성,미력,화방 장동제 여수로하단,전남,보성,미력,보성강(지방) 합류점,2.14,3.69,4.53,0.85,,1.94,전남453호 (2003.12.27 )
겸백천,섬진강,보성강,겸백천,,,,,지방,전남,보성,겸백,수남 산 3번지선,전남,보성,겸백,보성강(지방) 합류점,5.78,7.17,17.46,0.04,0.80,5.59,전남453호 (2003.12.27 )
율어천,섬진강,보성강,율어천,,,,,지방,전남,보성,율어,유신 유신제 여수로하단,전남,보성,율어,보성강(지방) 합류점,8.07,11.95,31.11,3.47,6.81,4.22,전남453호 (2003.12.27 )
유정천,섬진강,보성강,유정천,,,,,지방,전남,보성,복내,장천 장천제 여수로하단,전남,보성,복내,보성강(지방) 합류점,7.12,9.03,18.21,2.13,0.58,9.18,전남453호 (2003.12.27 )
복내천,섬진강,보성강,복내천,,,,,지방,전남,보성,복내,진봉 진봉제 여수로하단,전남,보성,복내,유정천(지방) 합류점,5.29,7.51,18.75,0.46,,8.56,전남453호 (2003.12.27 )
화령천,섬진강,보성강,복내천,화령천,,,,지방,전남,보성,복내,진봉873번지선,전남,보성,복내,복내천(지방) 합류점,1.6,2.87,4.43,0.07,,2.21,전남453호 (2003.12.27 )
일봉천,섬진강,보성강,일봉천,,,,,지방,전남,보성,복내,일봉 일봉제 여수로하단,전남,보성,복내,보성강(지방) 합류점,4.35,7.18,13.47, 0.76 , 0.17 , 5.35 ,전남453호 (2003.12.27 )
문덕천,섬진강,보성강,문덕천,,,,,지방,전남,보성,문덕,귀산 귀산제 여수로하단 방수로,전남,보성,문덕,보성강(지방) 합류점,3.05,7.05,15.69,1.68,0.16,3.95,전남453호 (2003.12.27 )
동복천,섬진강,보성강,동복천,,,,,지방,전남,화순,북,송단제 방수로하단,전남,보성,문덕,보성강(국가)합류점,48.4,51.76,380.28,13.62,3.71,19.00,전남453호 (2003.12.27 )
대덕천,섬진강,보성강,동복천,대덕천,,,,지방,전남,담양,대덕,용대786번지선,전남,담양,대덕,동복천(지방) 합류점,6.78,7.15,12.83,0.59,1.66,6.13,전남453호 (2003.12.27 )
남천,섬진강,보성강,동복천,남천,,,,지방,전남,담양,창평,외동제 방수로하단,전남,화순,북,동복천(지방) 합류점,7.96,14.42,32.62,3.03,1.79,5.95,전남453호 (2003.12.27 )
길성천,섬진강,보성강,동복천,길성천,,,,지방,전남,화순,북,용곡리15번지선,전남,화순,북,동복천(지방) 합류점,8.03,9,15.11,0.62,0.28,8.49,전남453호 (2003.12.27 )
내북천,섬진강,보성강,동복천,내북천,,,,지방,전남,화순,북,노치리10번지선,전남,화순,북,동복천(지방) 합류점,8.11,8.35,23.74,0.55,0.96,5.66,전남453호 (2003.12.27 )
수리천,섬진강,보성강,동복천,내북천,수리천,,,지방,전남,화순,북,수리 788-1번지선,전남,화순,북,내복천(지방) 합류점,1.37,4.86,4.99,,,1.69,전남453호 (2003.12.27 )
이서천,섬진강,보성강,동복천,이서천,,,,지방,전남,화순,이서,무동제 방수로,전남,화순,이서,동복천(지방) 합류점,6.18,9.78,28.87,1.59,1.13,5.09,전남453호 (2003.12.27 )
장복천,섬진강,보성강,동복천,이서천,장복천,,,지방,전남,화순,이서,영평리643번지선,전남,화순,이서,이서천(지방) 합류점,3.06,6.21,7.2,2.22,,1.19,전남453호 (2003.12.27 )
안심천,섬진강,보성강,동복천,이서천,안심천,,,지방,전남,화순,이서,안심제 방수로 하단,전남,화순,이서,이서천(지방) 합류점,3.62,6.32,10.17,1.71,1.30,1.31,전남453호 (2003.12.27 )
유천천,섬진강,보성강,동복천,유천천,,,,지방,전남,화순,동복,유천제 방수로 하단,전남,화순,동복,동복천(지방) 합류점,3.8,11.61,40.14,0.03,6.01,,전남453호 (2003.12.27 )
가수천,섬진강,보성강,동복천,유천천,가수천, , ,지방,전남,화순,동복,가수334번지선,전남,화순,동복,유천천(지방) 합류점,6.94,10.41,22.08,1.93,1.92,7.59,전남453호 (2003.12.27 )
안성천,섬진강,보성강,동복천,유천천,가수천,안성천,,지방,전남,화순,동복,안성640번지선,전남,화순,동복,가수천(지방) 합류점,0.65,4.62,6.04,0.03,0.34,0.88,전남453호 (2003.12.27 )
율곡천,섬진강,보성강,동복천,유천천,가수천,율곡천,,지방,전남,화순,동복,신율리23번지선,전남,화순,동복,가수천(지방) 합류점,3.23,4.86,4.21,,0.11,1.52,전남453호 (2003.12.27 )
구암천,섬진강,보성강,동복천,구암천,,,,지방,전남,화순,동복,구암921번지선,전남,화순,동복,동복천(지방) 합류점,0.88,3.92,3.35,0.52,0.33,,전남453호 (2003.12.27 )
평촌천,섬진강,보성강,동복천,평촌천,,,,지방,전남,화순,남,내리  1123-1 번지선,전남,화순,남,동복천(지방) 합류점,1.58,5.32,8.33,0.15,0.47,1.32,전남453호 (2003.12.27 )
오룡천,섬진강,보성강,동복천,오룡천,,,,지방,전남,화순,남,장전 431-1번지선,전남,화순,남,동복천(지방) 합류점,2.71,4.09,5.03,0.16,,3.07,전남453호 (2003.12.27 )
송암천,섬진강,보성강,동복천,송암천,,,,지방,전남,화순,남,다산773번지선,전남,화순,남,동복천(지방) 합류점,2.25,5.63,4.77,0.96,0.13,1.28,전남453호 (2003.12.27 )
외남천,섬진강,보성강,동복천,외남천,,,,지방,전남,화순,한천,고시497번지선,전남,화순,남,동복천(지방) 합류점,11.92,15.34,61.31,3.82,7.04,4.62,전남453호 (2003.12.27 )
고방천,섬진강,보성강,동복천,외남천,고방천,,,지방,전남,화순,한천,고시6번지선,전남,화순,한천,고시제 합류점,0.73,2.53,2.9,,,0.27,전남453호 (2003.12.27 )
도치천,섬진강,보성강,동복천,외남천,도치천,,,지방,전남,화순,한천,반곡 428-1번지선,전남,화순,한천,외남천(지방) 합류점,0.48,3.05,3.2,,,0.10,전남453호 (2003.12.27 )
송산천,섬진강,보성강,동복천,외남천,송산천,,,지방,전남,화순,한천,정우23번지선,전남,화순,남,외남천(지방) 합류점,3.53,5.42,9.69,0.48,,2.60,전남453호 (2003.12.27 )
대곡천,섬진강,보성강,동복천,외남천,대곡천,,,지방,전남,화순,남,대곡332번지선,전남,화순,남,외남천(지방) 합류점,2.6,5.84,8.84,1.67,0.25,2.37,전남453호 (2003.12.27 )
내남천,섬진강,보성강,동복천,내남천,,,,지방,전남,화순,남,유마 266-2번지선,전남,화순,남,동복천(지방) 합류점,4.93,7.79,11.4,,,0.12,전남453호 (2003.12.27 )
죽산천,섬진강,보성강,동복천,죽산천,,,,지방,전남,보성,문덕,죽산600번지선,전남,보성,문덕,동복천(지방) 합류점,2.93,6.61,3.98,,,1.42,전남453호 (2003.12.27 )
한천천,섬진강,보성강,한천천,,,,,지방,전남,순천,송광,우산1448번지선,전남,순천,송광,보성강(국가) 합류점,2.57,4.13,6,,,0.75,전남453호 (2003.12.27 )
송광천,섬진강,보성강,송광천,,,,,지방,전남,순천,외서,반용리 252-6번지선,전남,순천,송광,보성강(국가) 합류점,14.26,21.09,66.42,,,20.03,전남453호 (2003.12.27 )
외서천,섬진강,보성강,송광천,외서천,,,,지방,전남,순천,외서,신덕133번지선,전남,순천,외서,송광천(지방) 합류점,5.43,6.29,10.64,,,7.21,전남453호 (2003.12.27 )
장안천,섬진강,보성강,송광천,장안천,,,,지방,전남,순천,송광,장안466번지선,전남,순천,송광,송광천(지방) 합류점,3.88,7.77,15.21,,,1.40,전남453호 (2003.12.27 )
월광천,섬진강,보성강,송광천,장안천,월광천,,,지방,전남,순천,송광,장안866번지선,전남,순천,송광,장안천(지방) 합류점,0.92,3.41,4.76,,,0.15,전남453호 (2003.12.27 )
후곡천,섬진강,보성강,후곡천,,,,,지방,전남,순천,송광,후곡638번지선,전남,순천,송광,보성강(국가) 합류점,0.49,3.19,4.29,,,0.39,전남453호 (2003.12.27 )
신평천,섬진강,보성강,신평천,,,,,지방,전남,순천,송광,신평30번지선,전남,순천,송광,보성강(국가) 합류점,2.46,5.69,8.38,,,1.30,전남453호 (2003.12.27 )
삼청천,섬진강,보성강,삼청천,,,,,지방,전남,순천,송광,상청702번지선,전남,순천,송광,보성강(국가) 합류점,2.85,4.87,6.17,,,0.73,전남453호 (2003.12.27 )
신성천,섬진강,보성강,신성천,,,,,지방,전남,순천,송광,신흥 102-1번지선,전남,순천,송광,보성강(국가) 합류점,0.65,2.81,3.73,,,0.96,전남453호 (2003.12.27 )
대광천,섬진강,보성강,대광천,,,,,지방,전남,순천,주암,대광1176번지선,전남,순천,주암,보성강(국가) 합류점,2.68,4.59,8.11,,,,전남453호 (2003.12.27 )
광천,섬진강,보성강,광천,,,,,지방,전남,곡성,석곡,운룡리 80-1번지선,전남,순천,주암,보성강(국가) 합류점,7.3,8.88,20.69,3.82,2.15,5.07,전남453호 (2003.12.27 )
주암천,섬진강,보성강,주암천,,,,,지방,전남,순천,주암,행정리 435번지선,전남,순천,주암,보성강(국가) 합류점,10.69,13.2,37.8,4.68,3.26,7.02,전남453호 (2003.12.27 )
갈마천,섬진강,보성강,주암천,갈마천,,,,지방,전남,순천,주암,주암리 236번지선,전남,순천,주암,주암천(지방) 합류점,1.81,4.01,5.98,0.37,,,전남453호 (2003.12.27 )
용촌천,섬진강,보성강,주암천,용촌천,,,,지방,전남,순천,주암,보령제 방수로하단,전남,순천,주암,주암천(지방) 합류점,4.57,7.77,9.52,0.90,0.46,5.52,전남453호 (2003.12.27 )
장동천,섬진강,보성강,주암천,용촌천,장동천,,,지방,전남,순천,주암,문길120-3번지선 장동제 방수로,전남,순천,주암,용촌천(지방) 합류점,1.68,2.48,3.02,,,2.77,전남453호 (2003.12.27 )
백록천,섬진강,보성강,백록천,,,,,지방,전남,순천,주암,백록리산85번지선,전남,순천,주암,보성강(국가) 합류점,5.86,6.49,10.7,2.69,6.31,1.55,전남453호 (2003.12.27 )
유정천,섬진강,보성강,유정천,,,,,지방,전남,곡성,석곡,구봉리산80-1번지선,전남,곡성,석곡,보성강(국가) 합류점,2.49,3.59,4.8,1.59,0.23,2.32,전남453호 (2003.12.27 )
온수천,섬진강,보성강,온수천,,,,,지방,전남,곡성,석곡,염곡리1962번지선,전남,곡성,석곡,보성강(국가) 합류점,9.34,10.25,20.73,4.40,2.86,4.75,전남453호 (2003.12.27 )
석곡천,섬진강,보성강,석곡천,,,,,지방,전남,곡성,삼기,수산제방수로하단,전남,곡성,석곡,보성강(국가) 합류점,11.73,13.54,38.81,6.49,7.69,6.74,전남453호 (2003.12.27 )
연반천,섬진강,보성강,석곡천,연반천,,,,지방,전남,곡성,석곡,연반리1304번지선,전남,곡성,석곡,석곡천(지방) 합류점,2.52,3.14,3.24,0.87,,,전남453호 (2003.12.27 )
당월천,섬진강,보성강,석곡천,당월천,,,,지방,전남,곡성,석곡,방송제방수로하단,전남,곡성,석곡,석곡천(지방) 합류점,1.35,4.42,5.76,0.31,0.48,1.91,전남453호 (2003.12.27 )
목사동천,섬진강,보성강,목사동천,,,,,지방,전남,곡성,목사동,죽정리 39번지선,전남,곡성,목사동,보성강(국가) 합류점,7.04,7.61,22.14,2.76,4.93,0.39,전남453호 (2003.12.27 )
용봉천,섬진강,보성강,목사동천,용봉천,,,,지방,전남,곡성,목사동,용봉제방수로하단,전남,곡성,목사동,목사동천(지방) 합류점,1.19,4.84,5.77,1.25,0.30,0.23,전남453호 (2003.12.27 )
죽곡천,섬진강,보성강,죽곡천,,,,,지방,전남,곡성,죽곡,봉정제방수로하단,전남,곡성,죽곡,보성강(국가) 합류점,5.81,8.9,32.03,2.19,1.49,5.04,전남453호 (2003.12.27 )
신풍천,섬진강,보성강,죽곡천,신풍천,,,,지방,전남,곡성,죽곡,신풍리산38번지선,전남,곡성,죽곡,죽곡천(지방) 합류점,4.55,5.9,11.15,0.92,0.10,1.97,전남453호 (2003.12.27 )
동계천,섬진강,보성강,동계천,,,,,지방,전남,곡성,죽곡,원달리670번지선,전남,곡성,겸,보성강(국가) 합류점,7.84,10.32,24.84, 3.09 , 1.03 , 5.65 ,전남453호 (2003.12.27 )
고치천,섬진강,보성강,고치천,,,,,지방,전남,곡성,죽곡,고치리148-10번지선,전남,곡성,죽곡,보성강(국가) 합류점,3.08,6.37,6.65,1.45,0.39,2.26,전남453호 (2003.12.27 )
하한천,섬진강,하한천,,,,,,지방,전남,곡성,죽곡,하한668번지선,전남,곡성,죽곡,섬진강(국가) 합류점,3.82,5.96,8.4,2.59,0.49,2.08,전남453호 (2003.12.27 )
계산천,섬진강,계산천,,,,,,지방,전남,구례,구례,계산606번지선,전남,구례,구례,섬진강(국가) 합류점,2.8,5.74,6.8,1.76,0.11,1.35,전남453호 (2003.12.27 )
독자천,섬진강,독자천,,,,,,지방,전남,구례,구례,계산324번지선,전남,구례,구례,섬진강(국가) 합류점,1.2,3.25,3.1,0.57,0.22,0.27,전남453호 (2003.12.27 )
봉두천,섬진강,봉두천,,,,,,지방,전남,순천,황전,비촌1294번지선,전남,순천,황전,섬진강(국가) 합류점,2.17,4.69,5.02,2.58,0.26,0.88,전남453호 (2003.12.27 )
황전천,섬진강,황전천,,,,,,지방,전남,순천,월정,신월133-4번지선 운월제 방수로,전남,순천,황전,섬진강(국가) 합류점,17.42,22.1,132.96,,6.50,12.73,전남453호 (2003.12.27 )
계월천,섬진강,황전천,계월천,,,,,지방,전남,순천,황전,괴목369-2번지,전남,순천,월등,황전천(지방) 합류점,3.68,7.14,12.59,,0.23 ,2.81 ,전남453호 (2003.12.27 )
평촌천,섬진강,황전천,평촌천,,,,,지방,전남,순천,황전,평촌리190-3번지선,전남,순천,황전,황전천(지방) 합류점,5.66,4.21,3.53,,0.19,6.45,전남453호 (2003.12.27 )
죽전천,섬진강,황전천,평촌천,죽전천,,,,지방,전남,순천,황전,죽청104번지선,전남,순천,황전,평촌천(지방) 합류점,1.65,4.31,6.7,0.71,,2.53,전남453호 (2003.12.27 )
월용천,섬진강,황전천,월용천,,,,,지방,전남,순천,월등,월용61번지선,전남,순천,황전,황전천(지방) 합류점,4.31,8.71,11.76,1.86,0.45,1.64,전남453호 (2003.12.27 )
죽산천,섬진강,황전천,죽산천,,,,,지방,전남,순천,황전,죽내리621봉성제방수로하단,전남,순천,황전,황전천(지방) 합류점,2.3,7.38,4.17,0.05,,2.00,전남453호 (2003.12.27 )
봉덕천,섬진강,황전천,봉덕천,,,,,지방,전남,순천,황전,봉덕리752번지선,전남,순천,황전,황전천(지방) 합류점,2.69,5.65,7.32,0.20,0.15,1.36,전남453호 (2003.12.27 )
회룡천,섬진강,황전천,회룡천,,,,,지방,전남,순천,황전,덕림39번지선,전남,순천,황전,황전천(지방) 합류점,6.48,9.35,26.79,3.59,0.15,2.31,전남453호 (2003.12.27 )
덕림천,섬진강,황전천,회룡천,덕림천,,,,지방,전남,순천,황전,덕림 326번지선,전남,순천,황전,회룡천(지방) 합류점,1.02,3.09,2.67,0.19,,0.19,전남453호 (2003.12.27 )
용천천,섬진강,황전천,회룡천,용천천,,,,지방,전남,순천,황전, 회룡리산186-6번지선,전남,순천,황전,회룡천(지방) 합류점,0.93,2.1,2.01,,,0.17 ,전남453호 (2003.12.27 )
산정천,섬진강,산정천,,,,,,지방,전남,구례,구례,봉서2120번지선,전남,구례,구례,섬진강(국가) 합류점,2.9,3.98,3.7,1.69,0.46,2.06,전남453호 (2003.12.27 )
서시천,섬진강,서시천,,,,,,지방,전남,구례,산동,위안 774번지선,전남,구례,구례,섬진강(국가) 합류점,21.67,28.15,153,8.91,24.46,3.63,전남453호 (2003.12.27 )
용추천,섬진강,서시천,용추천,,,,,지방,전남,구례,산동,위안리 586,전남,구례,산동,서시천(지방) 합류점,0.95,4.11,12.4,,,,전남453호 (2003.12.27 )
무동천,섬진강,서시천,무동천,,,,,지방,전남,구례,산동,좌사116-1번지선,전남,구례,산동,서시천(지방) 합류점,2.35,6.03,3.5,,1.60,,전남453호 (2003.12.27 )
수락천,섬진강,서시천,수락천,,,,,지방,전남,구례,산동,원달 106번지선,전남,구례,산동,서시천(지방) 합류점,5.26,6.36,22.38,2.17,1.31,2.31,전남453호 (2003.12.27 )
견두천,섬진강,서시천,수락천,견두천,,,,지방,전남,구례,산동,계천리1137번지선,전남,구례,산동,수락천(지방) 합류점,3.17,5.22,10.05,, 3.89 ,,전남453호 (2003.12.27 )
무은천,섬진강,서시천,무은천,,,,,지방,전남,구례,산동,둔사291번지선,전남,구례,산동,서시천(지방) 합류점,3.3,6.8,14.5,,2.80,1.60,전남453호 (2003.12.27 )
둔기천,섬진강,서시천,무은천,둔기천,,,,지방,전남,구례,산동,둔사리887번지선,전남,구례,산동,무은천(지방) 합류점,1.51,3.36,4.15,, 0.91 ,,전남453호 (2003.12.27 )
천은천,섬진강,서시천,천은천,,,,,지방,전남,구례,광의,방광546-2 번지선,전남,구례,광의,서시천(지방) 합류점,4.45,18.79,80,,3.60,2.25,전남453호 (2003.12.27 )
용정천,섬진강,서시천,용정천,,,,,지방,전남,구례,용방,용정727번지선,전남,구례,용방,서시천(지방) 합류점,2.7,6.27,14.95, 3.24 , 0.74 ,,전남453호 (2003.12.27 )
죽정천,섬진강,서시천,용정천,죽정천,,,,지방,전남,구례,용방,죽정360번지선,전남,구례,용방,용정천(지방) 합류점,2.4,3.9,4.22,4.86,,,전남453호 (2003.12.27 )
신도천,섬진강,서시천,용정천,신도천,,,,지방,전남,구례,용방,신도1006번지선,전남,구례,용방,용정천(지방) 합류점,2.26,3.1,3.5,2.12,,2.39,전남453호 (2003.12.27 )
백연천,섬진강,서시천,백연천,,,,,지방,전남,구례,구례,산성352번지선,전남,구례,구례,서시천(지방) 합류점,2.73,7.94,55,,3.16,,전남453호 (2003.12.27 )
마산천,섬진강,마산천,,,,,,지방,전남,구례,마산,황전12번지선,전남,구례,마산,섬진강(국가) 합류점,7.35,18.57,85,11.43,0.20,10.20,전남453호 (2003.12.27 )
광평천,섬진강,마산천,광평천,,,,,지방,전남,구례,마산,광평리산38-10번지,전남,구례,마산,마산천(지방) 합류점,1.12,3.76,1.51,, 1.12 ,,전남453호 (2003.12.27 )
중산천,섬진강,중산천,,,,,,지방,전남,구례,문척,중산86­1번지선,전남,구례,문척,섬진강(국가) 합류점,7.9,8.6,19.2,2.90,,2.30,전남453호 (2003.12.27 )
금정천,섬진강,금정천,,,,,,지방,전남,구례,문척,금정산149번지선,전남,구례,문척,섬진강(국가) 합류점,1.33,3.13,3.8,0.86,0.69,,전남453호 (2003.12.27 )
토지천,섬진강,토지천,,,,,,지방,전남,구례,토지,문수270번지선,전남,구례,토지,섬진강(국가) 합류점,9.4,23.26,30.1,2.64,4.02,17.34,전남453호 (2003.12.27 )
구산천,섬진강,토지천,구산천,,,,,지방,전남,구례,토지,구산리 616번지,전남,구례,토지,토지천(지방) 합류점,0.66,4.07,2.98, 0.43 ,,,전남453호 (2003.12.27 )
간문천,섬진강,간문천,,,,,,지방,전남,구례,간전,금산109번지선,전남,구례,간전,섬진강(국가) 합류점,9.8,20.13,48.5,8.10,,4.49,전남453호 (2003.12.27 )
금산천,섬진강,간문천,금산천,,,,,지방,전남,구례,간전,금산리산88-2번지,전남,구례,간전,간문천(지방) 합류점,1.34,2.5,2.27, 0.06 ,, 0.98 ,전남453호 (2003.12.27 )
효곡천,섬진강,간문천,효곡천,,,,,지방,전남,구례,간전,효곡리 24,전남,구례,간전,간문천(지방) 합류점,3.21,9.67,9.67,1.84,0.41,0.01,전남453호 (2003.12.27 )
삼산천,섬진강,간문천,삼산천,,,,,지방,전남,구례,간전,삼산리 453번지,전남,구례,간전,간문천(지방) 합류점,1.37,2.67,2.25, 1.06 , 0.29 ,,전남453호 (2003.12.27 )
수평천,섬진강,간문천,수평천,,,,,지방,전남,구례,간전,수평69번지선,전남,구례,간전,간문천(지방) 합류점,1.8,4.76,3.42,2.07,0.06,0.15,전남453호 (2003.12.27 )
흥대천,섬진강,흥대천,,,,,,지방,전남,구례,간전,흥대5번지선,전남,구례,간전,섬진강(국가) 합류점,3.51,5.5,9.1,3.20,2.80,,전남453호 (2003.12.27 )
무신천,섬진강,무신천,,,,,,지방,전남,구례,간전,양천32번지선,전남,구례,간전,섬진강(국가) 합류점,1.05,2.84,1.77,0.43,,,전남453호 (2003.12.27 )
한수천,섬진강,한수천,,,,,,지방,전남,구례,토지,송정132번지선,전남,구례,토지,섬진강(국가) 합류점,2.03,3.98,5.3,1.39,0.12,0.40,전남453호 (2003.12.27 )
백운천,섬진강,백운천,,,,,,지방,전남,구례,간전,운천459-1번지선,전남,구례,간전,섬진강(국가) 합류점,2.08,5.64,4.6,1.79,0.09,0.11,전남453호 (2003.12.27 )
내서천,섬진강,내서천,,,,,,지방,전남,구례,토지,내동1310-22번지내서교지점,전남,구례,토지,섬진강(국가) 합류점,11.29,12.8,43.1,6.70 ,1.34 ,3.26 ,전남453호 (2003.12.27 )
당치천,섬진강,내서천,당치천,,,,,지방,전남,구례,토지,내동산192번지선,전남,구례,토지,내서천(지방)     합류점,1.2,2.99,2.21,0.06,0.09,0.05,전남453호 (2003.12.27 )
연곡천,섬진강,내서천,연곡천,,,,,지방,전남,구례,토지,내서리 984번지,전남,구례,토지,내서천(지방) 합류점,0.85,3.53,4.34, 0.72 , 0.03 ,,전남453호 (2003.12.27 )
중대천,섬진강,중대천,,,,,,지방,전남,구례,간전,중대538번지선,전남,구례,간전,섬진강(국가) 합류점,5.5,12.15,18.8,,,,전남453호 (2003.12.27 )
금천천,섬진강,금천천,,,,,,지방,전남,광양,다압,금천159-1번지선,전남,광양,다압,금산 섬진강 (국가)합류점,0.91,7.2,18.35,0.30,1.15,,전남453호 (2003.12.27 )
수어천,수어천,,,,,,,지방,전남,광양,진상,어치1259지선,전남,광양,광영,해안,23.25,26.3,119.78,0.59,12.63,11.45,전남453호 (2003.12.27 )
성두천,수어천,성두천,,,,,,지방,전남,광양,진상,황죽615번지선,전남,광양,진상,수어천(지방) 합류점,2.56,4.2,6.1,,1.81,0.30,전남453호 (2003.12.27 )
웅동천,수어천,웅동천,,,,,,지방,전남,광양,진상,황죽1339번지선,전남,광양,진상,수어천(지방) 합류점,4.47,6.1,10.3,,0.28,0.82,전남453호 (2003.12.27 )
옥곡천,수어천,옥곡천,,,,,,지방,전남,광양,광양,죽림141-3번지선,전남,광양,옥곡,수어천(지방) 합류점,10.3,14,45.79,5.95,4.35,9.17,전남453호 (2003.12.27 )
수평천,수어천,옥곡천,수평천,,,,,지방,전남,광양,옥곡,수평508번지선,전남,광양,옥곡,옥곡천(지방) 합류점,7,7.18,11.5,0.08,,9.65,전남453호 (2003.12.27 )
정토천,수어천,옥곡천,정토천,,,,,지방,전남,광양,옥곡,묵백931번지선,전남,광양,옥곡,옥곡천(지방) 합류점,5.04,6.5,10.91,,0.19,3.69,전남453호 (2003.12.27 )
묵백천,수어천,옥곡천,정토천,묵백천,,,,지방,전남,광양,옥곡,묵백1208번지선,전남,광양,옥곡,정토천(지방) 합류점,1.7,3.9,3.6,,1.54,0.79,전남453호 (2003.12.27 )
성황천,성황천,,,,,,,지방,전남,광양,골약,성황646번지선,전남,광양,골약,도이 해안,3.02,6.87,8.46,0.92,1.51,1.33,전남453호 (2003.12.27 )
정산천,성황천,정산천,,,,,,지방,전남,광양,골약,성황22번지선,전남,광양,골약,성황천(지방) 합류점,2.22,4.37,3.56,,0.15,2.42,전남453호 (2003.12.27 )
광양서천,광양서천,,,,,,,지방,전남,광양,봉강,조령831번지선,전남,광양,광양,초남 해안,20.4,24.51,179.1,7.20,4.79,0.63,전남453호 (2003.12.27 )
조령천,광양서천,조령천,,,,,,지방,전남,광양,봉강,조령802번지선,전남,광양,봉강,광양서천(지방)합류점,2,4.83,6.49,,0.55,1.85,전남453호 (2003.12.27 )
신룡천,광양서천,신룡천,,,,,,지방,전남,광양,봉강,조령676번지선,전남,광양,봉강,광양서천(지방)합류점,2.73,4.57,6.51,,,2.28,전남453호 (2003.12.27 )
구상천,광양서천,구상천,,,,,,지방,전남,순천,서,구상1번지선,전남,광양,봉강,광양서천(지방)합류점,8.5,9.88,20.01, 0.77 , 2.75 ,,전남453호 (2003.12.27 )
광양동천,광양서천,광양동천,,,,,,지방,전남,광양,옥룡,동곡1123번지선,전남,광양,광양,광양서천(지방) 합류점,19.23,20.58,73.26,9.10,5.50,12.35,전남453호 (2003.12.27 )
동곡천,광양서천,광양동천,동곡천,,,,,지방,전남,광양,옥룡,동곡14번지선,전남,광양,옥룡,광양동천(지방) 합류점,1.2,3.27,3.85,,0.11,0.12,전남453호 (2003.12.27 )
추산천,광양서천,광양동천,추산천,,,,,지방,전남,광양,옥룡,추산87-2번지선,전남,광양,옥룡,광양동천(지방) 합류점,4.2,5.89,10.8,2.19,,7.64,전남453호 (2003.12.27 )
억만천,광양서천,광양동천,억만천,,,,,지방,전남,광양,광양,죽림제 여수로,전남,광양,광양,광양동천(지방) 합류점,5.37,5.7,14.2,,1.07,1.16,전남453호 (2003.12.27 )
인덕천,광역서천,인덕천,,,,,,지방,전남,광양,광양,덕례1303번지선인덕제방수로,전남,광양,광양,광양서천(지방)합류점,5.53,9.18,10.91,1.72,1.80,7.00,전남453호 (2003.12.27 )
율촌천,율촌천,,,,,,,지방,전남,여수,율촌,산수945번지선 여평제 방수로,전남,여수,월산,조화 855번지선조화배수갑문수문,4.36,5.83,10.57,0.40,,6.40,전남453호 (2003.12.27 )
쌍봉천,쌍봉천,,,,,,,지방,전남,여수,봉계,153번지선 대곡교,전남,여수,소라,화치 1203번지선,7.51,9.52,44.86,8.47,,,전남453호 (2003.12.27 )
주삼천,쌍봉천,주삼천,,,,,,지방,전남,여수,봉계,424-1번지선 (계원교),전남,여수,선원,576-2번지선,1.56,3.94,4.52,1.53,,0.90,전남453호 (2003.12.27 )
소라천,쌍봉천,소라천,,,,,,지방,전남,여수,소라,봉두1348번지선 의곡제 방수로,전남,여수,소라,대포1386-9번지선,9.55,15.85,19.07,,2.29,9.03,전남453호 (2003.12.27 )
남수천,남수천,,,,,,,지방,전남,여수,평여,591-1번지선 남수제 방수로,전남,여수,평여,750-3번지,4.04,7.2,15.78,5.26,0.14,,전남453호 (2003.12.27 )
중흥천,중흥천,,,,,,,지방,전남,여수,중흥,65번지중흥제방수로,전남,여수,평여,750-3번지,2.76,6.94,10.66,5.12,0.10,,전남453호 (2003.12.27 )
상암천,상암천,,,,,,,지방,전남,여수,상암,872번지선호미교,전남,여수,낙포,323번지선,5.13,9.33,19.2,3.28,1.79,3.50,전남453호 (2003.12.27 )
연등천,연등천,,,,,,,지방,전남,여수,둔덕,538-2번지선무명교 지점,전남,여수,남산,1번지선(해안),6.14,9.12,15.74, 6.45 , 5.19 ,,전남453호 (2003.12.27 )
돌산천,돌산천,,,,,,,지방,전남,여수,돌산,둔전1297번지선 봉수제 방수로,전남,여수,돌산,평사1543번지선,5.24,6.68,9.57,2.81,,5.12,전남453호 (2003.12.27 )
화양천,화양천,,,,,,,지방,전남,여수,화양,화동1861-1번지화동제 방수로,전남,여수,화양,서촌 1406번지구미포 합류점,2.05,4.64,7.54,0.48,0.07,3.11,전남453호 (2003.12.27 )
연화천,연화천,,,,,,,지방,전남,여수,율촌,가장48번지선(중산제방수로),전남,여수,율촌,가장산126번지선,2.57,4.9,9.02,,0.46,3.03,전남453호 (2003.12.27 )
평촌천,연화천,평촌천,,,,,,지방,전남,여수,율촌,가장308-1번지선(가장제방수로),전남,여수,율촌,가장1944번지선(연화천합류점),1.14,2.97,3.56,1.11,,0.92,전남453호 (2003.12.27 )
순천동천,순천동천,,,,,,,지방,전남,순천,서,청소78번지선,전남,순천,대대,해안,24.28,35.53,367.45,12.42,5.37,2.84,전남453호 (2003.12.27 )
평곡천,순천동천,평곡천,,,,,,지방,전남,순천,서,압곡213-2 번지선,전남,순천,서,순천동천(지방) 합류점,4.22,5.96,9.35,(2.78),,(2.10),전남453호 (2003.12.27 )
순천서천,순천동천,순천서천,,,,,,지방,전남,순천,서,학구326번지선,전남,순천,서,순천동천(지방) 합류점,9.77,13.3,45.2,8.30,5.45,2.72,전남453호 (2003.12.27 )
운평천,순천동천,순천서천,운평천,,,,,지방,전남,순천,서,운평808번지선,전남,순천,서,순천동천(지방) 합류점,3.55,5.56,8.46,0.77,1.24,4.82,전남453호 (2003.12.27 )
석현천,순천동천,석현천,,,,,,지방,전남,순천,석현,638번지선,전남,순천,석현,순천동천(지방) 합류점,4.07,10.17,10.07,1.62,0.18,0.57,전남453호 (2003.12.27 )
옥천,순천동천,옥천,,,,,,지방,전남,순천,석현,337번지선,전남,순천,남내,순천동천(지방) 합류점,9.44,18.32,19.11,2.32 ,0.26 ,,전남453호 (2003.12.27 )
해룡천,순천동천,해룡천,,,,,,지방,전남,순천,풍덕,304-1 번지선,전남,순천,해룡,순천동천(지방) 합류점,7.2,15.18,33.6,3.78,3.47,7.13,전남453호 (2003.12.27 )
이사천,순천동천,이사천,,,,,,지방,전남,순천,승주,유흥1108번지선,전남,순천,교량,순천동천(지방) 합류점,31.2,45.7,198.3,3.96,11.72,5.61,전남453호 (2003.12.27 )
두월천,순천동천,이사천,두월천,,,,,지방,전남,순천,승주,두월295-1번지선,전남,순천,승주,이사천(지방)     합류점,2.47,5.92,12.65,0.08,,4.86,전남453호 (2003.12.27 )
신전천,순천동천,이사천,두월천,신전천,,,,지방,전남,순천,승주,신전리698번지선,전남,순천,승주,두월천(지방) 합류점,2.11,4.94,5.83,0.15,2.35,,전남453호 (2003.12.27 )
쌍암천,순천동천,이사천,쌍암천,,,,,지방,전남,순천,승주,도정792번지선,전남,순천,승주,이사천(지방) 합류점,8.28,10.4,27.08,,,6.62,전남453호 (2003.12.27 )
도정천,순천동천,이사천,쌍암천,도정천,,,,지방,전남,순천,승주,도정리 1425-1,전남,순천,승주,쌍암천(지방) 합류점,2.01,4.33,4.53,0.49,,3.51,전남453호 (2003.12.27 )
월내천,순천동천,이사천,쌍암천,월내천,,,,지방,전남,순천,승주,월계리1249번지선,전남,순천,승주,쌍암천(지방) 합류점,3.35,5.25,5.81,0.57,4.64,,전남453호 (2003.12.27 )
신성천,순천동천,이사천,신성천,,,,,지방,전남,순천,승주,신성441번지선,전남,순천,승주,이사천(지방) 합류점,2.17,4.44,3.94, 0.10 , 2.54 ,,전남453호 (2003.12.27 )
선암사천,순천동천,이사천,선암사천,,,,,지방,전남,순천,승주,죽학806번지선,전남,순천,승주,이사천(지방) 합류점,3.6,8.03,11.45,0.44,0.92,1.94,전남453호 (2003.12.27 )
남정천,순천동천,이사천,남정천,,,,,지방,전남,순천,승주,남강656-1번지선,전남,순천,승주,이사천(지방) 합류점,2.62,7.35,4.36,,,0.27,전남453호 (2003.12.27 )
석흥천,순천동천,이사천,석흥천,,,,,지방,전남,순천,낙안,평사671번지선,전남,순천,상사,이사천(지방) 합류점,7.89,19.77,26.57,0.65,0.02,6.90,전남453호 (2003.12.27 )
목촌천,순천동천,이사천,석흥천,목촌천,,,,지방,전남,순천,낙안,목촌64-7번지선,전남,순천,낙안,석흥천(지방) 합류점,3.85,5.61,9.46,0.46,0.11,3.93,전남453호 (2003.12.27 )
금산천,순천동천,이사천,석흥천,금산천,,,,지방,전남,순천,낙안,금산30번지선,전남,순천,낙안,목촌천(지방)합류점,1.12,1.91,4.54,,,(1.34),전남453호 (2003.12.27 )
상사천,순천동천,이사천,상사천,,,,,지방,전남,순천,낙안,창영879번지선,전남,순천,상사,이사천(지방) 합류점,13.24,24.31,37.22,0.16,3.18,11.20,전남453호 (2003.12.27 )
초곡천,순천동천,이사천,상사천,초곡천,,,,지방,전남,순천,상사,초곡165번지선,전남,순천,상사,상사천(지방) 합류점,3.2,5.89,9.11,(1.00),,(2.84),전남453호 (2003.12.27 )
석현천,석현천,,,,,,,지방,전남,순천,별량,봉림214-1번지선,전남,순천,별량,원창배수문,2.33,5.76,17.92,0.02,,4.64,전남453호 (2003.12.27 )
동룡천,동룡천,,,,,,,지방,전남,순천,별량,대룡1121번지선,전남,순천,별량,동막2교,7.08,12.11,29.01,4.86,1.29,1.31,전남453호 (2003.12.27 )
양촌천,양촌천,,,,,,,지방,전남,보성,벌교,장양리899-4번지선,전남,보성,벌교,장양 해안,1.3,2.6,1.84,,2.60 ,,전남453호 (2003.12.27 )
벌교천,벌교천,,,,,,,지방,전남,보성,벌교,추동제 방수로,전남,보성,벌교,벌교 해안,9.34,14.09,73.94,1.78 ,1.06 ,,전남453호 (2003.12.27 )
낙안천,벌교천,낙안천,,,,,,지방,전남,순천,낙안,상송322번지선,전남,보성,벌교,벌교천(지방) 합류점,6.88,10,28,0.15,,13.36,전남453호 (2003.12.27 )
교촌천,벌교천,낙안천,교촌천,,,,,지방,전남,순천,낙안,동교제방수로하단,전남,순천,낙안,낙안천(지방) 합류점,3.62,7.13,14.27,0.57,,6.57,전남453호 (2003.12.27 )
운동천,벌교천,낙안천,교촌천,운동천,,,,지방,전남,순천,낙안,내운리35-1번지선,전남,순천,낙안,교촌천(지방) 합류점,1.53,2.78,2.78,0.16 ,2.52 ,,전남453호 (2003.12.27 )
칠동천,칠동천,,,,,,,지방,전남,보성,벌교,천치저수지방수로,전남,보성,벌교,벌교 해안,9.34,14.29,33,0.21,0.60,17.38,전남453호 (2003.12.27 )
마동천,칠동천,마동천,,,,,,지방,전남,보성,벌교,마동리1598-3번지선,전남,보성,벌교,칠동천(지방) 합류점,3.22,4.61,7.7, 0.69 , 5.27 ,,전남453호 (2003.12.27 )
와우천,와우천,,,,,,,지방,전남,고흥,동강,한천185번지선,전남,고흥,동강,죽암 해안,6.12,7.98,7.9,,,8.35,전남453호 (2003.12.27 )
대강천,대강천,,,,,,,지방,전남,고흥,동강,대강저수지방류부 종점,전남,고흥,동강,유둔리 죽암방조제,7.79,9.6,45.33,2.96,5.56,5.76,전남453호 (2003.12.27 )
강산천,강산천,,,,,,,지방,전남,고흥,고암,성기375번지선,전남,고흥,점암,강산 해안,4.79,5.32,10.8,1.66,0.22,7.70,전남453호 (2003.12.27 )
송산천,송산천,,,,,,,지방,전남,고흥,포두,송산335번지선,전남,고흥,포두,송산 해안,3.43,4.98,12.3,2.25,,2.00,전남453호 (2003.12.27 )
신흥천,신흥천,,,,,,,지방,전남,고흥,포두,상포500번지선,전남,고흥,포두,해창만 합류점,4.29,3.97,5.85,1.59,0.46,6.17,전남453호 (2003.12.27 )
고흥천,고흥천,,,,,,,지방,전남,고흥,고흥,등압772번지선(등암저수지),전남,고흥,포두,상대 해안,9.27,12.94,35.86,4.07,1.49,11.84,전남453호 (2003.12.27 )
포두천,포두천,,,,,,,지방,전남,고흥,포두,봉림리 825무명교지점,전남,고흥,포두,해창호 합류점,8.21,9.55,19.28,0.28,2.88,7.48,전남453호 (2003.12.27 )
봉림천,포두천,봉림천,,,,,,지방,전남,고흥,포두,봉림910-1번지선,전남,고흥,포두,포두천(지방) 합류점,2.85,4.35,12,0.02,,2.97,전남453호 (2003.12.27 )
양지천,양지천,,,,,,,지방,전남,고흥,포두,세동581-1 번지선,전남,고흥,포두,세동 해안,2.23,3.01,3.95,0.53 ,,3.93 ,전남453호 (2003.12.27 )
우산천,우산천,,,,,,,지방,전남,고흥,포두,옥강저수지방수로하단,전남,고흥,포두,해창만 합류점,2.29,3.88,3.97,0.14,1.29,2.39,전남453호 (2003.12.27 )
도화천,도화천,,,,,,,지방,전남,고흥,도화,신기1567-1 번지선,전남,고흥,도화,당조 해안,5.2,7.53,18.2,1.98 ,6.41 ,1.45 ,전남453호 (2003.12.27 )
가영천,가영천,,,,,,,지방,전남,고흥,도화,가화1329번지선,전남,고흥,도화,가화리 가화해안,1.07,3.55,2.8,0.46,,1.51,전남453호 (2003.12.27 )
신평천,신평천,,,,,,,지방,전남,고흥,금산,신평812번지선,전남,고흥,금산,신평 해안,3.32,3.87,5.6,0.01,3.88,,전남453호 (2003.12.27 )
오천천,오천천,,,,,,,지방,전남,고흥,금산,오천688번지선,전남,고흥,금산,오천 해안,1.38,3.25,3.55,0.77,0.46,0.59,전남453호 (2003.12.27 )
고읍천,고읍천,,,,,,,지방,전남,고흥,풍양,사동저수지직하류,전남,고흥,풍양,보천 1376번지선,5.37,5.11,17.2,5.56,1.93,2.54,전남453호 (2003.12.27 )
용산천,용산천,,,,,,,지방,전남,고흥,두원,학곡91-11번지선,전남,고흥,두원,학곡천 합류점,2.64,4.57,5.36,,,3.31,전남453호 (2003.12.27 )
학곡천,용산천,학곡천,,,,,,지방,전남,고흥,두원,학곡리426번지선,전남,고흥,두원,용산리 1142-1(용산해안)합류점,4.52,5.97,16.03, 1.03 , 6.34 ,,전남453호 (2003.12.27 )
두원천,두원천,,,,,,,지방,전남,고흥,두원,운대6140번지선,전남,고흥,두원,용반 해안,5,6.21,9.11,7.90,0.25,,전남453호 (2003.12.27 )
반산천,두원천,반산천,,,,,,지방,전남,고흥,두원,용반581번지선,전남,고흥,두원,두원천(지방) 합류점,1.19,6.11,4.4,,,2.38,전남453호 (2003.12.27 )
운대천,두원천,운대천,,,,,,지방,전남,고흥,두원,운대203번지선,전남,고흥,두원,두원천(지방) 합류점,2.2,3.78,4.02,2.22,0.53,,전남453호 (2003.12.27 )
사정천,사정천,,,,,,,지방,전남,고흥,점암,사정16번지선,전남,고흥,점암,신안천,7.5,8.21,45.2,0.91,7.28,6.81,전남453호 (2003.12.27 )
회룡천,사정천,회룡천,,,,,,지방,전남,고흥,점암,모룡656-1번지상촌제 여수로,전남,고흥,점암,사정천(지방) 합류점,2.89,2.99,6.8,0.50,0.07,5.21,전남453호 (2003.12.27 )
마륜천,마륜천,,,,,,,지방,전남,고흥,동강,마륜558번지선,전남,고흥,대서,송림 해안,8,9.54,12.4,1.97,,10.94,전남453호 (2003.12.27 )
금마천,마륜천,금마천,,,,,,지방,전남,고흥,대서,금마리776번지선,전남,고흥,대서,마륜천(지방) 합류점,2.53,4.83,4.5, 0.94 , 3.64 ,,전남453호 (2003.12.27 )
안남천,안남천,,,,,,,지방,전남,고흥,대서,화천제 방수로,전남,고흥,대서,안남해안,2.81,4.05,2.72,0.23,0.36,3.88,전남453호 (2003.12.27 )
조성천,조성천,,,,,,,지방,전남,보성,조성,대곡리 산 1-1,전남,보성,조성,용전리 2400-3,5.73,8.82,25.59,0.58,1.36,8.47,전남453호 (2003.12.27 )
이내천,조성천,이내천,,,,,,지방,전남,보성,조성,쌍다리 철교,전남,보성,조성,조성천(지방) 합류점,1.99,3.65,4.6,,2.67,0.65,전남453호 (2003.12.27 )
예당천,예당천,,,,,,,지방,전남,보성,득량,덕산제 방수로,전남,보성,득량,보성방조제       담수호,4.57,7.8,10.46,0.02,2.56,6.09,전남453호 (2003.12.27 )
송곡천,송곡천,,,,,,,지방,전남,보성,득량,삼정452번지선,전남,보성,득량,오봉 해안,5.7,12.8,17.3,2.04,2.29,,전남453호 (2003.12.27 )
군두천,송곡천,군두천,,,,,,지방,전남,보성,득량,삼정978-10번지선,전남,보성,득량,송곡천(지방) 합류점,1.62,2.87,3.6,0.20,0.13,2.30,전남453호 (2003.12.27 )
득량천,송곡천,득량천,,,,,,지방,전남,보성,득량,마천1043번지선,전남,보성,득량,송곡천(지방) 합류점,8.46,16.7,35,9.66,7.26,,전남453호 (2003.12.27 )
화죽천,화죽천,,,,,,,지방,전남,보성,회천,석동제 방수로,전남,보성,회천,화죽 해안,2.16,5.74,9.8,(2.35),(1.12),,전남453호 (2003.12.27 )
회천천,회천천,,,,,,,지방,전남,보성,회천,영천제방수로,전남,보성,회천,벽교 851-1(남해)해안(남해),3.05,7.5,10.42,0.38,0.14,5.52,전남453호 (2003.12.27 )
봉강천,봉강천,,,,,,,지방,전남,보성,회천,봉강687번지선,전남,보성,회천,전일 해안,2.4,3.08,6.1,0.29,0.60,2.50,전남453호 (2003.12.27 )
수문천,수문천,,,,,,,지방,전남,장흥,안양,장수제 방수로,전남,장흥,안양,수문 해안,4.39,8.37,18.1,6.79,1.30,3.70,전남453호 (2003.12.27 )
신촌천,수문천,신촌천,,,,,,지방,전남,장흥,안양,학송1번지선,전남,장흥,안양,수문천(지방)합류점,3.09,3.65,3.1,1.13,1.80,0.78,전남453호 (2003.12.27 )
홍거천,홍거천,,,,,,,지방,전남,장흥,안양,비동105번지선,전남,장흥,안양,해창 해안,4.41,5.1,2.02,4.09,,2.71,전남453호 (2003.12.27 )
기산천,홍거천,기산천,,,,,,지방,전남,장흥,안양,기산리 785-11,전남,장흥,안양,홍거천(지방) 합류점,2.76,3.98,6.09,0.85,,4.44,전남453호 (2003.12.27 )
당암천,홍거천,당암천,,,,,,지방,전남,장흥,안양,당암제 방수로,전남,장흥,안양,홍거천(지방) 합류점,3.02,5.55,6.1,0.68,,1.90,전남453호 (2003.12.27 )
남상천,남상천,,,,,,,지방,전남,장흥,용산,운주제방수로하단,전남,장흥,용산,덕암교,7.7,13.59,60,5.47,7.45,1.18,전남453호 (2003.12.27 )
월송천,남상천,월송천,,,,,,지방,전남,장흥,용산,월송제 방수로,전남,장흥,용산,남성천(지방) 합류점,4.36,7.78,14.3,1.76,0.30,5.82,전남453호 (2003.12.27 )
신흥천,남상천,월송천,신흥천,,,,,지방,전남,장흥,용산,녹원250-3번지,전남,장흥,용산,월송천(지방) 합류점,3.97,5.02,7.29,3.73,2.10,0.36,전남453호 (2003.12.27 )
인암천,남상천,인암천,,,,,,지방,전남,장흥,용산,어산리 산24-3번지선,전남,장흥,용산,남상천(지방) 합류점,4.01,4.93,5.68,0.02,0.51,6.34,전남453호 (2003.12.27 )
모산천,남상천,모산천,,,,,,지방,전남,장흥,용산,모산427번지선 모산제 방수로,전남,장흥,용산,남성천(지방) 합류점,3.58,4.95,6.5,(1.27),(1.00),(1.00),전남453호 (2003.12.27 )
두암천,두암천,,,,,,,지방,전남,장흥,용산,풍길197번지선,전남,장흥,용산,풍길 해안,1.34,3.28,3.4,1.20,2.00,,전남453호 (2003.12.27 )
고읍천,고읍천,,,,,,,지방,전남,장흥,관산,농안리 310-13농안제방수로하단,전남,장흥,관산,죽청리 467죽청방조세,9.8,13.16,43.96, 5.78 , 12.39 ,,전남453호 (2003.12.27 )
석남천,고읍천,석남천,,,,,,지방,전남,장흥,관산,성산리 산43-2번지,전남,장흥,관산,고읍천(지방) 합류점,2.44,5.57,9.43,1.46,1.42,0.72,전남453호 (2003.12.27 )
신평천,고읍천,석남천,신평천,,,,,지방,전남,장흥,관산,신평제방수로하단,전남,장흥,관산,석남천(지방) 합류점,2.1,4.15,3.6,0.29,,3.54,전남453호 (2003.12.27 )
대덕천,대덕천,,,,,,,지방,전남,장흥,대덕,신월1077번지선,전남,장흥,대덕,덕초배수관문,8.8,9.93,37.4,3.46,0.53,12.77,전남453호 (2003.12.27 )
평촌천,대덕천,평촌천,,,,,,지방,전남,장흥,대덕,연정675번지선,전남,장흥,대덕,대덕천(지방) 합류점,1.69,3.67,3.47,,2.24 ,,전남453호 (2003.12.27 )
연정천,대덕천,연정천,,,,,,지방,전남,장흥,대덕,연지제 방수로,전남,장흥,대덕,대덕천(지방) 합류점,3.86,3.94,11.5,3.21 ,2.00 ,,전남453호 (2003.12.27 )
상흥천,상흥천,,,,,,,지방,전남,강진,마량,상흥52번지선,전남,강진,마량,하분방조제,2.85,2.85,9.5,(3.68),,,전남453호 (2003.12.27 )
마량천,마량천,,,,,,,지방,전남,강진,마량,마량280번지선,전남,강진,마량,신마방조제,3.67,3.7,8.82,1.64,1.85,2.35,전남453호 (2003.12.27 )
청룡천,청룡천,,,,,,,지방,전남,완도,고금,정룡제 방수로,전남,완도,고금,청룡방조제,3.65,4.96,12.9,0.22,,4.06,전남453호 (2003.12.27 )
대구천,대구천,,,,,,,지방,전남,강진,대구,당전제 방수로,전남,강진,대구,수동 해안,6.13,8.97,22.73,2.26,1.57,3.89,전남453호 (2003.12.27 )
칠량천,칠량천,,,,,,,지방,전남,강진,칠량,삼흥저수지여수로,전남,강진,칠량,강진만(현평해안),6.11,11.22,46.27,2.94,4.81,4.43,전남453호 (2003.12.27 )
명주천,칠량천,명주천,,,,,,지방,전남,강진,칠량,명주제 방수로,전남,강진,칠량,칠량천(지방) 합류점,3.3,6.78,16.71,3.20,,0.17,전남453호 (2003.12.27 )
장계천,칠량천,장계천,,,,,,지방,전남,강진,칠량,중흥제 방수로,전남,강진,칠량,칠량천(지방) 합류점,3.47,4.46,7.21,2.80,,,전남453호 (2003.12.27 )
강진천,강진천,,,,,,,지방,전남,강진,강진,서산저수지 언체,전남,강진,강진,남포 해안,6.3,11.27,29.05, 4.10 , 3.75 ,,전남453호 (2003.12.27 )
월남천,강진천,월남천,,,,,,지방,전남,강진,강진,서산리 1012,전남,강진,강진,강진천(지방) 합류점,1.34,2.1,1.41,1.85,,0.15,전남453호 (2003.12.27 )
춘전천,강진천,춘전천,,,,,,지방,전남,강진,강진,춘천950번지선,전남,강진,강진,강진천(지방) 합류점,2.09,3.66,5.4,3.53,,0.36,전남453호 (2003.12.27 )
송덕천,강진천,송덕천,,,,,,지방,전남,강진,강진,송현2제방수로,전남,강진,강진,강진천(지방)합류점,2.12,2.52,3.9,6.43,,,전남453호 (2003.12.27 )
장전천,강진천,송덕천,장전천,,,,,지방,전남,강진,강진,송덕707-1번지선,전남,강진,강진,송전리 765-17,2.53,6.85,16.95,0.10,0.86,2.38,전남453호 (2003.12.27 )
도암천,도암천,,,,,,,지방,전남,강진,도암,만세2제방수로,전남,강진,도암,논정 방조제,15.8,17.27,57.95,20.90,,3.46,전남453호 (2003.12.27 )
삼인천,도암천,삼인천,,,,,,지방,전남,강진,신전,봉양제 방수로,전남,강진,신전,도암천(지방) 합류점,2.53,4.76,10.12,2.17,0.40,2.69,전남453호 (2003.12.27 )
구수천,구수천,,,,,,,지방,전남,강진,신전,영관199번지선,전남,강진,신전,용화 해안,2.29,2.29,11,0.92 ,,1.83 ,전남453호 (2003.12.27 )
흥촌천,흥촌천,,,,,,,지방,전남,해남,북일,흥촌 산90 번지선,전남,해남,북일,신월 해안,3.21,3.83,4.3,5.94,,0.48,전남453호 (2003.12.27 )
운전천,흥촌천,운전천,,,,,,지방,전남,해남,북일,운전리산87번지선,전남,해남,북일,흥촌전(지방)합류점,2.49,3.73,2.43,, 4.48 ,,전남453호 (2003.12.27 )
월성천,월성천,,,,,,,지방,전남,해남,북일,흥촌1287번지선,전남,해남,북일,방산 해안,5.08,5.08,7.2,,10.16,,전남453호 (2003.12.27 )
동해천,동해천,,,,,,,지방,전남,해남,북평,동해510번지선,전남,해남,북평,만수해안,2.81,4.03,7.5,,0.70,1.42,전남453호 (2003.12.27 )
영흥천,영흥천,,,,,,,지방,전남,완도,군외,불목리688-2번지선,전남,완도,군외,불목해안,1.98,4.61,5.65,1.22,1.03,0.95,전남453호 (2003.12.27 )
영풍천,영풍천,,,,,,,지방,전남,완도,군외,영풍산181-2번지선,전남,완도,군외,영풍 해안,1.93,3.54,3.6,,2.04 ,,전남453호 (2003.12.27 )
대야천,대야천,,,,,,,지방,전남,완도,완도,대야저수지,전남,완도,완도,대야 해안,2.2,4.9,6.57, 0.01 , 0.84 ,,전남453호 (2003.12.27 )
죽청천,죽청천,,,,,,,지방,전남,완도,완도,죽청산1의1 번지선,전남,완도,완도,대야해안,3.65,3.69,3.81,,2.11 ,,전남453호 (2003.12.27 )
대구미천,대구미천,,,,,,,지방,전남,완도,완도,대구미산1 번지선,전남,완도,완도,대신1150번지선,4.89,4.89,3.93,,3.35,3.46,전남453호 (2003.12.27 )
대신천,대신천,,,,,,,지방,전남,완도,완도,대신산3-76 번지선,전남,완도,완도,대구미천 합류지점,1.55,2.5,1.95,,1.90,,전남453호 (2003.12.27 )
삼두천,삼두천,,,,,,,지방,전남,완도,군외,삼두리 149,전남,완도,군외,삼두리 811,2.02,2.96,3.09,,,3.44,전남453호 (2003.12.27 )
군외천,군외천,,,,,,,지방,전남,완도,군외,신학제방수로하단,전남,완도,군외,신학해안,2.51,8.36,6.98,3.04,0.08,,전남453호 (2003.12.27 )
신학천,신학천,,,,,,,지방,전남,완도,군외,용계산53-17 번지선,전남,완도,군외,신흥 해안,3.19,4.5,4.34,,0.46,4.04,전남453호 (2003.12.27 )
부황천,부황천,,,,,,,지방,전남,완도,보길,보길제 방수로,전남,완도,보길,배수문,2.97,2.97,8.64,0.90,,3.20,전남453호 (2003.12.27 )
영산강,영산강,,,,,,,지방,전남,담양,용,담양호 방수로,전남,담양,담양,영산강(국가)기점,5.66,19.36,82,7.52,2.90,0.29,전남453호 (2003.12.27 )
금성천,영산강,금성천,,,,,,지방,전남,담양,금성,덕성881-2 번지선,전남,담양,금성,영산강(지방)합류점,3.26,3.31,54.39,4.20,0.06,1.40,전남453호 (2003.12.27 )
용천,영산강,용천,,,,,,지방,전남,담양,용,쌍태435-2 번지선,전남,담양,담양,영산강(국가) 합류점,10.64,12.07,47.29,8.89,5.24,2.69,전남453호 (2003.12.27 )
월산천,영산강,용천,월산천,,,,,지방,전남,담양,월산,광암489번지선,전남,담양,월산,용천(지방) 합류점,6.26,7.58,25.15,0.34,,5.87,전남453호 (2003.12.27 )
중월천,영산강,용천,월산천,중월천,,,,지방,전남,담양,월산,중월72-6번지선,전남,담양,월산,월산천(지방) 합류점,5.35,5.35,12.37,5.11,,1.89,전남453호 (2003.12.27 )
수북천,영산강,수북천,,,,,,지방,전남,담양,수북,대방제방수로하단,전남,담양,수북,영산강(국가) 합류점,4.6,7.12,15.53,6.60,2.10,0.40,전남453호 (2003.12.27 )
오례천,영산강,오례천,,,,,,지방,전남,담양,대덕,금산236-1번지선,전남,담양,봉산,영산강(국가) 합류점,21.26,21.4,61,25.00,10.41,3.29,전남453호 (2003.12.27 )
증암천,영산강,증암천,,,,,,지방,전남,담양,고서,고읍(증암교),전남,담양,봉산,영산강(국가)합류,12.56,,,1.96,,,
석곡천,영산강,증암천,석곡천,,,,,지방,전남,담양,고서,"광주,전남도계",전남,담양,고서,증암천(지방)합류점,2.32,,,1.84,,0.72,
창평천,영산강,증암천,창평천,,,,,지방,전남,담양,대덕,운암제 방수로,전남,담양,창평,증암천(지방) 합류점,8.45,14.44,44.72,0.15 ,6.51 ,,전남453호 (2003.12.27 )
삼천천,영산강,증암천,창평천,삼천천,,,,지방,전남,담양,창평,용수 217-1번지선,전남,담양,창평,창평천(지방) 합류점,2.97,4.05,10.52,2.12,,,전남453호 (2003.12.27 )
대전천,영산강,대전천,,,,,,지방,전남,담양,대전,대야정수지방수로 끝단,전남,담양,대전,영산강(국가) 합류점,5,9.42,11.33,,3.13 ,,전남453호 (2003.12.27 )
용산천,영산강,용산천, ,,,,,지방,전남,장성,진원,상림314번지선,전남,장성,진원,"광주,전남도계",3.59,,,4.08,2.33,,
학림천,영산강,학림천, ,,,,,지방,전남,장성,진원,용성865번지선,전남,장성,진원,"광주,전남도계",1.95,,,,3.90,,
진원천,영산강,진원천,,,,,,지방,전남,장성,진원,진원585번지선,전남,장성,진원,"광주,전남도계",5,,,16.01,0.69,,
풍영정천,영산강,풍영정천,,,,,,지방,전남,장성,진원,산정311-1번지선,전남,장성,남,"광주,전남도계",7,,,7.00,,,
산정천,영산강,풍영정천,산정천,,,,,지방,전남,장성,진원,선적765-2번지선 선동제 방수로,전남,장성,남,풍영정천(지방) 합류점,6.65,8.75,12.42,7.53,3.30,,전남453호 (2003.12.27 )
평산천,영산강,풍영정천,평산천,,,,,지방,전남,장성,남,덕성천(소)합류점,전남,장성,남,풍영정천(지방) 합류점,1,4.27,15.8,,,2.00,전남453호 (2003.12.27 )
북하천,영산강,황룡강,북하천,,,,,지방,전남,담양,월산,대흥31-2번지선 월산2저수지방수로,전남,장성,북하,황룡강(지방) 합류점,14.4,14.6,77.78,8.48,6.14,7.64,전남453호 (2003.12.27 )
약수천,영산강,황룡강,북하천,약수천,,,,지방,전남,장성,북하,약수23번지선,전남,장성,북하,복하천(지방) 합류점,4.84,6.21,13.3,,3.64,0.89,전남453호 (2003.12.27 )
대악천,영산강,황룡강,북하천,대악천,,,,지방,전남,장성,북하,월성736번지선 월성제 방수로,전남,장성,북하,복하천(지방) 합류점,10.83,13.71,25.3,13.19,,1.56,전남453호 (2003.12.27 )
덕진천,영산강,황룡강,덕진천,,,,,지방,전남,장성,장성,덕진96번지선 구신1제방수로,전남,장성,장성,황룡강(지방) 합류점,4,4.9,9.7,0.75,6.84,,전남453호 (2003.12.27 )
장성천,영산강,황룡강,장성천,,,,,지방,전남,장성,장성,유탕282번지선 유탕제 방수로,전남,장성,장성,황룡강(지방) 합류점,3.32,8,17.17,5.13,4.70,,전남453호 (2003.12.27 )
개천,영산강,황룡강,개천,,,,,지방,전남,장성,북이,원덕568-1번지선 백신교,전남,장성,장성,황룡강(지방) 합류점,19.03,24.15,56.1,12.06,0.50,10.15,전남453호 (2003.12.27 )
북이천,영산강,황룡강,개천,북이천,,,,지방,전남,장성,북이,백암749번지선 백암제 방수로,전남,장성,북이,개천(지방) 합류점,5.16,7.65,10.86,3.04,4.83,,전남453호 (2003.12.27 )
모현천,영산강,황룡강,개천,모현천,,,,지방,전남,장성,북이,죽청552-5번지선 죽청제상하여부,전남,장성,북이,개천(지방) 합류점,7.4,15.27,12,10.26,,,전남453호 (2003.12.27 )
조양천,영산강,황룡강,개천,조양천,,,,지방,전남,장성,북이,오현제방수로 하단,전남,장성,북이,조양리 개천      (지방) 합류점,3.43,4.6,8.81,,,6.21,전남453호 (2003.12.27 )
북일천,영산강,황룡강,개천,북일천,,,,지방,전남,장성,북일,문암213번지선,전남,장성,북일,개천(지방) 합류점,5.8,9.36,17.2,0.02,6.34,2.36,전남453호 (2003.12.27 )
문암천,영산강,황룡강,개천,북일천,문암천,,,지방,전남,장성,북일,문암328번지선 광암제 방수로,전남,장성,북일,북일천(지방) 합류점,0.54,1.1,1.62,,,1.00,전남453호 (2003.12.27 )
서삼천,영산강,황룡강,개천,서삼천,,,,지방,전남,장성,서삼,모암573번지선,전남,장성,서삼,개천(지방) 합류점,6.48,8.35,12.75,3.88,1.92,3.20,전남453호 (2003.12.27 )
취암천,영산강,황룡강,취암천,,,,,지방,전남,장성,황룡,일암17-11번지선,전남,장성,황룡,황룡강(지방) 합류점,8.5,10.8,37.03,10.04,1.23,5.45,전남453호 (2003.12.27 )
통안천,영산강,황룡강,취암천,통안천,,,,지방,전남,장성,황룡,통안15-1번지선,전남,장성,황룡,취암천(지방) 합류점,4.19,13.02,8,,2.44,1.22,전남453호 (2003.12.27 )
관동천,영산강,황룡강,취암천,관동천,,,,지방,전남,장성,황룡,와우99번지선 와우제 방수로,전남,장성,황룡,취암천(지방) 합류점,7.74,12.81,10,6.16,,1.69,전남453호 (2003.12.27 )
단광천,영산강,황룡강,단광천,,,,,지방,전남,장성,장성,단광55-1번지선,전남,장성,황룡,황룡강(지방) 합류점,5.03,7.33,4.5,7.66 ,,,전남453호 (2003.12.27 )
동화천,영산강,황룡강,동화천,,,,,지방,전남,장성,동화,서양225번지선 구서양상류,전남,장성,황룡,황룡강(지방) 합류점,5.27,10.83,10,(7.00),(1.80),,전남453호 (2003.12.27 )
구룡천,영산강,황룡강,구룡천,,,,,지방,전남,장성,동화,구룡386번지선 덕산제 방수로,전남,장성,동화,황룡강(지방) 합류점,2.54,4.44,7.41,(2.80),,,전남453호 (2003.12.27 )
평림천,영산강,황룡강,평림천,,,,,지방,전남,장성,삼계,죽림172번지선,전남,장성,삼서,"광주,전남도계",19.14,,,23.95,11.45,,
삼계천,영산강,황룡강,평림천,삼계천,,,,지방,전남,장성,삼계,부성152번지선 부성제 방수로,전남,장성,삼서,평림천(지방) 합류점,10.06,13.27,3.3,1.16,,,전남453호 (2003.12.27 )
침천,영산강,황룡강,평림천,삼계천,침천,,,지방,전남,장성,삼계,신기725번지선,전남,장성,삼계,삼계천(지방) 합류점,4.35,9.61,4.2,,3.49,0.78,전남453호 (2003.12.27 )
지석천,영산강,지석천,,,,,,지방,전남,화순,이양,구례178번지선,전남,화순,청풍,지석천(국가) 기점,15,18.7,61.9,10.47,11.71,,전남453호 (2003.12.27 )
쌍봉사천,영산강,지석천,쌍봉사천,,,,,지방,전남,화순,이양,증197번지선,전남,화순,이양,지석천(지방) 합류점,4.7,6.15,15.1,3.57,0.39,,전남453호 (2003.12.27 )
서원천,영산강,지석천,쌍봉사천,서원천,,,,지방,전남,화순,이양,증839-4번지선,전남,화순,이양,쌍봉사천(지방) 합류점,2.28,4.12,3.7,,(3.13),,전남453호 (2003.12.27 )
사은천,영산강,지석천,쌍봉사천,사은천,,,,지방,전남,화순,이양,쌍봉567번지선,전남,화순,이양,쌍봉사천(지방) 합류점,1.96,3.98,2.2,,,(1.35),전남453호 (2003.12.27 )
추동천,영산강,지석천,추동천,,,,,지방,전남,화순,이양,연화93번지선,전남,화순,이양,지석천(지방) 합류점,3.37,5.1,5.2,1.85,,4.80,전남453호 (2003.12.27 )
송정천,영산강,지석천,송정천,,,,,지방,전남,화순,이양,초방963번지선,전남,화순,이양,지석천(지방) 합류점,3.19,4.5,6.8,0.04,0.56,3.55,전남453호 (2003.12.27 )
활용천,영산강,지석천,활용천,,,,,지방,전남,화순,이양,송정214-5번지선,전남,화순,이양,지석천(지방) 합류점,1.67,3.87,5.1,,,2.38,전남453호 (2003.12.27 )
이양천,영산강,지석천,이양천,,,,,지방,전남,화순,이양,이양484번지선,전남,화순,이양,지석천(지방) 합류점,1.33,3.24,6.6,,0.45,1.01,전남453호 (2003.12.27 )
청풍천,영산강,지석천,청풍천,,,,,지방,전남,화순,청풍,이만506번지선,전남,화순,청풍,지석천(지방) 합류점,9.82,15.54,39.4,,,3.39,전남453호 (2003.12.27 )
강변천,영산강,지석천,청풍천,강변천,,,,지방,전남,화순,청풍,이만130번지선,전남,화순,청풍,청풍천(지방) 합류점,1.81,3.08,4.9,,(0.30),(1.87),전남453호 (2003.12.27 )
차천,영산강,지석천,청풍천,차천,,,,지방,전남,화순,청풍,청용산149번지선,전남,화순,청풍,청풍천(지방) 합류점,4.93,7.1,4.4,3.60,0.25,1.32,전남453호 (2003.12.27 )
백운천,영산강,지석천,청풍천,차천,백운천,,,지방,전남,화순,청풍,백운 산31-2등룡제 여수로,전남,화순,청풍,차천(지방) 합류점,5.63,7.1,10.4,3.62,,1.11,전남453호 (2003.12.27 )
대비천,영산강,지석천,청풍천,차천,대비천,,,지방,전남,화순,청풍,대비제방수로,전남,화순,청풍,백운천(지방)합류점,2.87,3.88,3.81,0.30,,4.72,전남453호 (2003.12.27 )
오유천,영산강,지석천,오유천,,,,,지방,전남,화순,이양,품평117번지선,전남,화순,이양,지석천(지방) 합류점,1.87,4.54,5.2,,,2.64,전남453호 (2003.12.27 )
세청천,영산강,지석천,세청천,,,,,지방,전남,화순,청풍,어리124-1번지선,전남,화순,청풍,지석천(지방) 합류점,2.31,2.86,3.5,0.43,,3.30,전남453호 (2003.12.27 )
송석천,영산강,지석천,송석천,,,,,지방,전남,화순,이양,옥리1-4번지선,전남,화순,이양,지석천(지방) 합류점,11.28,17.62,34.5,12.45,,,전남453호 (2003.12.27 )
어시천,영산강,지석천,송석천,어시천,,,,지방,전남,화순,이양,묵곡14번지선,전남,화순,이양,송석천(지방) 합류점,3.67,6.85,5.3,0.50,,0.87,전남453호 (2003.12.27 )
운수천,영산강,지석천,송석천,운수천,,,,지방,전남,화순,이양,용반1번지선,전남,화순,이양,송석천(지방) 합류점,1.12,2.16,3.9,,,(1.34),전남453호 (2003.12.27 )
춘양천,영산강,지석천,춘양천,,,,,지방,전남,화순,춘양,가동222-1번지선,전남,화순,춘양,지석천(국가) 합류점,5.1,13.76,17,2.93,1.93,2.96,전남453호 (2003.12.27 )
석정천,영산강,지석천,석정천,,,,,지방,전남,화순,춘양,양곡용곡저수지,전남,화순,춘양,지석천(국가) 합류점,6.87,12.27,18.3,5.29,1.79,5.91,전남453호 (2003.12.27 )
회송천,영산강,지석천,석정천,회송천,,,,지방,전남,화순,춘양,회송리 492-2,전남,화순,춘양,회송리 324-21,1.35,2.46,1.3,,,1.64,전남453호 (2003.12.27 )
광대천,영산강,지석천,석정천,광대천,,,,지방,전남,화순,춘양,화림654-1번지선,전남,화순,춘양,석정천(지방) 합류점,1.52,2.8,10.1,,,2.39,전남453호 (2003.12.27 )
한천천,영산강,지석천,한천천,,,,,지방,전남,화순,한천,오음 4번지선,전남,화순,한천,지석천(국가) 합류점,8.67,10.45,33,1.80,1.33,5.68,전남453호 (2003.12.27 )
결우천,영산강,지석천,한천천,결우천,,,,지방,전남,화순,한천,가암109번지선,전남,화순,한천,한천천(지방) 합류점,2.81,3.72,11,0.12,,4.14,전남453호 (2003.12.27 )
정승천,영산강,지석천,한천천,결우천,정승천,,,지방,전남,화순,한천,정리490번지선,전남,화순,한천,결우천(지방) 합류점,2.5,3.63,0.5,,(0.60),(1.40),전남453호 (2003.12.27 )
화순천,영산강,지석천,화순천,,,,,지방,전남,화순,동,청궁207번지선,전남,화순,도곡,지석천(국가) 합류점,22,28.64,123.8,12.90,13.73,0.77,전남453호 (2003.12.27 )
복림천,영산강,지석천,화순천,복림천,,,,지방,전남,화순,동,복암164번지선경현천 합류점,전남,화순,동,화순천(지방) 합류점,1.16,4.22,6,,,2.28 ,전남453호 (2003.12.27 )
운곡천,영산강,지석천,화순천,운곡천,,,,지방,전남,화순,동,운농1908번지선,전남,화순,동,화순천(지방)     합류점,2.2,4.17,5.25,0.27,0.67,1.82,전남453호 (2003.12.27 )
대포천,영산강,지석천,화순천,대포천,,,,지방,전남,화순,동,운농338번지선,전남,화순,동,화순천(지방) 합류점,2.7,3.95,7.6,0.42,0.50,4.07,전남453호 (2003.12.27 )
동천,영산강,지석천,화순천,동천,,,,지방,전남,화순,화순,수만748번지선,전남,화순,동,화순천(지방) 합류점,10.64,22.8,12.5,3.19,0.79,3.42,전남453호 (2003.12.27 )
만연천,영산강,지석천,화순천,만연천,,,,지방,전남,화순,화순,동구126번지선,전남,화순,화순,화순천(지방) 합류점,3.73,5.74,4.6,5.80,0.16,,전남453호 (2003.12.27 )
벌고천,영산강,지석천,화순천,벌고천,,,,지방,전남,화순,화순,이십곡131-1 번지선,전남,화순,화순,화순천(지방) 합류점,3.82,4.83,7.2,,0.53,2.70,전남453호 (2003.12.27 )
웅곡천,영산강,지석천,화순천,웅곡천,,,,지방,전남,화순,화순,도웅355-1번지선,전남,화순,도곡,화순천(지방) 합류점,2.15,6.11,10.4,1.33,0.15,1.24,전남453호 (2003.12.27 )
도곡천,영산강,지석천,도곡천,,,,,지방,전남,화순,화순,세량277번지선,전남,화순,도곡,천암 696-100번지선 합류점,8.46,12.62,21.3,3.72,1.11,10.22,전남453호 (2003.12.27 )
신성천,영산강,지석천,신성천,,,,,지방,전남,화순,도곡,신성490-1번지선,전남,화순,도곡,지석천(국가) 합류점,1.78,3.1,2.83,0.64,1.15,1.65,전남453호 (2003.12.27 )
유곡천,영산강,지석천,유곡천,,,,,지방,전남,화순,도곡,월곡저수지여수로,전남,화순,도곡,평리 지석천     (국가) 합류점,3.89,5.6,7.94,0.18,,7.60,전남453호 (2003.12.27 )
대초천,영산강,지석천,대초천,,,,,지방,전남,화순,도암,우치623번지선,전남,나주,남평,지석천(국가) 합류점,26.12,31.22,30.36,11.65,2.39,1.65,전남453호 (2003.12.27 )
봉학천,영산강,지석천,대초천,봉학천,,,,지방,전남,나주,다도,도동리 957-1,전남,화순,다도,대초천(지방) 합류점,6.84,8.15,17.12,3.31,1.90,6.32,전남453호 (2003.12.27 )
덕림천,영산강,지석천,대초천,덕림천,,,,지방,전남,나주,다도,덕림856번지선,전남,나주,다도,대초천(지방) 합류점,4.63,5.09,15.6,0.50,3.50,1.95,전남453호 (2003.12.27 )
궁원천,영산강,지석천,대초천,궁원천,,,,지방,전남,나주,다도,암정제 방수로,전남,나주,다도,대초천(지방) 합류점,4.4,4.84,22.1,7.23,0.40,,전남453호 (2003.12.27 )
정천,영산강,지석천,대초천,정천,,,,지방,전남,화순,도암,등광597번지선,전남,나주,남평,대초천(지방) 합류점,9.14,14.1,24,3.82,9.11,,전남453호 (2003.12.27 )
쌍옥천,영산강,지석천,대초천,쌍옥천,,,,지방,전남,화순,도곡,쌍옥 쌍옥제여수로하단,전남,나주,남평,대초천(지방) 합류점,2.29,2.3,2.7,0.06,,3.94,전남453호 (2003.12.27 )
송학천,영산강,지석천,송학천,,,,,지방,전남,나주,다도,덕동100-1번지선,전남,나주,남평,지석천(국가) 합류점,6.15,6.76,16.4,0.61,4.08,7.62,전남453호 (2003.12.27 )
남평천,영산강,지석천,남평천,,,,,지방,전남,나주,남평,봉산제 방수로,전남,나주,남평,지석천(국가) 합류점,1.6,1.76,9,,1.28,1.92,전남453호 (2003.12.27 )
노동천,영산강,지석천,노동천,,,,,지방,전남,나주,다도,노동56번지선,전남,나주,남평,지석천(국가) 합류점,4.6,5.5,12.54,3.40,1.90,1.90,전남453호 (2003.12.27 )
구치천,영산강,지석천,구치천,,,,,지방,전남,나주,남평,수원11번지선,전남,나주,남평,지석천(국가) 합류점,5.1,6.6,3.9,7.04,,3.16,전남453호 (2003.12.27 )
대촌천,영산강,지석천,대촌천,,,,,지방,전남,나주,산포,"광주,전남도계",전남,나주,산포,지석천(국가)합류점,1.22,,,1.98,0.20,,
산포천,영산강,지석천,산포천,,,,,지방,전남,나주,산포,송림제 방수로,전남,나주,산포,지석천(국가) 합류점,6.52,7.2,22.58,4.08,8.96,,전남453호 (2003.12.27 )
장성천,영산강,장성천, ,,,,,지방,전남,나주,노안,전남나주시계,전남,나주,노안,영산강(국가)합류점,8.16,,,12.02,4.30,,
노안천,영산강,장성천,노안천,,,,,지방,전남,나주,노안,금안2제여수로하단,전남,나주,노안 ,장성천(지방) 합류점,3.97,4.42,5.2,1.05,0.45,6.05,전남453호 (2003.12.27 )
감정천,영산강,장성천,감정천,,,,,지방,전남,나주,노안,복암제 방수로,전남,나주,노안 ,장성천(지방) 합류점,3.6,4.24,9.2,5.10,2.10,,전남453호 (2003.12.27 )
나주천,영산강,나주천,,,,,,지방,전남,나주,경현,오두제 방수로,전남,나주,삼도,영산강(국가) 합류점,5.3,4.3,5.3,3.87,2.60,0.11,전남453호 (2003.12.27 )
오강천,영산강,오강천,,,,,,지방,전남,나주,금천,오강제 방수로,전남,나주,금천,영산강(국가) 합류점,1.88,2,6.1,,,3.70,전남453호 (2003.12.27 )
영산천,영산강,영산천,,,,,,지방,전남,나주,봉황,송현제 방수로,전남,나주,영산,영산강(국가) 합류점,9.54,10.5,64.5,7.85,11.23,,전남453호 (2003.12.27 )
유곡천,영산강,영산천,유곡천,,,,,지방,전남,나주,봉황,유곡제 방수로,전남,영암,월산,영산천(지방) 합류점,4.17,4.58,4.7,2.80 ,2.67,1.60,전남453호 (2003.12.27 )
봉황천,영산강,봉황천,,,,,,지방,전남,나주,봉황,용곡제 방수로,전남,나주,영산,영산강(국가) 합류점,11.41,12.4,22.3,12.54,5.22,1.59,전남453호 (2003.12.27 )
만봉천,영산강,만봉천,,,,,,지방,전남,나주,봉황,덕곡제 방수로,전남,나주,영산,영산강(국가) 합류점,16.75,18.4,14.8,25.88,1.52,6.10,전남453호 (2003.12.27 )
금천,영산강,만봉천,금천,,,,,지방,전남,영암,금정,입석제 여수로,전남,나주,세지,지초천 합류점,12.4,14.2,124,,,2.68,전남453호 (2003.12.27 )
신광천,영산강,신광천,,,,,,지방,전남,나주,다시,신광제 방수로,전남,나주,다시,영산강(국가) 합류점,5.8,6.7,8,,,11.20,전남453호 (2003.12.27 )
문평천,영산강,문평천,,,,,,지방,전남,나주,문평,방동제 방수로,전남,나주,다시,영산강(국가) 합류점,15.34,17.2,36,14.93,5.63,7.58,전남453호 (2003.12.27 )
덕산천,영산강,덕산천,,,,,,지방,전남,나주,왕곡,덕산 동산제방수로 하단,전남,나주,왕곡,영산강(국가) 합류점,4.14,7.75,28.1,0.01,0.13,7.76,전남453호 (2003.12.27 )
고막원천,영산강,고막원천,,,,,,지방,전남,장성,삼서,학성리 1063-1유정제 방수로,전남,함평,,"나산,월야,해보면경계",12.67,14.6,14.17,,2.64,10.24,전남453호 (2003.12.27 )
유평천,영산강,고막원천,유평천,,,,,지방,전남,장성,삼서,유평리 13-9유정제 방수로,전남,장성,삼서,고막원천(지방) 합류점,2.78,4.44,4.9,0.80,4.74,,전남453호 (2003.12.27 )
대도천,영산강,고막원천,대도천,,,,,지방,전남,장성,삼서,대도286-1대도제 방수로,전남,장성,삼서,고막원천(지방) 합류점,3.17,7.92,12,,0.64,2.75,전남453호 (2003.12.27 )
삼서천,영산강,고막원천,삼서천,,,,,지방,전남,장성,삼서,대곡750-5번지선,전남,장성,월야,고막원천(지방) 합류점,4.46,9.92,10.6,3.99 ,0.74 ,,전남453호 (2003.12.27 )
용암천,영산강,고막원천,용암천,,,,,지방,전남,함평,월야,용암제 방수로,전남,함평,해보,고막원천(지방) 합류점,3.6,6.3,8.63,2.07,,0.13,전남453호 (2003.12.27 )
금석천,영산강,고막원천,금석천,,,,,지방,전남,함평,월야,순촌제 방수로,전남,함평,월야,고막원천(지방) 합류점,2.51,3.68,1.58,2.39,0.78,1.85,전남453호 (2003.12.27 )
해보천,영산강,고막원천,해보천,,,,,지방,전남,함평,해보,금계저수지,전남,함평,나산,고막원천(국가) 합류점,5.91,9.64,8.44,3.86,0.35,5.13,전남453호 (2003.12.27 )
산내천,영산강,고막원천,해보천,산내천,,,,지방,전남,함평,해보,송산저수지방수로,전남,함평,해보,해보천(지방) 합류점,1.31,5.11,5.79,,0.77,1.43,전남453호 (2003.12.27 )
식지천,영산강,고막원천,식지천,,,,,지방,전남,함평,나산,"광주,전남도계",전남,함평,나산,고막원천(국가)합류점,3.02,,,0.80,5.24,,
월봉천,영산강,고막원천,월봉천,,,,,지방,전남,함평,나산,강천제 방수로,전남,함평,나산,고막원천(국가) 합류점,3.73,6.92,10.02,,1.31,6.09,전남453호 (2003.12.27 )
평능천,영산강,고막원천,평능천,,,,,지방,전남,함평,나산,원선제 방수로,전남,함평,신광,고막원천(국가) 합류점,5.38,9.9,14.8,5.93,1.26,4.69,전남453호 (2003.12.27 )
구산천,영산강,고막원천,평능천,구산천,,,,지방,전남,함평,나산,구산제 방수로,전남,함평,나산,평능천(지방) 합류점,3.1,4,5.75,3.60,2.27,,전남453호 (2003.12.27 )
안국천,영산강,고막원천,안국천,,,,,지방,전남,나주,문평,대도제 방수로,전남,나주,문평,고막원천(국가) 합류점,3.82,4.5,17.6,,0.13,6.87,전남453호 (2003.12.27 )
함평천,영산강,함평천,,,,,,지방,전남,함평,신광,동정제 방수로,전남,함평,대동,함평천(국가) 기점,12.93,14.89,85.89,13.48,3.64,12.26,전남453호 (2003.12.27 )
신광천,영산강,함평천,신광천,,,,,지방,전남,함평,신광,원남제 방수로,전남,함평,신광,함평천(지방) 합류점,4.32,6.57,17.96,0.07,2.78,4.66,전남453호 (2003.12.27 )
대동천,영산강,함평천,대동천,,,,,지방,전남,함평,해보,광암리 광암제,전남,함평,대동,함평천(국가.지방 2경계)합류점,12.55,16.97,29.09,5.97,0.88,6.12,전남453호 (2003.12.27 )
학교천,영산강,함평천,학교천,,,,,지방,전남,함평,대동,강운리 284-1강운제방수로,전남,함평,학교,함평천(국가) 합류점,10,12,24.98,5.09,9.36,5.55,전남453호 (2003.12.27 )
엄다천,영산강,함평천,엄다천,,,,,지방,전남,함평,함평,자풍리1140번지선,전남,함평,엄다,함평천(국가)합류점,8.84,9.25,25.97,1.29 ,16.35 ,,전남453호 (2003.12.27 )
무안천,영산강,함평천,무안천,,,,,지방,전남,무안,무안,매곡리 333도산제방수로,전남,함평,엄다,함평천(국가)합류점,9.73,9.73,11.65,1.35,5.62,12.43,전남453호 (2003.12.27 )
덕암천,영산강,덕암천,,,,,,지방,전남,무안,몽탄,성암12-1번지선(봉산제방수로),전남,무안,몽탄,영산강(국가)합류점,2.63,3.99,3.5,1.43 ,3.71 ,,전남453호 (2003.12.27 )
석진천,영산강,석진천,,,,,,지방,전남,무안,무안,성암577번지선,전남,무안,몽탄,영산강(국가) 합류점,5.07,6.42,8.5,,3.33,2.41,전남453호 (2003.12.27 )
대치천,영산강,대치천,,,,,,지방,전남,무안,몽탄,봉산488번지선,전남,무안,몽탄,영산강(국가) 합류점,5.13,7.72,16.8,,7.92,1.67,전남453호 (2003.12.27 )
사천천,영산강,대치천,사천천,,,,,지방,전남,무안,몽탄,사천제 방수로,전남,무안,몽탄,대치천(지방) 합류점,2.8,5.08,5.8,,0.90 ,4.70 ,전남453호 (2003.12.27 )
약곡천,영산강,약곡천,,,,,,지방,전남,무안,몽탄,약곡128-1번지선,전남,무안,몽탄,영산강(국가)합류점,2.76,3.7,4.92,,4.24 ,,전남453호 (2003.12.27 )
당호천,영산강,당호천,,,,,,지방,전남,무안,몽탄,청룡294번지선,전남,무안,몽탄,영산강(국가)합류점,2.68,4.8,9,,5.12 ,,전남453호 (2003.12.27 )
삼포강,영산강,삼포강,,,,,,지방,전남,영암,신북,용산394번지선,전남,나주,신북,영산강(국가)합류점,26.04,29.4,133.41,25.77,7.29,0.94,전남453호 (2003.12.27 )
금곡천,영산강,삼포강,금곡천,,,,,지방,전남,나주,공산,남창리326-1번지선,전남,나주,공산,삼포강(지방) 합류점,3.02,4.78,5.34,0.20 ,5.83 ,,전남453호 (2003.12.27 )
시종천,영산강,삼포강,시종천,,,,,지방,전남,영암,신북,금지제 방수로,전남,영암,시종,삼포강(지방) 합류점,4.03,8.7,11.8,6.62,,3.20,전남453호 (2003.12.27 )
성남천,영산강,삼포강,성남천,,,,,지방,전남,나주,공산,우습제방수로,전남,나주,동강,삼포강(지방) 합류점,1.58,5.9,9.11,0.01 ,3.03 ,,전남453호 (2003.12.27 )
영암천,영산강,영암천,,,,,,지방,전남,영암,영암,쌍정제 방수로,전남,영암,시종,영산강(국가) 합류점,24.12,24.4,228.88,,,38.40,전남453호 (2003.12.27 )
금성천,영산강,영암천,금성천,,,,,지방,전남,영암,덕진,금강406번지선,전남,영암,덕진,영암천(지방) 합류점,2.88,3.09,5.24,0.22,5.33,,전남453호 (2003.12.27 )
망호천,영산강,영암천,망호천,,,,,지방,전남,영암,영암,회문14번지선,전남,영암,영암,영암천(지방) 합류점,8.3,8.53,15.6,,4.00,4.28,전남453호 (2003.12.27 )
회문천,영산강,영암천,회문천,,,,,지방,전남,영암,영암, 회문리 310-15번지구룡교 지점,전남,영암,영암,영암천(지방) 합류점,5,8.36,15.83,3.39 ,1.11 ,,전남453호 (2003.12.27 )
도포천,영산강,영암천,도포천,,,,,지방,전남,영암,도포,성산549번지선,전남,영암,도포,영암천(지방) 합류점,6.3,8.34,24.06,,,13.20,전남453호 (2003.12.27 )
호동천,영산강,영암천,호동천,,,,,지방,전남,영암,군서,월곡616번지선,전남,영암,군서,영암천(지방) 합류점,3.45,9,25.02,3.30,,3.60,전남453호 (2003.12.27 )
학산천,영산강,영암천,학산천,,,,,지방,전남,영암,학산,학계리율시제 여수토,전남,영암,서호,영암천(지방) 합류점,18.09,19.48,98.98,12.46,,10.62,전남453호 (2003.12.27 )
상월천,영산강,영암천,학산천,상월천,,,,지방,전남,영암,학산,상월3번지선,전남,영암,학산,학산천(지방) 합류점,1.32,5.22,5.5,(2.02),,,전남453호 (2003.12.27 )
용산천,영산강,영암천,학산천,용산천,,,,지방,전남,영암,학산,용산16번지선,전남,영암,학산,학산천(지방) 합류점,2.56,7.84,8.9,1.82,1.30,0.98,전남453호 (2003.12.27 )
구림천,영산강,영암천,학산천,구림천,,,,지방,전남,영암,군서,구림445-1 번지선,전남,영암,군서,학산천(지방) 합류점,1.98,4.07,3.2,0.57,0.90,1.93,전남453호 (2003.12.27 )
군서천,영산강,영암천,학산천,군서천,,,,지방,전남,영암,군서,도갑45-9번지선,전남,영암,군서,학산천(지방) 합류점,4.46,8.72,12.03,(2.80),,(0.55),전남453호 (2003.12.27 )
망월천,영산강,망월천,,,,,,지방,전남,영암,학산,독천1237번지선,전남,영암,삼호,영산강(국가) 합류점,13.28,19,45.88,1.26,7.22,6.74,전남453호 (2003.12.27 )
남창천,영산강,남창천,,,,,,지방,전남,무안,몽탄,달산1095번지선 달산저수지방수로,전남,무안,일로,영산강(국가) 합류점,15.17,23.1,40,8.32,4.94,6.73,전남453호 (2003.12.27 )
탐진강,탐진강,,,,,,,지방,전남,영암,금정,,전남,장흥,부산,탐진댐합류점,20.15,24.4,96,3.13,1.07,7.63,전남453호 (2003.12.27 )
운월천,탐진강,운월천,,,,,,지방,전남,장흥,유치,,전남,장흥,유치,탐진강(지방) 합류점,3.22,5.53,11.1,0.52,0.04,,전남453호 (2003.12.27 )
봉덕천,탐진강,봉덕천,,,,,,지방,전남,장흥,유치,,전남,장흥,유치,탐진강(지방) 합류점,4.32,9.26,5.8,,0.51,0.08,전남453호 (2003.12.27 )
용문천,탐진강,용문천,,,,,,지방,전남,장흥,유치,,전남,장흥,유치,탐진댐합류점,2.6,5.28,5.7,,0.24,0.08,전남453호 (2003.12.27 )
유치천,탐진강,유치천,,,,,,지방,전남,영암,금정,,전남,장흥,유치,탐진강(지방) 합류점,9.67,17.2,55.4,9.38,,0.87,전남453호 (2003.12.27 )
관동천,탐진강,유치천,관동천,,,,,지방,전남,장흥,유치,,전남,장흥,유치,유치천(지방) 합류점,1.8,2.94,3.3,2.50,,,전남453호 (2003.12.27 )
반월천,탐진강,유치천,반월천,,,,,지방,전남,장흥,유치,,전남,장흥,유치,유치천(지방) 합류점,2.69,5.25,4.5,0.94,1.00,,전남453호 (2003.12.27 )
한치천,탐진강,유치천,한치천,,,,,지방,전남,장흥,유치,,전남,장흥,유치,유치천합류,3.5,5.96,8.5,1.12,0.14,,전남453호 (2003.12.27 )
상촌천,탐진강,유치천,한치천,상촌천,,,,지방,전남,장흥,유치,,전남,장흥,유치,한치천(지방) 합류점,2.93,7.34,3.2,1.59,0.63,,전남453호 (2003.12.27 )
옴천천,탐진강,옴천천,,,,,,지방,전남,강진,옴천,,전남,장흥,유치,탐진댐합류점,10.2,22.04,61.5,4.39,3.83,3.32,전남453호 (2003.12.27 )
영산천,탐진강,옴천천,영산천,,,,,지방,전남,강진,옴천,,전남,강진,옴천,옴천천(지방) 합류점,1.1,1.13,3.5,0.41,0.29,0.29,전남453호 (2003.12.27 )
신덕천,탐진강,옴천천,신덕천, ,,,,지방,전남,강진,옴천,,전남,강진,옴천,옴천천(지방) 합류점,3.54,3.42,7.9,2.09,0.63,,전남453호 (2003.12.27 )
황곡천,탐진강,옴천천,신덕천,황곡천,,,,지방,전남,강진,옴천,,전남,강진,옴천,신덕천(지방) 합류점,2.96,2.78,9.32,0.62,0.55,1.92,전남453호 (2003.12.27 )
신월천,탐진강,옴천천,신월천,,,,,지방,전남,장흥,유치,,전남,장흥,유치,탐진댐합류점,2.83,5.59,5.2,0.11,0.70,0.09,전남453호 (2003.12.27 )
월암천,탐진강,옴천천,신월천,월암천,,,,지방,전남,장흥,유치,,전남,장흥,유치,신월천(지방) 합류점,1.8,2.25,1.5,,0.09,0.56,전남453호 (2003.12.27 )
부산천,탐진강,부산천,,,,,,지방,전남,장흥,장동,성동리,전남,장흥,부산,탐진강(국가) 합류점,8.42,11.53,35,8.03,,0.73,전남453호 (2003.12.27 )
산동천,탐진강,부산천,산동천,,,,,지방,전남,장흥,장동,하산리,전남,장흥,장동,부산천(지방) 합류점,2.44,4.67,4.1,0.36,,,전남453호 (2003.12.27 )
월곡천,탐진강,부산천,월곡천,,,,,지방,전남,장흥,장동,용곡리,전남,장흥,장동,부산천(지방) 합류점,2.38,6.04,4.3,4.76,,,전남453호 (2003.12.27 )
호계천,탐진강,부산천,호계천,,,,,지방,전남,장흥,부산,호계리,전남,장흥,부산,부산천(지방) 합류점,3.21,3.75,5.2,,,3.38,전남453호 (2003.12.27 )
금자천,탐진강,부산천,금자천,,,,,지방,전남,장흥,부산,금자리,전남,장흥,부산,부산천(지방) 합류점,3.3,3.93,6.3,2.66,,,전남453호 (2003.12.27 )
내안천,탐진강,내안천,,,,,,지방,전남,장흥,부산,내안리,전남,장흥,부산,탐진강(국가) 합류점,2.29,2.65,3.4,,,2.86,전남453호 (2003.12.27 )
부동천,탐진강,부동천,,,,,,지방,전남,장흥,장흥,삼산리,전남,장흥,장흥,탐진강(국가) 합류점,6.5,11.05,13.71,8.36,,,전남453호 (2003.12.27 )
평화천,탐진강,평화천,,,,,,지방,전남,장흥,장흥,우목리,전남,장흥,장흥,탐진강(국가) 합류점,2.74,7.17,11.6,,,3.49,전남453호 (2003.12.27 )
금강천,탐진강,금강천,,,,,,지방,전남,강진,성전,,전남,장흥,장흥,탐진강(국가)합류점,27.47,29.67,152.4,25.68,5.41,3.09,전남453호 (2003.12.27 )
월산천,탐진강,금강천,월산천,,,,,지방,전남,강진,성전,,전남,강진,성전,금강천(지방)합류점,4.13,4.56,6.7,5.81,1.08,,전남453호 (2003.12.27 )
성전천,탐진강,금강천,성전천,,,,,지방,전남,강진,성전,,전남,강진,성전,금강천(지방) 합류점,4.83,4.79,13.3,5.59,0.18,3.44,전남453호 (2003.12.27 )
삼당천,탐진강,금강천,삼당천,,,,,지방,전남,강진,작천,,전남,강진,작천,금강천(지방) 합류점,1.84,1.95,4.7,0.40,,0.71,전남453호 (2003.12.27 )
학동천,탐진강,금강천,학동천,,,,,지방,전남,강진,작천,,전남,강진,작천,금강천(지방) 합류점,6.62,12.2,26.49,6.92,1.96,1.55,전남453호 (2003.12.27 )
병영천,탐진강,금강천,병영천,,,,,지방,전남,강진,병영,,전남,강진,병영,금강천(지방) 합류점,3.22,5.2,14.02,2.77,1.35,,전남453호 (2003.12.27 )
성동천,탐진강,금강천,병영천,성동천,,,,지방,전남,강진,병영,,전남,강진,병영,병영천(지방) 합류점,1.45,1.5,12.25,0.13,,2.55,전남453호 (2003.12.27 )
성불천,탐진강,금강천,성불천,,,,,지방,전남,장흥,장흥,,전남,장흥,장흥,금강천(지방) 합류점,2.43,4.57,5.9,0.07,0.84,2.90,전남453호 (2003.12.27 )
장산천,탐진강,장산천,,,,,,지방,전남,강진,군동,장산리,전남,강진,군동,탐진강(국가) 합류점,1.06,1.16,6.4,,,1.00,전남453호 (2003.12.27 )
군동천,탐진강,군동천,,,,,,지방,전남,강진,군동,화산리,전남,강진,군동,탐진강(국가) 합류점,3.98,4.07,18.2,1.86,0.76,3.61,전남453호 (2003.12.27 )
파산천,탐진강,파산천,,,,,,지방,전남,강진,군동,파산리,전남,강진,군동,탐진강(국가) 합류점,3.31,3.29,15.5,1.03,1.18,3.10,전남453호 (2003.12.27 )
금사천,탐진강,금사천,,,,,,지방,전남,강진,군동,금사리,전남,강진,군동,탐진강(국가) 합류점,4.44,4.44,11,0.30,,3.78,전남453호 (2003.12.27 )
산정천,산정천,,,,,,,지방,전남,해남,송지,마봉105번지선 마련저수지,전남,해남,송지,산정 해안,3.3,6.6,13.25,3.57,1.30,2.10,전남453호 (2003.12.27 )
송지천,송지천,,,,,,,지방,전남,해남,송지,서정823번지선,전남,해남,송지,가차 현산천,4.76,7.71,4.2,,,12.42,전남453호 (2003.12.27 )
현산천,현산천,,,,,,,지방,전남,해남,현산,만안 산46 만안2저수지 여수로하단,전남,해남,현산,백포리백포배수갑문,15.42,17.29,92.35,0.38 ,11.48 ,,전남453호 (2003.12.27 )
고현천,현산천,고현천,,,,,,지방,전남,해남,현산,덕흥103-1번지선,전남,해남,현산,현산천(지방) 합류점,5.26,6.42,38,,0.72,2.46,전남453호 (2003.12.27 )
구산천,현산천,구산천,,,,,,지방,전남,해남,현산,황산리118-12번지선,전남,해남,현산,초호리1032-13현산천(지방)합류점,6.2,8.01,27.26,,,11.27 ,전남453호 (2003.12.27 )
조산천,현산천,구산천,조산천,,,,,지방,전남,해남,현산,조산46번지선,전남,해남,현산,구산천(지방) 합류점,2.83,3.81,3.9,,,4.03,전남453호 (2003.12.27 )
월송천,현산천,구산천,월송천,,,,,지방,전남,해남,현산,월송918-1번지선,전남,해남,현산,구산천(지방) 합류점,3.34,5.87,16.6,2.64,3.02,0.80,전남453호 (2003.12.27 )
화산천,화산천,,,,,,,지방,전남,해남,화산,연정414-2번지선,전남,해남,화산,관동 해안,5.39,7.49,15.1,1.04,1.04,8.46,전남453호 (2003.12.27 )
삼산천,삼산천,,,,,,,지방,전남,해남,삼산,평활 양촌저수지,전남,해남,삼산,고천남호,16.32,20.37,63,2.40,2.59,10.62,전남453호 (2003.12.27 )
화내천,삼산천,화내천,,,,,,지방,전남,해남,삼산,평활 1번지선,전남,해남,삼산,삼산천(지방) 합류점,1.92,5.86,4.4,0.46,0.47,,전남453호 (2003.12.27 )
대흥사천,삼산천,대흥사천,,,,,,지방,전남,해남,삼산,구림140-2 번지선,전남,해남,삼산,삼산천(지방) 합류점,5.79,7.25,11.5,1.20,,1.46,전남453호 (2003.12.27 )
구림천,삼산천,구림천,,,,,,지방,전남,해남,삼산,구림746번지선,전남,해남,삼산,삼산천(지방) 합류점,1.85,4.13,3.14,,0.81,3.00,전남453호 (2003.12.27 )
남천,남천,,,,,,,지방,전남,해남,해남,백야768번지선,전남,해남,해남,고천암호,2.73,3.37,12.1,3.65,,0.95,전남453호 (2003.12.27 )
해남천,해남천,,,,,,,지방,전남,해남,해남,해리61번지선,전남,해남,해남,고천암호,3.47,11.64,34.8,5.54,,1.25,전남453호 (2003.12.27 )
남송천,해남천,남송천,,,,,,지방,전남,해남,해남,연동리 534-14번지선,전남,해남,해남,해남천(지방) 합류점,4,5.36,11.72,,,7.05,전남453호 (2003.12.27 )
용장천,용장천,,,,,,,지방,전남,진도,군내,용장49번지선,전남,진도,고군,둔전 방파제,3.31,3.72,2.5,,1.36,3.53,전남453호 (2003.12.27 )
고군천,고군천,,,,,,,지방,전남,진도,길향,고성777번지선,전남,진도,고군,내산 방조제,3.53,9.42,13.7,,3.04,0.57,전남453호 (2003.12.27 )
오산천,고군천,오산천,,,,,,지방,전남,진도,고군,오산제방수로하단,전남,진도,고군,고군천(지방) 합류점,1.33,4.14,3.2,0.58,,1.98,전남453호 (2003.12.27 )
지수천,고군천,지수천,,,,,,지방,전남,진도,고군,오산리 산 198-1,전남,진도,고군,고군천 합류,1.59,2.38,0.91,0.77,0.50,0.16,전남453호 (2003.12.27 )
신천,신천,,,,,,,지방,전남,진도,고군,지막리 1643번지,전남,진도,고군,지막리 1787,2.46,2.91,1.89,1.90,,0.88,전남453호 (2003.12.27 )
향동천,향동천,,,,,,,지방,전남,진도,고군,향동제 방수로,전남,진도,고군,금계 해안,5,5.86,7.26,1.72,5.50,0.93,전남453호 (2003.12.27 )
초상천,초상천,,,,,,,지방,전남,진도,의신,초상제 방수로,전남,진도,의신,초평 방파제,3.6,5.13,3.5,2.53,0.33,4.21,전남453호 (2003.12.27 )
의신천,의신천,,,,,,,지방,전남,진도,의신,사천제 방수로,전남,진도,의신,도목 방파제,6.84,11.89,140,0.53,1.59,6.96,전남453호 (2003.12.27 )
옥대천,의신천,옥대천,,,,,,지방,전남,진도,의신,옥대제 방수로,전남,진도,의신,의식천(지방) 합류점,2.31,2.74,2.5,2.44,0.95,0.69,전남453호 (2003.12.27 )
청룡천,의신천,청룡천,,,,,,지방,전남,진도,의신,구계제 방수로,전남,진도,의신,의식천(지방) 합류점,2.87,3.83,2.8,,2.97,,전남453호 (2003.12.27 )
석교천,석교천,,,,,,,지방,전남,진도,임회,봉상780번지선,전남,진도,임회,쉬미제방,12.26,15.79,111.57,,12.81,2.70,전남453호 (2003.12.27 )
관마천,석교천,관마천,,,,,,지방,전남,진도,임회,구분제 방수로,전남,진도,임회,석교천(지방)합류점,1.82,3.93,3.8,,0.99,0.16,전남453호 (2003.12.27 )
고방천,석교천,고방천,,,,,,지방,전남,화순,한천,고시6번지선,전남,화순,하천,고시제 합류점,0.73,1.95,2.5,,,0.82 ,전남453호 (2003.12.27 )
지산천,석교천,지산천,,,,,,지방,전남,진도,지산,지산리 지산2저수지여수로,전남,진도,지산,지산 용계천합류,2.84,5.63,6.7,1.79,2.67,0.31,전남453호 (2003.12.27 )
임회천,석교천,임회천,,,,,,지방,전남,진도,임회,용산 저수지 방수로,전남,진도,임회,석교천(지방) 합류점,5.34,6.37,20,3.50,0.64,4.04,전남453호 (2003.12.27 )
염대천,석교천,염대천,,,,,,지방,전남,진도,의신,천망제 방수로,전남,진도,진도,석교천(지방) 합류점,6.12,7.14,13.62,,,3.05,전남453호 (2003.12.27 )
칠전천,석교천,염대천,칠전천,,,,,지방,전남,진도,의신,칠전이제,전남,진도,의신,염장천(지방)합류점,1.63,3.36,3.13,,2.18 ,,전남453호 (2003.12.27 )
고야천,석교천,고야천,,,,,,지방,전남,진도,지산,고야717번지선,전남,진도,지산,석교천(지방)합류점,5.14,5.64,10,,6.93 ,2.22 ,전남453호 (2003.12.27 )
진도천,석교천,진도천,,,,,,지방,전남,진도,진도,성죽제방수로하단,전남,진도,진도,석교천(지방) 합류점,8.24,10.31,16.81,2.82,6.33,6.94,전남453호 (2003.12.27 )
남동천,석교천,진도천,남동천,,,,,지방,전남,진도,진도,남동리 36번지선,전남,진도,진도,진도천(지방) 합류점,1.9,1.9,2.36,1.17,0.10,0.90,전남453호 (2003.12.27 )
군내천,군내천,,,,,,,지방,전남,진도,고군,고성573번지선,전남,진도,군내,수유 방조제,5.89,8.52,23,,9.39,3.06,전남453호 (2003.12.27 )
월가천,군내천,월가천,,,,,,지방,전남,진도,군내,월가26번지선,전남,진도,군내,군내천(지방) 합류점,2.95,5.47,7.4,,2.83 ,,전남453호 (2003.12.27 )
금자천,금자천,,,,,,,지방,전남,해남,마산,학의242번지선,전남,해남,황산,영암호,2.36,7.87,18.78,,,4.72 ,전남453호 (2003.12.27 )
산막천,산막천,,,,,,,지방,전남,해남,마산,장촌75번지선,전남,해남,마산,영암호,4.08,7.03,12.9,4.83,0.79,1.01,전남453호 (2003.12.27 )
옥천천,옥천천,,,,,,,지방,전남,해남,옥천,백호271번지선,전남,해남,마산,영암호,9.48,17.71,72.9,,6.49,15.22,전남453호 (2003.12.27 )
대산천,옥천천,대산천,,,,,,지방,전남,해남,옥천,대산528-2 번지선,전남,해남,옥천,옥천천(지방) 합류점,2.92,4.15,16.3,1.83,,1.10,전남453호 (2003.12.27 )
월평천,옥천천,월평천,,,,,,지방,전남,강진,도암,지석654-11번지선,전남,해남,옥천,옥천천(지방) 합류점,3.81,8.35,28.99,3.85,,2.30,전남453호 (2003.12.27 )
강정천,옥천천,월평천,강정천,,,,,지방,전남,강진,도암,만년제 방수로,전남,강진,도암,월평천(지방) 합류점,2.2,2.1,4.2,,4.40,,전남453호 (2003.12.27 )
덕평천,옥천천,월평천,강정천,덕평천,,,,지방,전남,강진,도암,강정10번지선,전남,강진,도암,강정천(지방) 합류점,0.82,1.57,1.5,1.56,,,전남453호 (2003.12.27 )
해월천,옥천천,월평천,해월천,,,,,지방,전남,강진,도암,신덕저수지 여수로,전남,해남,옥천,월평천(지방) 합류점,3.69,4.84,9.93,2.14,,4.86,전남453호 (2003.12.27 )
신평천,옥천천,월평천,해월천,신평천,,,,지방,전남,해남,계곡,신평1번지선,전남,해남,옥천,해월천(지방) 합류점,1.67,2.62,5.8,,2.28,2.13,전남453호 (2003.12.27 )
계곡천,계곡천,,,,,,,지방,전남,해남,계곡,당산1343-1번지선,전남,해남,계곡,영암호,10.32,14.03,32.2,8.64,3.12,6.84,전남453호 (2003.12.27 )
성진천,계곡천,성진천,,,,,,지방,전남,해남,계곡,성진821번지선,전남,해남,계곡,계곡천(지방) 합류점,3.48,5.02,5.2,,2.50 ,1.64 ,전남453호 (2003.12.27 )
가학천,가학천,,,,,,,지방,전남,해남,계곡,가학5의3 번지선,전남,해남,계곡,영산호,4.15,8.45,6.6,4.46,,,전남453호 (2003.12.27 )
월하천,월하천,,,,,,,지방,전남,해남,계곡,잠두2번지섭,전남,해남,계곡,영산호,1.67,5.16,6.1,1.40,,1.98,전남453호 (2003.12.27 )
춘동천,춘동천,,,,,,,지방,전남,영암,미암,미암941번지선,전남,영암,미암,남선 해안,3.75,5.49,9.5,(5.00),,,전남453호 (2003.12.27 )
남산천,춘동천,남산천,,,,,,지방,전남,영암,미암,남산41번지선,전남,영암,미암,춘동천(지방) 합류점,1.76,3.55,2.5,1.64,0.12,1.56,전남453호 (2003.12.27 )
지산천,지산천,,,,,,,지방,전남,무안,삼향,월호제 방수로,전남,무안,삼향,지산 해안,2.84,4.52,36,1.24 ,6.47 ,2.77 ,전남453호 (2003.12.27 )
청계천,청계천,,,,,,,지방,전남,무안,청계,월선766-11번지선,전남,무안,청계,청계 용계천,3.46,6.2,10.6,,3.80,0.79,전남453호 (2003.12.27 )
용계천,용계천,,,,,,,지방,전남,무안,청계,송현404-3번지선,전남,무안,청계,남성 해안,9.3,8.9,25,0.70,,8.37,전남453호 (2003.12.27 )
태봉천,태봉천,,,,,,,지방,전남,무안,청계,태봉리 30번지선(이동저수지),전남,무안,청계,청천 해안,7.1,9.44,23.03,1.93,4.87,7.00,전남453호 (2003.12.27 )
청천천,태봉천,청천천,,,,,,지방,전남,무안,무안,성남산31-5번지선 큰골저수지,전남,무안,청계,태봉천(지방) 합류점,2.75,3.56,6.2,,0.70,4.47,전남453호 (2003.12.27 )
학계천,학계천,,,,,,,지방,전남,무안,현경,양학567-2현경저수지여수로,전남,무안,현경,동산1165태봉천합류,2.76,7.17,11.59,,20.80,,전남453호 (2003.12.27 )
양간천,양간천,,,,,,,지방,전남,무안,해제,신정리2번지선,전남,무안,해제,용학 해안,4.08,4.7,20.5,5.87,,,전남453호 (2003.12.27 )
광각천,광각천,,,,,,,지방,전남,무안,현경,현화387번지선,전남,무안,현경,현화 해안,2.58,3.27,4,3.61,,3.66,전남453호 (2003.12.27 )
해운천,해운천,,,,,,,지방,전남,무안,현경,해운리산126번지선 해운제 방수로하단,전남,무안,현경,해운 해안,2.42,4.82,9.1,2.03 ,2.79 ,,전남453호 (2003.12.27 )
죽암천,죽암천,,,,,,,지방,전남,함평,함평,목교제 방수로,전남,함평,함평,주포방조제,5.04,6,19.6,,1.62,1.17,전남453호 (2003.12.27 )
북성천,북성천,,,,,,,지방,전남,함평,손불,북성제 방수로,전남,함평,손불,일공구방파제,5.1,4.88,12.53,1.08,1.56,1.49,전남453호 (2003.12.27 )
오동천,오동천,,,,,,,지방,전남,영광,염산,오동364번지선,전남,영광,염산,염산방조제,4.4,5.53,150,1.02 ,1.49 ,0.30 ,전남453호 (2003.12.27 )
불갑천,불갑천,,,,,,,지방,전남,영광,불갑,자비400번지선장동제방수로,전남,영광,염산,송암 해안,23.82,26.61,164.95,36.41 ,0.20 ,5.45 ,전남453호 (2003.12.27 )
삼학천,불갑천,삼학천,,,,,,지방,전남,영광,묘량,연안제 여수로,전남,영광,불갑,불갑저수지,5.7,13.03,31.3,1.36,,8.20,전남453호 (2003.12.27 )
월암천,불갑천,삼학천,월암천,,,,,지방,전남,영광,묘량,월암리 207-1번지선사동남천(소) 합류점,전남,영광,묘량,삼학천(지방) 합류점,3.84,9.07,8.8,1.93,0.37,3.04,전남453호 (2003.12.27 )
건무천,불갑천,건무천,,,,,,지방,전남,영광,불갑,건무153번지선,전남,영광,묘량,불갑천(지방) 합류점,6.14,7.18,9.4,8.48,,3.71,전남453호 (2003.12.27 )
월산천,불갑천,월산천,,,,,,지방,전남,영광,군서,보라504번지선,전남,영광,군서,불갑천(지방)합류점,2.68,2.8,2.8,3.21 ,,,전남453호 (2003.12.27 )
마읍천,불갑천,마읍천,,,,,,지방,전남,영광,군서,마읍리 51-14번지선사동제 방수로,전남,영광,군서,마읍리1062번지선불갑천(지방)합류점,4.11,8.35,6.01,2.39 ,5.69 ,,전남453호 (2003.12.27 )
군남천,불갑천,군남천,,,,,,지방,전남,영광,군남,용안제방수로,전남,영광,군남,불갑천(지방) 합류점,6.57,12.53,21,2.84,6.06,4.06,전남453호 (2003.12.27 )
남창천,불갑천,군남천,남창천,,,,,지방,전남,영광,군남,남창1020번지선,전남,영광,군남,군남천(지방) 합류점,2.23,4.5,3.5,,3.59,0.54,전남453호 (2003.12.27 )
학산천,불갑천,학산천,,,,,,지방,전남,영광,백수,천정215번지선,전남,영광,백수,불갑천(지방) 합류점,5.36,7.77,11.27,,6.20 ,,전남453호 (2003.12.27 )
와탄천,와탄천,,,,,,,지방,전남,영광,대마,성산 도경계,전남,영광,법성,와탄천배수갑문,25.95,,,4.41,29.69,,
성산천,와탄천,성산천,,,,,,지방,전남,영광,대마,성산리1384-5번지선,전남,영광,대마,와탄천(지방) 합류점,0.8,2.93,1.71,0.23 ,1.32 ,,전남453호 (2003.12.27 )
대마천,와탄천,대마천,,,,,,지방,전남,영광,대마,남산270번지선,전남,영광,대마,와탄천(지방) 합류점,4.32,6.51,11.3,3.79,4.34,,전남453호 (2003.12.27 )
묘량천,와탄천,묘량천,,,,,,지방,전남,영광,묘량,삼효133번지선,전남,영광,영광,와탄천(지방) 합류점,8.66,11.73,54,5.85,5.66,4.92,전남453호 (2003.12.27 )
영광천,와탄천,영광천,,,,,,지방,전남,영광, 영광,남천308번지선,전남,영광,영광,와탄천(지방)합류점,4.62,5,13.4,1.40,6.90,0.90,전남453호 (2003.12.27 )
대산천,와탄천,대산천,,,,,,지방,전남,영광,영광,"전북,전남도계",전남,영광,법성,와탄천(지방)합류점,2.9,,,,4.47,,
장수천,와탄천,장수천,,,,,,지방,전남,영광,법성,용성84번지선,전남,영광,법성,와탄천(지방) 합류점,2.75,4.38,49,1.82,1.60,2.18,전남453호 (2003.12.27 )
군서천,와탄천,송림천,군서천,,,,,지방,전남,영광,군서,만곡739번지선,전남,영광,백수,송림천(지방) 합류점,4.16,7.29,10.4,8.68,,,전남453호 (2003.12.27 )
송림천,와탄천,송림천,,,,,,지방,전남,영광,군서,신하705번지선,전남,영광,영광,와탄천(지방) 합류점,6.31,6.31,7.1,6.09,,6.08,전남453호 (2003.12.27 )
덕호천,와탄천,송림천,덕호천,,,,,지방,전남,영광,영광,단주643-6번지선,전남,영광,영광,송림천(지방) 합류점,1.38,2.56,2.29,,,2.76,전남453호 (2003.12.27 )
길용천,와탄천,길용천,,,,,,지방,전남,영광,백수,길용628번지선,전남,영광,백수,와탄천 합류점,3.17,6.25,10.08,0.52,0.49,3.95,전남453호 (2003.12.27 )
구암천,구암천,,,,,,,지방,전남,영광,홍농,"전북,전남도계",전남,영광,홍농,칠곡 해안,7.74,,,,3.05,7.10,
칠암천,구암천,칠암천,,,,,,지방,전남,영광,홍농,"전북,전남도계",전남,영광,홍농,구암천(지방)합류점,2.55,,,,,5.10,
장곡천,구암천,칠암천,장곡천,,,,,지방,전남,영광,홍농,전북.전남도계,전남,영광,홍농,칠암천(지방) 합류점,2.61,,,0.22,,1.61,
자룡천,자룡천,,,,,,,지방,전남,영광,홍농,"전북,전남도계",전남,영광,홍농,자룡리 해안,3,,,,1.10,1.86,
고란천,고란천,,,,,,,지방,전남,신안,도초,933-7번지,전남,신안,도초,외남리 563-14,4.75,,,,,,전남(2021-56호)(2021.02.18)
방월천,방월천,,,,,,,지방,전남,신안,안좌,방월리 511-1,전남,신안,안좌,구대리 1006,4.7,,,,,,전남(2021-56호)(2021.02.18)
